{
    "steps": [
        10240,
        20480,
        30720,
        40960,
        51200,
        61440,
        71680,
        81920,
        92160,
        102400,
        112640,
        122880,
        133120,
        143360,
        153600,
        163840
    ],
    "avg_episodic_reward": [
        90.44533085206436,
        123.89043719194474,
        159.1810250410091,
        239.68902102567316,
        304.50794131908157,
        361.8636368940081,
        419.05204366439705,
        711.8710573244191,
        853.1531972694177,
        907.2170739622825,
        1381.6389048916951,
        1616.9913405220288,
        5184.191766462584,
        4254.614669768066,
        3845.8081479071525,
        3681.210819450565
    ],
    "avg_episode_length": [
        9.836538461538462,
        13.411764705882353,
        17.210084033613445,
        25.936708860759495,
        32.88709677419355,
        39.01923076923077,
        45.130434782608695,
        76.5925925925926,
        91.71428571428571,
        97.47619047619048,
        148.30769230769232,
        173.54545454545453,
        556.0,
        456.6,
        412.4,
        394.8333333333333
    ]
}