{
    "steps": [
        10240,
        20480,
        30720,
        40960,
        51200,
        61440,
        71680,
        81920,
        92160,
        102400,
        112640,
        122880,
        133120,
        143360,
        153600,
        163840,
        174080,
        184320,
        194560,
        204800,
        215040,
        225280,
        235520,
        245760,
        256000,
        266240,
        276480,
        286720,
        296960,
        307200,
        317440,
        327680,
        337920,
        348160,
        358400,
        368640,
        378880,
        389120,
        399360,
        409600,
        419840,
        430080,
        440320,
        450560,
        460800,
        471040,
        481280,
        491520,
        410112,
        420352,
        430592,
        440832,
        451072,
        461312,
        471552,
        481792,
        492032,
        502272,
        512512,
        522752,
        532992,
        543232,
        553472,
        563712,
        573952,
        584192,
        594432,
        604672,
        614912,
        625152,
        635392,
        645632,
        655872,
        666112,
        676352,
        686592,
        696832,
        707072,
        717312,
        727552,
        737792,
        748032,
        758272,
        768512,
        778752,
        788992,
        799232,
        809472,
        819712,
        829952,
        840192,
        850432,
        860672,
        870912,
        881152,
        891392,
        901632,
        911872,
        922112,
        932352,
        942592,
        952832,
        963072,
        973312,
        983552,
        993792
    ],
    "avg_episodic_reward": [
        214.80300483690087,
        205.68471211333744,
        217.3117046587819,
        228.92893136559525,
        173.98560468884685,
        173.36674064149747,
        199.62792542851685,
        194.48504849761662,
        310.72392032318197,
        278.03642891109416,
        343.3661439188195,
        388.1773773377648,
        354.7037728229935,
        562.8768202446815,
        261.35835211177454,
        232.5613317017568,
        195.3959328636479,
        320.3268263909384,
        277.5567212090211,
        655.4774426852343,
        395.43218292909296,
        389.30377291614997,
        339.29804749839883,
        458.83355309477673,
        572.7155241465493,
        663.985470334654,
        412.53221444912333,
        561.923314110103,
        718.7619727943883,
        null,
        864.6876681474027,
        635.1319078679478,
        752.8741039892202,
        643.4310456976067,
        883.5919290789276,
        694.1342939057432,
        1119.077964804102,
        848.7612270783752,
        899.7189917991088,
        795.1440150755707,
        2166.7007997580013,
        null,
        1272.6460963734314,
        731.7614814387797,
        1265.6359064691558,
        2202.833398638382,
        1137.7579384321575,
        782.8702032315988,
        null,
        798.3986217936867,
        666.2102253238777,
        1403.9335050177701,
        860.3797226565173,
        null,
        542.8285762948651,
        943.5217047347943,
        786.674324169541,
        776.468076622166,
        815.6202882338073,
        850.3182057936114,
        946.5123913983646,
        779.8310174010076,
        1505.2778979431253,
        1182.9426408677164,
        null,
        1088.3162173652352,
        1003.3979710228333,
        656.2818211726935,
        903.4481888324406,
        431.2179505233939,
        1045.6763552665398,
        1052.3201497737996,
        974.0628628016386,
        722.3178690777834,
        762.5661516616647,
        789.5263774580662,
        1319.2592004807948,
        2739.2903761594725,
        1522.053729355531,
        1358.6520282604633,
        1285.786423483348,
        911.0474437196374,
        835.3988900520754,
        764.9098963619898,
        700.570034695925,
        839.3791507391679,
        1438.4066604973955,
        629.2787028928609,
        1981.5742004124422,
        1652.760765812667,
        1053.8887268238377,
        751.541998385421,
        907.9761608379607,
        704.3974862908068,
        750.7458843613878,
        821.0160911684382,
        903.4908422901923,
        763.2074999236976,
        983.3640082789041,
        833.1462243208313,
        578.14722698682,
        601.7581858311663,
        602.375894545735,
        641.3868820377447,
        914.0123166576607,
        855.2201028108684
    ],
    "avg_episode_length": [
        96.83333333333333,
        96.2,
        101.4,
        108.8,
        88.28571428571429,
        89.83333333333333,
        102.0,
        96.0,
        177.5,
        148.0,
        174.0,
        181.5,
        181.0,
        280.0,
        139.75,
        116.8,
        136.0,
        212.5,
        163.33333333333334,
        390.0,
        189.66666666666666,
        166.5,
        151.66666666666666,
        187.0,
        265.5,
        280.0,
        192.0,
        221.0,
        253.66666666666666,
        null,
        287.0,
        227.5,
        257.5,
        199.0,
        279.5,
        232.0,
        358.0,
        292.0,
        300.5,
        252.5,
        740.0,
        null,
        407.0,
        222.33333333333334,
        402.0,
        680.0,
        349.5,
        248.5,
        null,
        254.5,
        249.33333333333334,
        438.5,
        324.0,
        null,
        190.0,
        307.5,
        261.0,
        259.5,
        281.0,
        260.0,
        295.5,
        286.0,
        499.0,
        381.0,
        null,
        335.0,
        293.0,
        228.5,
        296.0,
        172.0,
        340.5,
        382.0,
        313.0,
        223.5,
        244.0,
        264.0,
        423.0,
        906.0,
        497.0,
        435.0,
        425.0,
        307.5,
        255.5,
        236.0,
        219.5,
        256.0,
        470.5,
        235.5,
        648.0,
        577.0,
        370.0,
        236.0,
        282.5,
        219.33333333333334,
        226.5,
        248.0,
        278.0,
        228.5,
        322.5,
        265.3333333333333,
        183.66666666666666,
        195.33333333333334,
        187.0,
        202.33333333333334,
        282.0,
        255.0
    ]
}