{
    "steps": [
        10373,
        20427,
        31333,
        42180,
        53571,
        64271,
        74613,
        85236,
        95686,
        106787,
        118760,
        130833,
        142443,
        154612,
        167001,
        179670,
        191295,
        201667,
        213892,
        225149,
        237215,
        248191,
        260446,
        271827,
        283703,
        296281,
        308132,
        321191,
        331670,
        343649,
        356667,
        369635,
        380711,
        394874,
        405335,
        417241,
        428359,
        440223,
        452381,
        470798,
        489521,
        499981,
        510742,
        521091,
        532414,
        544094,
        565862,
        578190,
        599896,
        611313,
        622131,
        632835,
        654686,
        675573,
        685844,
        706645,
        717858,
        729724,
        741673,
        754120,
        767363,
        780387,
        794814,
        808054,
        821124,
        833302,
        847919,
        861493,
        875545,
        891187,
        904468,
        916403,
        930279,
        944113,
        957991,
        971412,
        985829,
        999767,
        984930,
        1040096
    ],
    "avg_episodic_reward": [
        22.746241849068493,
        65.461077206902,
        130.72348615776622,
        137.05109801219365,
        118.81459450270603,
        229.05049706744438,
        190.21203932020057,
        238.98720621087122,
        201.95394200838373,
        259.77775539820647,
        252.85652376783045,
        263.7309008024939,
        275.1625145220223,
        254.9021601972068,
        319.8448419571971,
        273.70503108939,
        304.7281986243976,
        320.91891530147274,
        296.9711094999569,
        264.634677139411,
        275.2307836700175,
        307.9058906071845,
        311.28884002036057,
        316.17496768386934,
        301.39682902473226,
        298.16276151136947,
        287.8495317062219,
        363.57358229737946,
        357.6370954346543,
        295.4740638088409,
        316.06859928856016,
        318.45860056557717,
        366.76247753244434,
        400.3530653948849,
        388.70931323161994,
        524.6186062605422,
        419.16109682869705,
        509.76550313556146,
        474.9315724210528,
        684.1215426517515,
        653.5173136644239,
        724.5043972988466,
        751.5808927840342,
        711.1208795179768,
        778.9089728190643,
        807.6526051868775,
        855.2007724440264,
        843.8855871104594,
        791.5462889576515,
        770.2045822318988,
        740.6271895762359,
        736.665605376462,
        812.7836516075467,
        779.2497151477676,
        722.3482720008296,
        765.3539753742807,
        756.742443242577,
        791.3361699230383,
        820.3090965933504,
        824.5874511084684,
        867.9717094111168,
        853.5273619641222,
        918.7965700887698,
        849.9810038637269,
        841.5646125118301,
        801.301395397454,
        938.9880211163187,
        873.2682932356345,
        898.5247506423548,
        993.7442097673735,
        851.7241747844355,
        796.3320006915321,
        882.5198265002615,
        905.2965313635042,
        898.9308264352183,
        871.9484241036191,
        924.807815567437,
        904.8731486315401,
        885.9485381939969,
        890.0540004412735
    ],
    "avg_episode_length": [
        51.9375,
        80.9375,
        139.125,
        151.8125,
        144.875,
        186.625,
        148.75,
        152.875,
        149.0625,
        179.375,
        184.6875,
        190.625,
        186.1875,
        202.25,
        216.875,
        200.8125,
        181.5625,
        212.25,
        175.3125,
        181.5625,
        177.25,
        184.6875,
        189.625,
        209.0625,
        177.8125,
        191.4375,
        195.0,
        255.0,
        236.8125,
        174.25,
        210.125,
        197.5,
        260.0625,
        296.875,
        288.8125,
        403.6875,
        304.8125,
        389.6875,
        362.0625,
        600.3125,
        565.4375,
        653.75,
        672.5625,
        646.8125,
        707.6875,
        730.0,
        814.8125,
        770.5,
        742.6875,
        713.5625,
        676.125,
        669.0,
        754.5,
        707.125,
        641.9375,
        693.5625,
        700.8125,
        741.625,
        746.8125,
        777.9375,
        827.6875,
        814.0,
        901.6875,
        827.5,
        816.875,
        761.125,
        913.5625,
        848.375,
        878.25,
        977.625,
        830.0625,
        745.9375,
        867.25,
        864.625,
        867.375,
        838.8125,
        901.0625,
        871.125,
        853.921875,
        861.96875
    ]
}