{
    "steps": [
        16000,
        32000,
        48000,
        64000,
        80000,
        96000,
        112000,
        128000,
        144000,
        160000,
        176000,
        192000,
        208000,
        224000,
        240000,
        256000,
        272000,
        288000,
        304000,
        320000,
        336000,
        352000,
        368000,
        384000,
        400000,
        416000,
        432000,
        448000,
        464000,
        480000,
        496000,
        512000,
        528000,
        544000,
        560000,
        576000,
        592000,
        608000,
        624000,
        640000,
        656000,
        672000,
        688000,
        704000,
        720000,
        736000,
        752000,
        768000,
        784000,
        800000,
        816000,
        832000,
        848000,
        864000,
        880000,
        896000,
        912000,
        928000,
        944000,
        960000,
        976000,
        992000,
        1008000
    ],
    "avg_episodic_reward": [
        -247.633574000383,
        -241.04295499079234,
        -254.5080656274975,
        -233.80040132470245,
        -226.00075078424567,
        -238.86574441366022,
        -226.29863284057691,
        -214.92122187014564,
        -210.66938636128287,
        -202.34630177478758,
        -203.9643951594549,
        -183.5176188375366,
        -185.1532280143502,
        -194.6923657305185,
        -172.78324027677888,
        -170.47750277483527,
        -140.66118416960256,
        -164.02780005502473,
        -139.6462657593395,
        -138.04852245735933,
        -135.6603942058453,
        -136.90525645519068,
        -135.15237353570149,
        -141.00682453452941,
        -127.51490705829991,
        -122.46577536110269,
        -138.10788902593814,
        -101.87461734752574,
        -103.16832877517722,
        -112.78704291301369,
        -103.52674022036013,
        -94.66732572733407,
        -98.56369202313975,
        -106.14324981058847,
        -115.03032297410024,
        -83.91363948929344,
        -69.1074514996632,
        -102.40684925748695,
        -104.847993524655,
        -97.67593657400903,
        -89.1637183048229,
        -95.67486362182002,
        -100.4685115722738,
        -71.78227095944118,
        -68.25729558588633,
        -57.70592748401256,
        -58.46509469640881,
        -70.77403379162733,
        -80.5204919432196,
        -51.84466370443329,
        -49.48771401133938,
        -41.669919167210644,
        -64.37455642796493,
        -39.65374544410539,
        -61.006302778050184,
        -68.17970965858817,
        -52.27107322664348,
        -58.89276726815416,
        -57.551203598934684,
        -41.02436724165109,
        -46.125359973484706,
        -20.558654380848942,
        -40.64889017078843
    ],
    "avg_episode_length": [
        1000.0,
        1000.0,
        1000.0,
        1000.0,
        1000.0,
        1000.0,
        1000.0,
        1000.0,
        1000.0,
        1000.0,
        1000.0,
        1000.0,
        1000.0,
        1000.0,
        1000.0,
        1000.0,
        1000.0,
        1000.0,
        1000.0,
        1000.0,
        1000.0,
        1000.0,
        1000.0,
        1000.0,
        1000.0,
        1000.0,
        1000.0,
        1000.0,
        1000.0,
        1000.0,
        1000.0,
        1000.0,
        1000.0,
        1000.0,
        1000.0,
        1000.0,
        1000.0,
        1000.0,
        1000.0,
        1000.0,
        1000.0,
        1000.0,
        1000.0,
        1000.0,
        1000.0,
        1000.0,
        1000.0,
        1000.0,
        1000.0,
        1000.0,
        1000.0,
        1000.0,
        1000.0,
        1000.0,
        1000.0,
        1000.0,
        1000.0,
        1000.0,
        1000.0,
        1000.0,
        1000.0,
        1000.0,
        1000.0
    ]
}