{
    "steps": [
        10035,
        20139,
        30195,
        40235,
        50537,
        60708,
        70734,
        81070,
        91318,
        101703,
        112248,
        122281,
        132978,
        143177,
        153440,
        164050,
        174604,
        185392,
        196095,
        206708,
        216940,
        227198,
        237555,
        248805,
        259444,
        269700,
        280647,
        290656,
        301529,
        311690,
        322828,
        333154,
        345848,
        357162,
        369716,
        380040,
        392442,
        403179,
        414987,
        427803,
        440597,
        451104,
        462161,
        473929,
        485140,
        495999,
        506330,
        517491,
        528795,
        539893,
        551057,
        562532,
        574158,
        585217,
        595718,
        606653,
        617311,
        628603,
        639966,
        651790,
        663194,
        673818,
        685515,
        696157,
        707563,
        719487,
        729782,
        741359,
        752146,
        763237,
        774635,
        785780,
        797045,
        808807,
        820608,
        832149,
        843285,
        855060,
        866270,
        877465,
        889022,
        900651,
        911811,
        923514,
        934978,
        946566,
        957929,
        969250,
        980539,
        992220,
        1003818
    ],
    "avg_episodic_reward": [
        109.65422845906787,
        65.62248618356993,
        94.23949302767349,
        111.17283524081898,
        142.40393198819106,
        175.4188605642398,
        162.22036167708205,
        218.53368382135483,
        163.7044954088741,
        184.71091086763937,
        261.92142945523483,
        260.81857452719134,
        312.0992523916713,
        278.49097486880316,
        368.253048477124,
        307.36655246413045,
        266.20626989109127,
        414.98047330692924,
        395.7972630415668,
        456.8275400528714,
        476.41100528236274,
        498.4184313529471,
        101.93694988750168,
        483.3572969610369,
        149.58333956359348,
        543.5342102088489,
        429.40604272554856,
        649.805773472634,
        548.0380268421063,
        764.3075422908726,
        649.3873855982647,
        573.5880907672887,
        769.0127334279355,
        583.1552343321255,
        1009.4885280654988,
        662.3266155865567,
        838.1793709273095,
        917.0759991277475,
        1029.6326683894888,
        802.9458104297181,
        914.3073724897797,
        918.985783438601,
        988.0511355149779,
        679.2118615744025,
        977.2306711064994,
        1015.2447689477049,
        707.2804688588717,
        921.8188374405306,
        1119.4773642683963,
        949.0834203692326,
        1029.192424496782,
        1031.7433684892617,
        1068.3222110274862,
        1008.8145652824284,
        973.9180581146195,
        1080.0805894140076,
        1059.0372474386002,
        1050.4753205603697,
        1025.1818414981044,
        1095.739120842261,
        1085.394329538456,
        997.9817698856077,
        1081.391761651792,
        983.3785462342049,
        1045.2206043866427,
        1065.9223091344688,
        1098.4318722470985,
        1084.7081441556732,
        1075.538421942074,
        1107.6316519839552,
        1078.4682608382134,
        964.8327729174598,
        1075.6686934127863,
        1082.467093677415,
        1088.3583383403568,
        1104.1795488726914,
        1096.9062110586765,
        1109.9631560923694,
        1101.4705923531476,
        1075.4988381547234,
        1098.6065879771666,
        1118.127375616351,
        1051.6425941385787,
        1067.4039972302626,
        1099.2219046600878,
        1092.0675486993582,
        1040.9207155557224,
        1095.2131200312074,
        1063.3600043583688,
        1113.64609570359,
        1057.3919407248384
    ],
    "avg_episode_length": [
        60.5,
        40.75,
        53.0,
        65.25,
        83.75,
        98.25,
        84.25,
        105.25,
        98.5,
        104.0,
        147.0,
        172.25,
        223.75,
        190.75,
        251.75,
        229.5,
        203.5,
        290.25,
        303.0,
        323.75,
        334.25,
        366.5,
        129.0,
        345.0,
        175.75,
        511.5,
        392.5,
        648.0,
        492.25,
        685.25,
        502.25,
        463.5,
        688.25,
        441.75,
        922.5,
        620.75,
        749.5,
        797.5,
        965.75,
        766.5,
        857.5,
        867.75,
        921.25,
        698.0,
        821.75,
        1000.0,
        692.75,
        823.0,
        972.5,
        836.75,
        891.25,
        868.75,
        949.0,
        864.25,
        818.75,
        992.5,
        897.75,
        982.0,
        939.5,
        956.0,
        1000.0,
        838.75,
        996.75,
        851.25,
        946.5,
        981.0,
        974.0,
        978.75,
        962.75,
        970.75,
        936.75,
        804.0,
        948.5,
        940.5,
        950.25,
        976.0,
        969.25,
        987.5,
        1000.0,
        932.75,
        963.75,
        1000.0,
        888.25,
        1000.0,
        991.75,
        999.0,
        873.0,
        955.5,
        1000.0,
        986.5,
        1000.0
    ]
}