{
    "steps": [
        12000,
        24000,
        36000,
        48000,
        60000,
        72000,
        84000,
        96000,
        108000,
        120000,
        132000,
        144000,
        156000,
        168000,
        180000,
        192000,
        204000,
        216000,
        228000,
        240000,
        252000,
        264000,
        276000,
        288000,
        300000,
        312000,
        324000,
        336000,
        348000,
        360000,
        372000,
        384000,
        396000,
        408000,
        420000,
        432000,
        444000,
        456000,
        468000,
        480000,
        492000,
        504000,
        516000,
        528000,
        540000,
        552000,
        564000,
        576000,
        588000,
        600000,
        612000,
        624000,
        636000,
        648000,
        660000,
        672000,
        684000,
        696000,
        708000,
        720000,
        732000,
        744000,
        756000,
        768000,
        780000,
        792000,
        804000,
        816000,
        828000,
        840000,
        852000,
        864000,
        876000
    ],
    "avg_episodic_reward": [
        -275.0183068369576,
        -296.4277923529357,
        -274.1311150537744,
        -166.08710666111722,
        -254.5529585835275,
        -318.5129905621157,
        -231.50687918078825,
        -223.82800549748617,
        -298.6194659524561,
        -196.90112307073088,
        -242.0271000065213,
        -199.92580830489976,
        -191.58096981121815,
        -260.4313840208422,
        -183.96684523516308,
        -150.08134996418127,
        -243.37680635091678,
        -203.17303031047163,
        -244.73090572424644,
        -169.88569384003182,
        -220.7440859904502,
        -180.12767838373748,
        -187.83745277769117,
        -213.9727328572513,
        -93.54385361259529,
        -114.99477366038975,
        -130.52457926285982,
        -76.47091312838097,
        -132.37432517026696,
        -127.26225664208644,
        -56.48708483610548,
        -92.06689786294902,
        -78.0391784649641,
        -121.29226689840857,
        -155.7873525903902,
        -139.24825396887738,
        -109.3925891020593,
        -137.64782987924568,
        -120.54467897644884,
        -147.95585137508905,
        -81.00301294844982,
        -70.87683059522898,
        -108.89730486742855,
        -116.53033149569843,
        -115.55985542163997,
        -124.18071578298432,
        -92.25332309206314,
        -95.51741876314415,
        -108.01188659759237,
        -60.92427346514373,
        -108.37444309986324,
        -92.89795246013166,
        -93.84617696797532,
        -77.89340188847461,
        -102.11252315879695,
        -116.20401320088396,
        -43.81801942492089,
        -37.41361543192812,
        -113.04850003494887,
        -79.48968866043909,
        -83.41576399352259,
        -104.72591650216484,
        -70.33968635207557,
        -59.493902045460594,
        -106.61671923403998,
        -80.88980204379263,
        -70.45825922671213,
        -40.04007910737489,
        -34.164917731173894,
        -19.381261834252047,
        -57.80874667554057,
        -17.170025492170822,
        -101.7481380350677
    ],
    "avg_episode_length": [
        1000.0,
        1000.0,
        1000.0,
        1000.0,
        1000.0,
        1000.0,
        1000.0,
        1000.0,
        1000.0,
        1000.0,
        1000.0,
        1000.0,
        1000.0,
        1000.0,
        1000.0,
        1000.0,
        1000.0,
        1000.0,
        1000.0,
        1000.0,
        1000.0,
        1000.0,
        1000.0,
        1000.0,
        1000.0,
        1000.0,
        1000.0,
        1000.0,
        1000.0,
        1000.0,
        1000.0,
        1000.0,
        1000.0,
        1000.0,
        1000.0,
        1000.0,
        1000.0,
        1000.0,
        1000.0,
        1000.0,
        1000.0,
        1000.0,
        1000.0,
        1000.0,
        1000.0,
        1000.0,
        1000.0,
        1000.0,
        1000.0,
        1000.0,
        1000.0,
        1000.0,
        1000.0,
        1000.0,
        1000.0,
        1000.0,
        1000.0,
        1000.0,
        1000.0,
        1000.0,
        1000.0,
        1000.0,
        1000.0,
        1000.0,
        1000.0,
        1000.0,
        1000.0,
        1000.0,
        1000.0,
        1000.0,
        1000.0,
        1000.0,
        1000.0
    ]
}