{
    "steps": [
        10240,
        20480,
        30720,
        40960,
        51200,
        61440,
        71680,
        81920,
        92160,
        102400,
        112640,
        122880,
        133120,
        143360,
        153600,
        163840,
        174080,
        184320,
        194560,
        204800,
        215040,
        225280,
        235520,
        245760,
        256000,
        266240,
        276480,
        286720,
        296960,
        307200,
        317440,
        327680,
        337920,
        348160,
        358400,
        368640,
        378880,
        389120,
        399360,
        409600,
        419840,
        430080,
        440320,
        450560,
        460800,
        471040,
        481280,
        491520,
        501760,
        512000,
        522240,
        532480,
        542720,
        552960,
        563200,
        573440,
        583680,
        593920,
        604160,
        614400,
        624640,
        634880,
        645120,
        655360,
        665600,
        675840,
        686080,
        696320,
        706560,
        716800,
        727040,
        737280,
        747520,
        757760,
        768000,
        778240,
        788480,
        798720,
        808960
    ],
    "avg_episodic_reward": [
        23.17900972287559,
        29.54192573852527,
        34.668302797274535,
        37.86789340492578,
        39.4244883184783,
        39.18123544650845,
        39.31612357466763,
        40.85365065083669,
        39.765587551857955,
        37.691124591032064,
        39.99232120652712,
        35.572338600345724,
        37.05422790429898,
        37.25880544101072,
        36.99531965243301,
        34.18210755066973,
        37.16532781690176,
        37.07824900617905,
        36.05099419761139,
        36.83627419680498,
        37.00746442335894,
        37.25065740313724,
        38.83354683221665,
        38.48302132669502,
        40.45964638868051,
        36.47029085154698,
        36.657072253953466,
        40.80132379320915,
        42.73962335243117,
        46.06008651617013,
        37.71421818979202,
        44.86294769529012,
        50.43908290822492,
        52.4342206867397,
        42.86550728961912,
        39.82258824074913,
        45.06834753725604,
        48.650944596159086,
        39.56806128970668,
        55.75548851077685,
        48.71039227888855,
        46.577956487259144,
        50.35081296429221,
        59.9491081664741,
        66.27788926357978,
        51.892539234632416,
        61.79248451531956,
        56.08373313769735,
        53.01665865300454,
        53.47061247058347,
        56.39707314455917,
        64.77595653204601,
        65.1848591173061,
        66.4422372457201,
        67.52188010261472,
        63.71508574056945,
        58.510953093826004,
        75.09375419300923,
        73.58006494291314,
        77.49123376331667,
        82.80520851845313,
        77.51974355267348,
        81.05436442798602,
        87.92238047007325,
        83.4049705462511,
        84.25956519275603,
        70.26402234933417,
        73.37356592511583,
        81.72982100850533,
        79.02109184917583,
        82.37037387638166,
        94.07349267912849,
        53.19705751531688,
        96.50880161803568,
        92.29984780649943,
        55.219848258971275,
        61.20027878795803,
        80.76990655241764,
        79.11938574279279
    ],
    "avg_episode_length": [
        1000.0,
        1000.0,
        1000.0,
        1000.0,
        1000.0,
        1000.0,
        1000.0,
        1000.0,
        1000.0,
        1000.0,
        1000.0,
        1000.0,
        1000.0,
        1000.0,
        1000.0,
        1000.0,
        1000.0,
        1000.0,
        1000.0,
        1000.0,
        1000.0,
        1000.0,
        1000.0,
        1000.0,
        1000.0,
        1000.0,
        1000.0,
        1000.0,
        1000.0,
        1000.0,
        1000.0,
        1000.0,
        1000.0,
        1000.0,
        1000.0,
        1000.0,
        1000.0,
        1000.0,
        1000.0,
        1000.0,
        1000.0,
        1000.0,
        1000.0,
        1000.0,
        1000.0,
        1000.0,
        1000.0,
        1000.0,
        1000.0,
        1000.0,
        1000.0,
        1000.0,
        1000.0,
        1000.0,
        1000.0,
        1000.0,
        1000.0,
        1000.0,
        1000.0,
        1000.0,
        1000.0,
        1000.0,
        1000.0,
        1000.0,
        1000.0,
        1000.0,
        1000.0,
        1000.0,
        1000.0,
        1000.0,
        1000.0,
        1000.0,
        1000.0,
        1000.0,
        1000.0,
        1000.0,
        1000.0,
        1000.0,
        1000.0
    ]
}