{
    "steps": [
        10240,
        20480,
        30720,
        40960,
        51200,
        61440,
        71680,
        81920,
        92160,
        102400,
        112640,
        122880,
        133120,
        143360,
        153600,
        163840,
        174080,
        184320,
        194560,
        204800,
        215040,
        225280,
        235520,
        245760,
        256000,
        266240,
        276480,
        286720,
        296960,
        307200,
        317440,
        327680,
        337920,
        348160,
        358400,
        368640,
        378880,
        389120,
        399360,
        409600,
        419840,
        430080,
        440320,
        450560,
        460800,
        471040,
        481280,
        491520,
        501760,
        512000,
        522240,
        532480,
        542720,
        552960,
        563200,
        573440,
        583680,
        593920,
        604160,
        614400,
        624640,
        634880,
        645120,
        655360,
        665600,
        675840,
        686080,
        696320,
        706560,
        716800,
        727040,
        737280,
        747520,
        757760,
        768000,
        778240,
        788480,
        798720,
        808960,
        819200,
        829440,
        839680,
        849920,
        860160,
        870400,
        880640,
        890880,
        901120,
        911360,
        921600,
        931840,
        942080,
        952320,
        962560,
        972800,
        983040,
        993280
    ],
    "avg_episodic_reward": [
        -356.5099341678278,
        -330.03455551680406,
        -294.9179448480007,
        -402.2439467965563,
        -256.1116806534869,
        -287.8824552955545,
        -235.50463267514212,
        -225.35694187496676,
        -160.66805263627256,
        -155.84416830514712,
        -174.71477401264576,
        -67.04194666823284,
        -78.39242911200537,
        61.41313563744636,
        54.22212422063251,
        186.417437035913,
        170.3669433128568,
        302.3832666847803,
        -199.44480584266734,
        415.1229214687724,
        273.78191557232844,
        317.2195949744602,
        651.472229038578,
        600.8713956564468,
        335.5201863396566,
        701.5642214834143,
        769.925140432122,
        452.7937746893059,
        810.8890776870446,
        866.5915220732734,
        787.3691026081772,
        793.2728455083176,
        906.3038548737253,
        613.7699875809782,
        929.5387200269208,
        914.2996910487825,
        1004.5645314443725,
        1010.7023639197022,
        1151.5115543086613,
        868.2427150745982,
        339.047488192276,
        1130.038969420088,
        961.36029476975,
        1185.581609900177,
        814.8473163085994,
        1174.2617190089013,
        1117.557553893321,
        1171.5697798461592,
        1057.6341562751193,
        1051.9648742001607,
        1076.9158622634527,
        1226.4679632947493,
        927.2357652380654,
        1151.8314332191756,
        1079.5368107232289,
        1193.9740331373064,
        1185.8406678912247,
        1181.1448280410586,
        1150.6361191963238,
        1208.0004140361166,
        1219.8745752498398,
        1076.2371105464097,
        1173.233792540297,
        1184.9462308281513,
        1114.9429877174116,
        1256.272584906557,
        1193.7881121010532,
        1146.677722591964,
        1192.5166539330723,
        1302.5850958270694,
        1262.105219315604,
        1249.960026168052,
        1297.742246643878,
        1246.8885684052495,
        1148.7217997219152,
        1201.5709732095693,
        1303.0140117020264,
        1107.6762730139044,
        1233.5953428256234,
        1355.6363562964286,
        1254.8561202852638,
        1200.3991783924234,
        1327.4776727737212,
        1290.989758244179,
        1193.1795266855688,
        1202.1020696900032,
        1252.8968472973959,
        1438.6424208272924,
        1370.3170178669056,
        1286.240697346805,
        1005.9368241984191,
        1200.3973312498504,
        1231.5093424372194,
        1306.1780012166644,
        1248.2478057877847,
        1216.9068858206704,
        1268.9296871297604
    ],
    "avg_episode_length": [
        1000.0,
        1000.0,
        1000.0,
        1000.0,
        1000.0,
        1000.0,
        1000.0,
        1000.0,
        1000.0,
        1000.0,
        1000.0,
        1000.0,
        1000.0,
        1000.0,
        1000.0,
        1000.0,
        1000.0,
        1000.0,
        1000.0,
        1000.0,
        1000.0,
        1000.0,
        1000.0,
        1000.0,
        1000.0,
        1000.0,
        1000.0,
        1000.0,
        1000.0,
        1000.0,
        1000.0,
        1000.0,
        1000.0,
        1000.0,
        1000.0,
        1000.0,
        1000.0,
        1000.0,
        1000.0,
        1000.0,
        1000.0,
        1000.0,
        1000.0,
        1000.0,
        1000.0,
        1000.0,
        1000.0,
        1000.0,
        1000.0,
        1000.0,
        1000.0,
        1000.0,
        1000.0,
        1000.0,
        1000.0,
        1000.0,
        1000.0,
        1000.0,
        1000.0,
        1000.0,
        1000.0,
        1000.0,
        1000.0,
        1000.0,
        1000.0,
        1000.0,
        1000.0,
        1000.0,
        1000.0,
        1000.0,
        1000.0,
        1000.0,
        1000.0,
        1000.0,
        1000.0,
        1000.0,
        1000.0,
        1000.0,
        1000.0,
        1000.0,
        1000.0,
        1000.0,
        1000.0,
        1000.0,
        1000.0,
        1000.0,
        1000.0,
        1000.0,
        1000.0,
        1000.0,
        1000.0,
        1000.0,
        1000.0,
        1000.0,
        1000.0,
        1000.0,
        1000.0
    ]
}