{
    "steps": [
        10160,
        20301,
        30359,
        40566,
        50768,
        60886,
        71175,
        81389,
        91421,
        101791,
        112373,
        122626,
        132887,
        143095,
        153480,
        163700,
        174291,
        184963,
        195054,
        205393,
        216093,
        227654,
        239136,
        250289,
        260677,
        270967,
        282825,
        294719,
        304840,
        317637,
        329371,
        340953,
        351812,
        364370,
        377088,
        387354,
        398730,
        411664,
        422353,
        435346,
        445962,
        457198,
        467517,
        478027,
        488202,
        498672,
        510478,
        522114,
        533822,
        545467,
        557002,
        568796,
        580337,
        592143,
        603813,
        615615,
        625634,
        636771,
        648187,
        658876,
        670876,
        682104,
        693374,
        705273,
        716694,
        728694,
        740541,
        752319,
        764011,
        776011,
        787295,
        799146,
        810665,
        822271,
        833953,
        845813,
        857732,
        869470,
        880483,
        892103,
        903161,
        914912,
        926488,
        938425,
        949993,
        961722,
        973434,
        985049,
        996232
    ],
    "avg_episodic_reward": [
        49.58441643524786,
        132.52034094466512,
        95.47449156522087,
        104.29700138789303,
        101.77117104855034,
        150.89915710418705,
        183.0422101894133,
        171.04699735878506,
        166.64627128834022,
        195.1682042047056,
        242.45509286001808,
        211.01962810950403,
        158.13374882652528,
        260.0868826237365,
        283.119151656183,
        259.55372496084925,
        273.99379193120575,
        338.0431106407409,
        298.09913457991854,
        337.8565163835381,
        440.4096826063349,
        646.2294118598768,
        432.3171015160408,
        431.9894890255617,
        521.1889458848495,
        552.9141263895443,
        689.1620110105947,
        861.94414359339,
        743.7061644011901,
        931.7679251989165,
        786.4649837098531,
        886.8388510759248,
        982.2229186210384,
        758.6822694233707,
        781.2388708545027,
        869.49980538191,
        678.0663627158714,
        1001.6580627443353,
        811.6000418173395,
        904.1375390544498,
        958.2087078050071,
        1004.1130141070686,
        831.2207047339244,
        877.6426382960371,
        998.490706870999,
        1000.500540875534,
        1035.1808917419999,
        981.6176591371109,
        1019.3891699979533,
        1015.4557838197634,
        952.3141954928965,
        1012.5266210561149,
        1014.6935427006972,
        1039.1671375772935,
        1035.4828540809099,
        1043.8427903140184,
        974.9491939096528,
        1025.4168043165316,
        988.7388863761344,
        1022.0940794357634,
        1050.4900024472352,
        965.8397420014643,
        975.258940108877,
        1031.8456530412059,
        958.4490907601252,
        1041.8659411928777,
        1049.7820964118998,
        1041.0793135532106,
        1045.421086184393,
        1051.331171189247,
        1007.6312603295021,
        1044.0178487908897,
        987.4622653452539,
        1047.9480151520524,
        1055.9287368984435,
        1067.3413690680834,
        1044.6553415796047,
        1052.7793367452564,
        1061.4517709426784,
        1073.0485633492628,
        1041.8570064954342,
        1058.7851657528884,
        1053.6018565164595,
        1052.1306133247167,
        1060.722284373996,
        1059.374453162901,
        1050.1718187968618,
        1049.0605978838764,
        993.8491575395734
    ],
    "avg_episode_length": [
        50.5,
        104.75,
        62.0,
        77.75,
        77.25,
        95.0,
        116.0,
        98.5,
        107.5,
        131.5,
        167.25,
        143.0,
        104.5,
        179.25,
        197.5,
        173.5,
        188.25,
        240.5,
        228.0,
        244.75,
        364.5,
        566.25,
        405.75,
        414.5,
        478.25,
        491.75,
        622.75,
        845.75,
        722.25,
        852.75,
        717.25,
        812.5,
        966.75,
        774.5,
        694.25,
        821.0,
        695.25,
        972.25,
        785.25,
        853.0,
        882.25,
        1000.0,
        763.0,
        879.25,
        1000.0,
        959.5,
        988.25,
        925.0,
        951.25,
        1000.0,
        933.0,
        948.5,
        1000.0,
        992.75,
        1000.0,
        1000.0,
        897.5,
        1000.0,
        944.0,
        1000.0,
        1000.0,
        920.0,
        953.0,
        1000.0,
        925.0,
        1000.0,
        998.5,
        1000.0,
        982.0,
        1000.0,
        914.75,
        1000.0,
        879.75,
        1000.0,
        973.0,
        1000.0,
        1000.0,
        1000.0,
        994.25,
        998.0,
        1000.0,
        1000.0,
        1000.0,
        1000.0,
        1000.0,
        1000.0,
        1000.0,
        1000.0,
        888.25
    ]
}