{
    "steps": [
        10527,
        21143,
        32212,
        42772,
        53344,
        64208,
        75526,
        86440,
        97997,
        109386,
        121402,
        132509,
        144183,
        154814,
        167849,
        181505,
        195408,
        206702,
        217242,
        228761,
        239491,
        252749,
        268488,
        284329,
        300084,
        317242,
        328739,
        339075,
        350084,
        370065,
        380695,
        394404,
        407158,
        420772,
        432369,
        446514,
        460298,
        473504,
        489245,
        501748,
        517449,
        531903,
        546418,
        561697,
        576716,
        592468,
        606770,
        622660,
        636988,
        652241,
        668241,
        682390,
        698037,
        713986,
        727093,
        742856,
        757596,
        773288,
        787372,
        801958,
        817434,
        833362,
        845905,
        861689,
        876692,
        892500,
        906789,
        922488,
        938314,
        951890,
        967574,
        980363,
        995499,
        1010379
    ],
    "avg_episodic_reward": [
        80.3151080189057,
        103.0049313011653,
        99.24618112731548,
        129.5579084450214,
        162.39518051546264,
        172.7989675623253,
        199.90757219737094,
        215.1037319042867,
        243.30521054180167,
        263.7529097225697,
        253.41638322604413,
        280.68097242565136,
        274.351163194487,
        341.13408220187574,
        413.29391804456327,
        378.1488564037486,
        426.34303018062184,
        490.96203210441826,
        458.81640263105663,
        453.6970283635583,
        479.7419980491354,
        508.7011470912733,
        537.4520440114889,
        557.9039475405125,
        557.5929665366853,
        670.4443069062067,
        790.2173741392145,
        768.7952997107761,
        801.8314432427596,
        764.4511659356052,
        816.1847370424567,
        890.4568759189711,
        909.5383498968446,
        958.3696507735732,
        722.1872509510899,
        983.5732216517761,
        873.650450878233,
        935.3844071364024,
        1055.9417247914168,
        901.9761928237003,
        1060.1874854158252,
        1043.5664103016625,
        926.0420105965077,
        1050.0467269830676,
        1033.791302718577,
        1039.1144400065232,
        1023.0802705390145,
        1042.9721487428026,
        1009.0643862723675,
        1015.2110785754329,
        1029.615794498257,
        1018.4039290469144,
        1050.1344040268452,
        1063.293020477731,
        986.3686577420154,
        1064.8131416940537,
        1033.2305796418632,
        1011.6037317985957,
        1027.0431025276764,
        972.2017760503763,
        1060.026238733632,
        1069.9678069336278,
        960.2814290310273,
        1071.6683764997024,
        1056.2260020599188,
        1043.6038436738063,
        1040.3056898487237,
        1054.1256061214633,
        1074.2273578969323,
        1013.4916568360521,
        1078.312507420981,
        976.2481233897877,
        1073.8669726192536,
        1058.8847176485922
    ],
    "avg_episode_length": [
        50.5625,
        65.3125,
        68.5,
        76.8125,
        89.75,
        84.25,
        97.125,
        108.1875,
        131.9375,
        151.9375,
        154.375,
        163.75,
        170.0,
        231.8125,
        287.6875,
        259.75,
        314.25,
        362.25,
        343.75,
        332.0625,
        359.5,
        441.8125,
        451.625,
        474.375,
        490.75,
        537.9375,
        718.5625,
        646.0,
        688.0625,
        647.6875,
        664.375,
        856.8125,
        797.125,
        850.875,
        724.8125,
        884.0625,
        861.5,
        825.375,
        983.8125,
        781.4375,
        981.3125,
        903.375,
        907.1875,
        954.9375,
        938.6875,
        984.5,
        893.875,
        993.125,
        895.5,
        953.3125,
        1000.0,
        884.3125,
        977.9375,
        996.8125,
        819.1875,
        985.1875,
        921.25,
        980.75,
        880.25,
        911.625,
        967.25,
        995.5,
        783.9375,
        986.5,
        937.6875,
        988.0,
        893.0625,
        981.1875,
        989.125,
        848.5,
        980.25,
        799.3125,
        946.0,
        930.0
    ]
}