{
    "steps": [
        10181,
        22731,
        33388,
        45756,
        60277,
        70838,
        82650,
        94677,
        107024,
        119457,
        132106,
        145248,
        158589,
        172341,
        186364,
        201274,
        218487,
        236186,
        255650,
        266701,
        278843,
        291948,
        305998,
        322957,
        341562,
        360154,
        379311,
        399478,
        420764,
        448627,
        474317,
        501854,
        534534,
        567996,
        599518,
        638537,
        684156,
        722589,
        764940,
        814400,
        868151,
        924018,
        980565,
        1038857
    ],
    "avg_episodic_reward": [
        42.578528949762216,
        92.54883931375937,
        104.82705600335737,
        131.39417221709132,
        165.28029514226938,
        169.12567062702036,
        210.68957565228382,
        200.38842597642963,
        207.02379695780365,
        211.71033563098814,
        218.47553061484328,
        221.98626074429075,
        226.432666703475,
        227.8440852267757,
        230.237452359965,
        243.61001627990487,
        245.23729679297122,
        248.44051722234258,
        277.22559197706624,
        285.43801213788936,
        303.26933194626776,
        322.910214456687,
        323.1109306405511,
        374.11864861454154,
        394.39875471904224,
        395.1447664470559,
        388.5635935038236,
        406.74101943176845,
        432.62036381321576,
        520.2121475320337,
        439.84421190879254,
        525.1250233065078,
        607.5583631706013,
        578.3392312076337,
        596.1374840806172,
        651.5532330529957,
        807.1633277366986,
        623.1690497602485,
        754.039299551456,
        830.1271450408742,
        900.5764086344388,
        928.8909332493695,
        962.4659381819266,
        987.0268689991333
    ],
    "avg_episode_length": [
        33.828125,
        54.234375,
        60.96875,
        69.53125,
        83.234375,
        83.046875,
        99.3125,
        94.578125,
        95.421875,
        97.75,
        99.703125,
        100.8125,
        105.265625,
        109.875,
        108.96875,
        121.6875,
        137.453125,
        143.546875,
        161.109375,
        172.671875,
        189.71875,
        204.765625,
        219.53125,
        264.984375,
        290.703125,
        290.5,
        299.328125,
        315.109375,
        332.59375,
        435.359375,
        401.40625,
        430.265625,
        510.625,
        522.84375,
        492.53125,
        609.671875,
        712.796875,
        600.515625,
        661.734375,
        772.8125,
        839.859375,
        872.921875,
        883.546875,
        910.8125
    ]
}