{
    "steps": [
        10051,
        20093,
        30224,
        40290,
        50371,
        60419,
        70462,
        80557,
        90614,
        100711,
        110749,
        120877,
        131010,
        141151,
        151264,
        161317,
        171343,
        181362,
        191450,
        201584,
        211616,
        221727,
        231769,
        241813,
        251865,
        261935,
        271984,
        281993,
        292082,
        302139,
        312186,
        322215,
        332223,
        342308,
        352436,
        362531,
        372574,
        382590,
        392675,
        402778,
        412785,
        422865,
        432979,
        443045,
        453122,
        463211,
        473218,
        483263,
        493327,
        503384,
        513473,
        523549,
        533660,
        543747,
        553860,
        563981,
        574053,
        584115,
        594190,
        604250,
        614280,
        624395,
        634495,
        644627,
        654705,
        664781,
        674930,
        685065,
        695126,
        705272,
        715341,
        725350,
        735364,
        745435,
        755443,
        765539,
        775660,
        785791,
        795896,
        805901,
        815991,
        826078,
        836175,
        846206,
        856316,
        866400,
        876401,
        886463,
        896571,
        906603,
        916608,
        926675,
        936800,
        946840,
        956872,
        966888,
        976902,
        986951,
        996964
    ],
    "avg_episodic_reward": [
        327.3691502692875,
        276.30632958971313,
        315.4839007528047,
        263.54913472246267,
        348.591431583269,
        322.80112861048565,
        278.13720365895836,
        254.399451144035,
        270.99838123296877,
        292.31942686755053,
        268.851952076472,
        306.3105666067457,
        343.7352087205212,
        336.550617633005,
        273.6626011359797,
        291.8994879444477,
        334.3733002780405,
        254.62817300999026,
        291.5704885708788,
        340.8647377012221,
        289.43938495214417,
        275.9116383470727,
        268.1887486036898,
        283.77607871454904,
        277.3858517035899,
        268.31740035164785,
        305.64211145434444,
        261.40984839761495,
        259.01033880609106,
        247.02695864005213,
        278.3247259746563,
        303.8860061074397,
        221.0904451472656,
        263.744181322281,
        298.7856976043346,
        237.51956965760007,
        252.0012216310854,
        285.25657429848366,
        315.3310319935743,
        303.8309953898013,
        273.19521568594564,
        284.95712561140414,
        265.9795772389718,
        252.12242845581622,
        238.153333308567,
        254.6045496724828,
        267.5906277860566,
        193.40235219807803,
        193.30776282179764,
        251.60372753109186,
        294.1973368636993,
        225.85405850039461,
        268.30253132601297,
        303.6443377966883,
        322.6818001235783,
        306.27151932466086,
        308.98204555126813,
        242.22551537214474,
        291.92553642752216,
        223.60457880511336,
        235.4845008585767,
        317.50757105679065,
        306.2631383280068,
        331.865299635851,
        373.7227026496016,
        320.53182266909454,
        357.7991282963338,
        341.12770108121845,
        320.5123929794555,
        350.71396346893096,
        322.645574413719,
        411.4874475674521,
        280.3090466222717,
        289.8019784085442,
        317.94879275752066,
        395.1150793957802,
        352.8756187648085,
        362.93736392258893,
        252.43408563444967,
        336.32003511474795,
        318.2161225986539,
        395.42597554677616,
        287.4294201337144,
        345.91438308431657,
        294.6950756990581,
        287.7250454471243,
        287.6725633907398,
        254.22851849455373,
        287.46294361839,
        317.9194151744091,
        324.1866731280833,
        296.7837266276208,
        314.78744951241237,
        317.72348570165684,
        354.87655452553906,
        364.5226254790949,
        245.5510082124166,
        322.21084009900017,
        256.446358457456
    ],
    "avg_episode_length": [
        35.25,
        29.75,
        34.0,
        28.5,
        37.5,
        34.75,
        30.0,
        27.5,
        29.25,
        31.5,
        29.0,
        33.0,
        37.0,
        36.25,
        29.5,
        31.5,
        36.0,
        27.5,
        31.5,
        36.75,
        31.25,
        29.75,
        29.0,
        30.75,
        30.0,
        29.0,
        33.0,
        28.25,
        28.0,
        26.75,
        30.0,
        32.75,
        24.0,
        28.5,
        32.25,
        25.75,
        27.25,
        30.75,
        34.0,
        32.75,
        29.5,
        30.75,
        28.75,
        27.25,
        25.75,
        27.5,
        29.0,
        21.0,
        21.0,
        27.25,
        31.75,
        24.5,
        29.0,
        32.75,
        34.75,
        33.0,
        33.25,
        26.25,
        31.5,
        24.25,
        25.5,
        34.25,
        33.0,
        35.75,
        40.25,
        34.5,
        38.5,
        36.75,
        34.5,
        37.75,
        34.75,
        44.25,
        30.25,
        31.25,
        34.25,
        42.5,
        38.0,
        39.0,
        27.25,
        36.25,
        34.25,
        42.5,
        31.0,
        37.25,
        31.75,
        31.0,
        31.0,
        27.5,
        31.0,
        34.25,
        35.0,
        32.0,
        34.0,
        34.25,
        38.25,
        39.25,
        26.5,
        34.75,
        27.75
    ]
}