{
    "steps": [
        16000,
        32000,
        48000,
        64000,
        80000,
        96000,
        112000,
        128000,
        144000,
        160000,
        176000,
        192000,
        208000,
        224000,
        240000,
        256000,
        272000,
        288000,
        304000,
        320000,
        336000,
        352000,
        368000,
        384000,
        400000,
        416000,
        432000,
        448000,
        464000,
        480000,
        496000,
        512000,
        528000,
        544000,
        560000,
        576000,
        592000,
        608000,
        624000,
        640000,
        656000,
        672000,
        688000,
        704000,
        720000,
        736000,
        752000,
        768000,
        784000,
        800000,
        816000,
        832000,
        848000,
        864000,
        880000,
        896000,
        912000,
        928000,
        944000,
        960000,
        976000,
        992000,
        1008000
    ],
    "avg_episodic_reward": [
        -387.91760844214224,
        -374.09966795938544,
        -388.53308459037953,
        -374.45837172873513,
        -366.8269743457636,
        -375.48572739585916,
        -357.89286033324845,
        -360.9373636882216,
        -377.6588128922631,
        -372.6120280291673,
        -390.19973594957196,
        -383.5204003955532,
        -360.5737889973086,
        -381.0666859209861,
        -403.24517584038506,
        -358.14360046403397,
        -383.75674071580806,
        -383.4428530083612,
        -359.64029704678046,
        -353.9321111530975,
        -346.9157378918014,
        -353.46714786457704,
        -356.7398856694377,
        -318.9975905536735,
        -335.52352061214583,
        -325.10866440151796,
        -309.28697106010964,
        -343.5711689121406,
        -349.1650080558078,
        -320.49102560435347,
        -317.6737180742404,
        -333.77761285213165,
        -333.5941678718479,
        -338.35390267143936,
        -291.5432160126079,
        -308.66855384710766,
        -332.13319303162007,
        -346.5309559917795,
        -373.4060928931034,
        -336.1131921288761,
        -291.3121391987688,
        -294.0525999913352,
        -360.56760802549604,
        -302.9531609464992,
        -323.10744101258217,
        -295.8679528829973,
        -316.5902166891565,
        -341.9106043832189,
        -336.9486252969542,
        -267.82616229345393,
        -285.4134336769321,
        -314.92319149837516,
        -291.26214140521336,
        -278.0537857678303,
        -265.7148865264327,
        -290.5094417163815,
        -283.4718576015316,
        -263.1316856254488,
        -255.45731048796503,
        -321.14470901294374,
        -259.5640293642031,
        -275.5311717996515,
        -288.87635849382286
    ],
    "avg_episode_length": [
        1000.0,
        1000.0,
        1000.0,
        1000.0,
        1000.0,
        1000.0,
        1000.0,
        1000.0,
        1000.0,
        1000.0,
        1000.0,
        1000.0,
        1000.0,
        1000.0,
        1000.0,
        1000.0,
        1000.0,
        1000.0,
        1000.0,
        1000.0,
        1000.0,
        1000.0,
        1000.0,
        1000.0,
        1000.0,
        1000.0,
        1000.0,
        1000.0,
        1000.0,
        1000.0,
        1000.0,
        1000.0,
        1000.0,
        1000.0,
        1000.0,
        1000.0,
        1000.0,
        1000.0,
        1000.0,
        1000.0,
        1000.0,
        1000.0,
        1000.0,
        1000.0,
        1000.0,
        1000.0,
        1000.0,
        1000.0,
        1000.0,
        1000.0,
        1000.0,
        1000.0,
        1000.0,
        1000.0,
        1000.0,
        1000.0,
        1000.0,
        1000.0,
        1000.0,
        1000.0,
        1000.0,
        1000.0,
        1000.0
    ]
}