{
    "steps": [
        16000,
        32000,
        48000,
        64000,
        80000,
        96000,
        112000,
        128000,
        144000,
        160000,
        176000,
        192000,
        208000,
        224000,
        240000,
        256000,
        272000,
        288000,
        304000,
        320000,
        336000,
        352000,
        368000,
        384000,
        400000,
        416000,
        432000,
        448000,
        464000,
        480000,
        496000,
        512000,
        528000,
        544000,
        560000,
        576000,
        592000,
        608000,
        624000,
        640000,
        656000,
        672000,
        688000,
        704000,
        720000,
        736000,
        752000,
        768000,
        784000,
        800000,
        816000,
        832000,
        848000,
        864000,
        880000,
        896000,
        912000,
        928000,
        944000,
        960000,
        976000,
        992000,
        1008000
    ],
    "avg_episodic_reward": [
        -247.633574000383,
        -232.60357180823166,
        -224.52660140008237,
        -231.5407530521785,
        -226.15411624279972,
        -183.52162819566777,
        -170.34770955308426,
        -179.41741566710192,
        -196.71421220195327,
        -159.81216629042586,
        -150.43077293303418,
        -148.35636245361223,
        -159.5003016772439,
        -133.24141952210692,
        -109.95362345727477,
        -120.35666161808771,
        -115.03660639647308,
        -104.87746343677625,
        -96.02131445641456,
        -85.91567106405883,
        -76.15093074502003,
        -77.3629238494087,
        -55.28879643301943,
        -51.03505524024615,
        -53.12833339062984,
        -53.366879436347915,
        -46.51262140353727,
        -47.56686358130341,
        -5.068836709280201,
        -0.7955696798357401,
        -10.593623210612295,
        11.389514444030581,
        -0.8295186043994898,
        12.146985777343279,
        12.033697699399656,
        14.397213999153808,
        19.807362977563976,
        25.221893029107534,
        47.781289702359324,
        28.962093588195682,
        17.93519046273309,
        34.83135971658073,
        59.65092238080881,
        67.44343200895626,
        66.99816576691336,
        72.67577234892941,
        67.78113467400561,
        96.2726718403183,
        72.82329097431709,
        109.30278740755217,
        108.68736563853966,
        95.39335543985837,
        92.4719542507543,
        102.31860463149036,
        70.54281165634626,
        95.12142515584975,
        107.07098284590376,
        135.4134465580222,
        112.11592374594343,
        124.15375912504985,
        125.29164632851891,
        133.17086775108518,
        181.542388901503
    ],
    "avg_episode_length": [
        1000.0,
        1000.0,
        1000.0,
        1000.0,
        1000.0,
        1000.0,
        1000.0,
        1000.0,
        1000.0,
        1000.0,
        1000.0,
        1000.0,
        1000.0,
        1000.0,
        1000.0,
        1000.0,
        1000.0,
        1000.0,
        1000.0,
        1000.0,
        1000.0,
        1000.0,
        1000.0,
        1000.0,
        1000.0,
        1000.0,
        1000.0,
        1000.0,
        1000.0,
        1000.0,
        1000.0,
        1000.0,
        1000.0,
        1000.0,
        1000.0,
        1000.0,
        1000.0,
        1000.0,
        1000.0,
        1000.0,
        1000.0,
        1000.0,
        1000.0,
        1000.0,
        1000.0,
        1000.0,
        1000.0,
        1000.0,
        1000.0,
        1000.0,
        1000.0,
        1000.0,
        1000.0,
        1000.0,
        1000.0,
        1000.0,
        1000.0,
        1000.0,
        1000.0,
        1000.0,
        1000.0,
        1000.0,
        1000.0
    ]
}