{
    "steps": [
        10240,
        20480,
        30720,
        40960,
        51200,
        61440,
        71680,
        81920,
        92160,
        102400,
        112640,
        122880,
        133120,
        143360,
        153600,
        163840,
        174080,
        184320,
        194560,
        204800,
        215040,
        225280,
        235520,
        245760,
        256000,
        266240,
        276480,
        286720,
        296960,
        307200,
        317440,
        327680,
        337920,
        348160,
        358400,
        368640,
        378880,
        389120,
        399360,
        409600,
        419840,
        430080,
        440320,
        450560,
        460800,
        471040
    ],
    "avg_episodic_reward": [
        -154.75004262968292,
        -91.21926356622095,
        -110.32123350707049,
        -174.59604395884594,
        -135.3717819942351,
        -37.15100315004395,
        -51.53210555123093,
        -132.366109054145,
        -118.25247240856773,
        -64.20924629345025,
        26.440266129884485,
        -71.48214390783505,
        -10.510969950278174,
        -85.68179239647654,
        107.93140716840438,
        100.81764303197033,
        18.946215211026182,
        72.96631374882915,
        134.81550623528818,
        138.38992156433977,
        115.77937422962019,
        91.1127327221142,
        107.03266910083487,
        232.6121244226785,
        273.46356874702843,
        152.18082149735685,
        164.47815294547712,
        169.3382674087182,
        132.16652912850816,
        311.26639257735894,
        445.8749808617681,
        365.2070290343528,
        423.36844787202557,
        411.2403062295831,
        587.0114687173251,
        564.8399000955383,
        653.196491783392,
        515.3216206692852,
        760.751210251302,
        621.5140852260787,
        620.6089814920351,
        424.1472848618398,
        400.3795964993311,
        708.9639332685576,
        1040.8755394113714,
        962.6871013682061
    ],
    "avg_episode_length": [
        1000.0,
        1000.0,
        1000.0,
        1000.0,
        1000.0,
        1000.0,
        1000.0,
        1000.0,
        1000.0,
        1000.0,
        1000.0,
        1000.0,
        1000.0,
        1000.0,
        1000.0,
        1000.0,
        1000.0,
        1000.0,
        1000.0,
        1000.0,
        1000.0,
        1000.0,
        1000.0,
        1000.0,
        1000.0,
        1000.0,
        1000.0,
        1000.0,
        1000.0,
        1000.0,
        1000.0,
        1000.0,
        1000.0,
        1000.0,
        1000.0,
        1000.0,
        1000.0,
        1000.0,
        1000.0,
        1000.0,
        1000.0,
        1000.0,
        1000.0,
        1000.0,
        1000.0,
        1000.0
    ]
}