{
    "steps": [
        10240,
        20480,
        30720,
        40960,
        51200,
        61440,
        71680,
        81920,
        92160,
        102400,
        112640,
        122880,
        133120,
        143360,
        153600,
        163840,
        174080,
        184320,
        194560,
        204800,
        215040,
        225280,
        235520,
        245760,
        256000,
        266240,
        276480,
        286720,
        296960,
        307200,
        317440,
        327680,
        337920,
        348160,
        358400,
        368640,
        378880,
        389120,
        399360,
        409600,
        419840,
        430080,
        440320,
        450560,
        460800,
        471040,
        481280,
        491520,
        501760,
        512000,
        522240,
        532480,
        542720,
        552960,
        563200,
        573440,
        583680,
        593920,
        604160,
        614400,
        624640,
        634880,
        645120,
        655360,
        665600,
        675840,
        686080,
        610304,
        620544,
        630784,
        641024,
        651264,
        661504,
        671744
    ],
    "avg_episodic_reward": [
        -262.39514400256365,
        -308.1383173800336,
        -285.3480844189398,
        -338.33798642819795,
        -248.4594956326784,
        -187.76375486812765,
        -137.54700828971733,
        -240.20182346304296,
        -52.921177590149924,
        45.32174253304939,
        -52.158264676211296,
        79.20812469415378,
        128.18967174779084,
        296.035868479278,
        551.5558370091708,
        419.63635742760175,
        536.9169647042914,
        656.594681930251,
        667.7717973454105,
        595.6502664374241,
        558.7179435298673,
        554.5526262952803,
        655.2784731627928,
        755.9610078113863,
        472.17601297408555,
        871.2649764886866,
        864.0518682065187,
        698.8830897420507,
        990.6739924752086,
        1047.3559178166433,
        1031.1690516030453,
        842.626031352014,
        921.7032275259587,
        794.5527627982968,
        1049.7828565056295,
        960.1074429968529,
        871.9775797152574,
        1027.822653074825,
        833.7664636564604,
        1023.630935103499,
        979.87067163704,
        867.7946632129929,
        1049.7547468229793,
        950.4541437259795,
        1123.2397925668756,
        764.6602129101706,
        1135.6011553515916,
        1115.3439598144598,
        953.8065246766735,
        1152.046725537649,
        1008.0286232323549,
        1050.009567386724,
        1099.5012020882953,
        1123.1448301063288,
        1091.3696853450638,
        1121.3875577873791,
        956.1959745833303,
        1131.2319522771863,
        1108.7676123889853,
        1177.7706129445432,
        1256.1013643894412,
        1186.3535277394408,
        1206.8556654326262,
        1219.93776659443,
        1228.217928168381,
        1194.3036856640422,
        1156.7059786188474,
        1216.7266066216612,
        1075.9137755481215,
        1222.0847440475718,
        1200.0139286162198,
        1228.9765234520737,
        1262.7145268741067,
        1284.5910577613186
    ],
    "avg_episode_length": [
        1000.0,
        1000.0,
        1000.0,
        1000.0,
        1000.0,
        1000.0,
        1000.0,
        1000.0,
        1000.0,
        1000.0,
        1000.0,
        1000.0,
        1000.0,
        1000.0,
        1000.0,
        1000.0,
        1000.0,
        1000.0,
        1000.0,
        1000.0,
        1000.0,
        1000.0,
        1000.0,
        1000.0,
        1000.0,
        1000.0,
        1000.0,
        1000.0,
        1000.0,
        1000.0,
        1000.0,
        1000.0,
        1000.0,
        1000.0,
        1000.0,
        1000.0,
        1000.0,
        1000.0,
        1000.0,
        1000.0,
        1000.0,
        1000.0,
        1000.0,
        1000.0,
        1000.0,
        1000.0,
        1000.0,
        1000.0,
        1000.0,
        1000.0,
        1000.0,
        1000.0,
        1000.0,
        1000.0,
        1000.0,
        1000.0,
        1000.0,
        1000.0,
        1000.0,
        1000.0,
        1000.0,
        1000.0,
        1000.0,
        1000.0,
        1000.0,
        1000.0,
        1000.0,
        1000.0,
        1000.0,
        1000.0,
        1000.0,
        1000.0,
        1000.0,
        1000.0
    ]
}