{
    "steps": [
        10017,
        20046,
        30091,
        40098,
        50139,
        60181,
        70218,
        80281,
        90282,
        100298,
        110359,
        120404,
        130440,
        140497,
        150555,
        160612,
        170641,
        180688,
        190694,
        200751,
        210779,
        220787,
        230796,
        240808,
        250841,
        260890,
        270928,
        280972,
        291030,
        301094,
        311163,
        321188,
        331224,
        341258,
        351316,
        361379,
        371434,
        381477,
        391509,
        401512,
        411564,
        421580,
        431611,
        441625,
        451698,
        461710,
        471718,
        481761,
        491806,
        501842,
        511915,
        521931,
        531984,
        542065,
        552070,
        562169,
        572231,
        582251,
        592296,
        602349,
        612382,
        622405,
        632479,
        642558,
        652644,
        662724,
        672754,
        682775,
        692883,
        702895,
        712918,
        722970,
        733002,
        743021,
        753056,
        763114,
        773143,
        783146,
        793164,
        803171,
        813173,
        823241,
        833363,
        843475,
        853561,
        863609,
        873675,
        883777,
        893899,
        903980,
        914000,
        924077,
        934215,
        944280,
        954341,
        964391,
        974461,
        984486,
        994510
    ],
    "avg_episodic_reward": [
        117.78654609650425,
        203.47602221592638,
        221.75755772977007,
        145.22965947573834,
        189.7202499751725,
        203.25846438842441,
        158.95961671130306,
        263.82682047971764,
        235.83648979937283,
        207.8556368471664,
        213.2289261499874,
        214.424173840215,
        127.2437493842619,
        228.7030440554515,
        202.9605658152175,
        178.38591189750457,
        120.26238786701964,
        176.06842986659976,
        180.4487706891063,
        167.07572663069345,
        152.07927255294726,
        124.95002652590021,
        140.91654075742747,
        143.67358022559725,
        122.43119809743554,
        145.69042759025155,
        143.47781735872928,
        141.15677766030478,
        145.78832018968933,
        215.15500009006735,
        167.14351049325492,
        148.39417044817617,
        173.7946795176082,
        169.1202156453071,
        164.8747080552143,
        169.0325948647614,
        169.36199892335895,
        190.16549134627138,
        160.07843326987916,
        210.64635663292938,
        148.36000535288122,
        190.1775378988022,
        148.24101307476832,
        180.0743368605821,
        173.00471866309346,
        183.22475532784134,
        185.2835686078752,
        221.61691544236444,
        175.32971040714023,
        229.5044732562614,
        229.06482419253808,
        161.93298470533168,
        163.75081314988495,
        198.62578639209838,
        205.68731142755473,
        245.1338390370637,
        231.51606464416852,
        219.64955223477233,
        180.93230992133948,
        200.76750352329861,
        173.2101985263502,
        294.35285166875565,
        279.3264592693668,
        261.5171072992107,
        268.1018398777102,
        292.74224247573534,
        202.33508274131088,
        193.90825047495446,
        259.54857994134795,
        336.26922096603886,
        298.69093869447084,
        336.45640943157355,
        286.9703547644116,
        249.0355788267305,
        216.48081406692418,
        185.1074516995628,
        348.67736307059624,
        344.0842642620816,
        277.9940748949187,
        352.68598325051494,
        228.44544903842575,
        266.5972680513541,
        287.1654948439279,
        285.0878995720472,
        345.45249540218015,
        263.95412662702614,
        378.1038269001819,
        277.1676189150155,
        287.923756864657,
        263.56742517642965,
        215.9528358626314,
        312.30175873771884,
        357.0499176647104,
        265.90639973841985,
        230.6343592209383,
        299.5700908874052,
        305.43656908323595,
        282.8152776409841,
        312.76103639779114
    ],
    "avg_episode_length": [
        12.75,
        22.0,
        24.0,
        15.75,
        20.5,
        22.0,
        17.25,
        28.5,
        25.5,
        22.5,
        23.0,
        23.25,
        13.75,
        24.75,
        22.0,
        19.25,
        13.0,
        19.0,
        19.5,
        18.0,
        16.5,
        13.5,
        15.25,
        15.5,
        13.25,
        15.75,
        15.5,
        15.25,
        15.75,
        23.25,
        18.0,
        16.0,
        18.75,
        18.25,
        17.75,
        18.25,
        18.25,
        20.5,
        17.25,
        22.75,
        16.0,
        20.5,
        16.0,
        19.5,
        18.75,
        19.75,
        20.0,
        24.0,
        19.0,
        24.75,
        24.75,
        17.5,
        17.75,
        21.5,
        22.25,
        26.5,
        25.0,
        23.75,
        19.5,
        21.75,
        18.75,
        31.75,
        30.25,
        28.25,
        29.0,
        31.5,
        22.0,
        21.0,
        28.0,
        36.25,
        32.25,
        36.25,
        31.0,
        27.0,
        23.5,
        20.0,
        37.5,
        37.0,
        30.0,
        38.0,
        24.75,
        28.75,
        31.0,
        30.75,
        37.25,
        28.5,
        40.75,
        30.0,
        31.0,
        28.5,
        23.5,
        33.75,
        38.5,
        28.75,
        25.0,
        32.25,
        33.0,
        30.5,
        33.75
    ]
}