{
    "steps": [
        16000,
        32000,
        48000,
        64000,
        80000,
        96000,
        112000,
        128000,
        144000,
        160000,
        176000,
        192000,
        208000,
        224000,
        240000,
        256000,
        272000,
        288000,
        304000,
        320000,
        336000,
        352000,
        368000,
        384000,
        400000,
        416000,
        432000,
        448000,
        464000,
        480000,
        496000,
        512000,
        528000,
        544000,
        560000,
        576000,
        592000,
        608000,
        624000,
        640000,
        656000,
        672000,
        688000,
        704000,
        720000,
        736000,
        752000,
        768000,
        784000,
        800000,
        816000,
        832000,
        848000,
        864000,
        880000,
        896000,
        912000,
        928000,
        944000,
        960000,
        976000,
        992000,
        1008000
    ],
    "avg_episodic_reward": [
        -252.5599063568098,
        -238.0151642603758,
        -230.0922330657679,
        -235.55073414157482,
        -225.64797094151305,
        -231.40573337838666,
        -210.32506559729546,
        -206.3914258368516,
        -225.90695776654422,
        -212.56135019068904,
        -200.10546688894385,
        -182.33289181190582,
        -198.92882793515483,
        -190.59645552364165,
        -137.66614085708187,
        -166.83719860102278,
        -166.71459040465567,
        -181.20331618114824,
        -148.10618089279177,
        -156.40769808065204,
        -155.82037199836407,
        -125.02163259078326,
        -113.57135695119409,
        -106.90007135683813,
        -101.08425055632247,
        -117.32780328263195,
        -121.34222196329421,
        -96.15252734444381,
        -76.0837332442828,
        -67.87921406912628,
        -69.87679470409674,
        -74.63872070877412,
        -79.18709835303319,
        -73.94105609443938,
        -63.31325491523627,
        -75.05692340107271,
        -51.76774578163927,
        -53.60211559809002,
        -68.21397241958637,
        -62.54807275510623,
        -38.18310234087167,
        -64.29911063183539,
        -65.64121914602487,
        -59.94330889484842,
        -44.223850754773764,
        -53.26065838762672,
        -47.29354980919747,
        -44.65714763686988,
        -32.51974557265469,
        -48.29621716576357,
        -38.91643240000539,
        -43.57735536941405,
        -42.121095110790606,
        -21.61753534860771,
        -39.19618463331881,
        -17.983722618560265,
        -9.18663508340443,
        -2.163169479403435,
        -25.037957116635145,
        -18.80417066171934,
        -6.306272578783687,
        -13.108063592335427,
        -1.213476804923154
    ],
    "avg_episode_length": [
        1000.0,
        1000.0,
        1000.0,
        1000.0,
        1000.0,
        1000.0,
        1000.0,
        1000.0,
        1000.0,
        1000.0,
        1000.0,
        1000.0,
        1000.0,
        1000.0,
        1000.0,
        1000.0,
        1000.0,
        1000.0,
        1000.0,
        1000.0,
        1000.0,
        1000.0,
        1000.0,
        1000.0,
        1000.0,
        1000.0,
        1000.0,
        1000.0,
        1000.0,
        1000.0,
        1000.0,
        1000.0,
        1000.0,
        1000.0,
        1000.0,
        1000.0,
        1000.0,
        1000.0,
        1000.0,
        1000.0,
        1000.0,
        1000.0,
        1000.0,
        1000.0,
        1000.0,
        1000.0,
        1000.0,
        1000.0,
        1000.0,
        1000.0,
        1000.0,
        1000.0,
        1000.0,
        1000.0,
        1000.0,
        1000.0,
        1000.0,
        1000.0,
        1000.0,
        1000.0,
        1000.0,
        1000.0,
        1000.0
    ]
}