{
    "steps": [
        10240,
        20480,
        30720,
        40960,
        51200,
        61440,
        71680,
        81920,
        92160,
        102400,
        112640,
        122880,
        133120,
        143360,
        153600,
        163840,
        174080,
        184320,
        194560,
        204800,
        215040,
        225280,
        235520,
        245760,
        256000,
        266240,
        276480,
        286720,
        296960,
        307200,
        317440,
        327680,
        337920,
        348160,
        358400,
        368640,
        378880,
        389120,
        399360,
        409600,
        419840,
        430080,
        440320,
        450560,
        460800,
        471040,
        481280,
        491520,
        501760,
        512000,
        522240,
        532480,
        542720,
        552960,
        563200,
        573440,
        583680,
        593920,
        604160,
        614400,
        624640,
        634880,
        645120,
        655360,
        665600,
        675840,
        686080,
        696320,
        706560,
        716800,
        727040,
        737280,
        747520,
        757760,
        768000,
        778240,
        788480,
        798720,
        808960,
        819200,
        829440,
        839680,
        849920,
        860160,
        870400,
        880640,
        890880,
        901120,
        911360,
        921600,
        931840,
        942080,
        952320,
        962560,
        972800,
        983040,
        993280
    ],
    "avg_episodic_reward": [
        42.05048736418268,
        189.83344809664803,
        260.47662003475347,
        283.3251556956922,
        290.71938768655565,
        280.5308002386849,
        282.15092152565654,
        290.7462633840889,
        327.28338984798626,
        346.4512399688092,
        361.49359949946955,
        370.3217782861924,
        383.9549545184573,
        401.0588337257423,
        391.900461501951,
        434.4313395040194,
        429.09521975338515,
        468.56913404535493,
        508.7942379684552,
        477.3847949335725,
        516.1706584237064,
        553.3645897517936,
        550.7900418943805,
        579.7312591290519,
        564.9858447061924,
        628.6004939669145,
        722.9396934240804,
        1003.0006946113048,
        1277.7106600655154,
        703.8440043173484,
        793.9785202329296,
        1036.112668819833,
        975.694845804125,
        1540.0316075495414,
        1077.7496034283026,
        1023.8063259528632,
        679.8783718470996,
        1294.6536581629255,
        749.6301177129125,
        664.2848963191972,
        764.4600960600271,
        1362.2105235854463,
        782.9606842700352,
        847.1944284082097,
        871.7946499917689,
        677.3044877259533,
        1015.6814524751629,
        1300.8872065497683,
        1057.1952145489981,
        1233.5419607098504,
        975.3737802229231,
        1181.1464361225924,
        1342.315656780111,
        807.0505127597387,
        977.9514671511613,
        1334.018646510495,
        1326.9356139425347,
        733.8598059260758,
        848.4585463017759,
        857.7786922847218,
        1248.136987408103,
        917.0408418481841,
        1018.5041298453498,
        1364.5238381399427,
        1725.773643542985,
        930.3210247247081,
        941.0410479139681,
        1255.5297018779718,
        1222.8291909263876,
        1216.379908965788,
        1130.869878721727,
        1069.9037543177067,
        2278.485338648626,
        1151.8784897140845,
        1749.7439001639266,
        1290.1535635540963,
        1068.7953633313487,
        1868.6312239564922,
        1562.8859817757884,
        1967.5262625884716,
        1886.8635414031687,
        1145.7660903395933,
        1136.3171639400068,
        1531.1929504759592,
        978.7856190822396,
        1505.121436558953,
        1319.9032541838656,
        1613.095101754626,
        1089.9315104667016,
        912.381328196072,
        1089.9911197755666,
        1674.2910476348725,
        1463.201816830197,
        1626.2816303323875,
        1245.7203890645305,
        2193.3984665804514,
        2177.8393307609413
    ],
    "avg_episode_length": [
        68.16666666666667,
        179.5,
        220.44444444444446,
        183.1818181818182,
        172.58333333333334,
        157.84615384615384,
        160.15384615384616,
        158.76923076923077,
        167.58333333333334,
        171.66666666666666,
        177.9090909090909,
        178.27272727272728,
        174.25,
        183.0909090909091,
        187.27272727272728,
        188.45454545454547,
        180.08333333333334,
        193.0909090909091,
        216.33333333333334,
        234.75,
        206.6,
        227.55555555555554,
        222.77777777777777,
        235.375,
        227.88888888888889,
        265.375,
        334.2857142857143,
        537.4,
        548.3333333333334,
        271.42857142857144,
        331.3333333333333,
        435.2,
        394.2857142857143,
        637.5,
        416.4,
        407.4,
        274.7142857142857,
        519.5,
        297.42857142857144,
        261.22222222222223,
        368.4,
        615.0,
        299.0,
        331.125,
        420.8,
        267.875,
        424.2,
        534.6666666666666,
        413.25,
        478.0,
        363.2,
        474.4,
        506.75,
        276.85714285714283,
        351.25,
        476.75,
        469.6,
        245.75,
        293.42857142857144,
        286.42857142857144,
        413.5,
        284.2,
        328.5,
        459.4,
        550.75,
        300.375,
        300.14285714285717,
        394.75,
        394.6,
        388.0,
        352.8,
        337.1666666666667,
        794.6666666666666,
        371.2,
        569.25,
        412.4,
        358.8,
        592.75,
        505.0,
        732.6666666666666,
        638.3333333333334,
        368.0,
        452.0,
        491.75,
        301.1666666666667,
        510.0,
        411.2,
        506.0,
        358.6,
        287.2857142857143,
        341.3333333333333,
        526.5,
        455.25,
        494.75,
        374.0,
        720.0,
        654.0
    ]
}