{
    "steps": [
        10017,
        20024,
        30127,
        40176,
        50229,
        60299,
        70311,
        80389,
        90454,
        100509,
        110608,
        120693,
        130754,
        140877,
        150996,
        161029,
        171030,
        181066,
        191111,
        201148,
        211289,
        221329,
        231654,
        241682,
        251741,
        261829,
        271999,
        282122,
        292353,
        302465,
        312725,
        323039,
        333284,
        343553,
        353942,
        364082,
        374470,
        384567,
        394695,
        405460,
        415696,
        426076,
        436450,
        446695,
        456903,
        468948,
        479707,
        490660,
        500980,
        512167,
        522524,
        532830,
        543166,
        553878,
        565128,
        576015,
        587313,
        597353,
        608452,
        619575,
        629820,
        640096,
        650330,
        660871,
        672674,
        683622,
        695019,
        706275,
        717531,
        729428,
        739887,
        750599,
        762182,
        774335,
        784924,
        795740,
        807889,
        820806,
        831703,
        843147,
        854506,
        864706,
        875527,
        888054,
        898879,
        909509,
        920242,
        931416,
        943234,
        954247,
        964773,
        976817,
        990224,
        1001460
    ],
    "avg_episodic_reward": [
        129.4528132816512,
        103.6888329000827,
        255.4080011243853,
        215.05659139904935,
        223.95653443599463,
        251.7540626518728,
        207.49395270254217,
        251.67341122364343,
        366.13863756690625,
        330.16490811507305,
        252.10449936452383,
        403.4381548787307,
        373.41055690312595,
        326.41393636021513,
        376.03142753305053,
        364.16302378996306,
        336.08074817951893,
        387.7013601686531,
        459.5982968720926,
        506.30220116596433,
        566.9417526548337,
        617.5211017403753,
        762.7281261122816,
        760.6384477303718,
        1069.7157397330916,
        1553.5061628258184,
        987.6803365156774,
        1334.2272383817174,
        1494.5409231176154,
        1136.1353317680837,
        739.0686129710562,
        996.2455998100609,
        1006.2907369824215,
        2016.588280604648,
        1142.5974647025052,
        987.0134684478593,
        1935.6968742708323,
        1908.548733182829,
        2059.943002347288,
        2980.2445551952305,
        2456.427496403466,
        1720.3424242172562,
        3119.403819584737,
        1835.191741778533,
        1245.594493484074,
        5830.237982752282,
        2109.1176647007146,
        4518.925759018307,
        3610.607923411101,
        3720.7820511096384,
        2004.7000513961982,
        2218.3224473053992,
        1763.7435486157697,
        2792.5730607760743,
        5841.511041931865,
        2450.3395368332585,
        4995.480535621143,
        3393.948554812356,
        5035.662628311386,
        4414.093178030336,
        2359.1101080584913,
        1955.748074099464,
        3806.3106752445938,
        2300.1506926195234,
        5354.299799595264,
        5242.933791406143,
        5941.155864162013,
        9337.036082312756,
        4994.196248807191,
        7872.719156165886,
        5204.780811845086,
        6302.0015503298055,
        8290.079600585588,
        5594.70477774908,
        5246.803371435126,
        9337.85721051001,
        7318.890170164517,
        7671.200932470565,
        6378.203661135896,
        8758.401152259208,
        6901.07683991112,
        2512.5814301181354,
        5618.4807233232195,
        7023.228633330931,
        7113.992994484879,
        7518.75034639202,
        3373.291712663285,
        5808.577425895453,
        4836.248226921931,
        6806.504394959427,
        8271.914226485897,
        7956.902595763886,
        9339.482147387294,
        7556.64036354096
    ],
    "avg_episode_length": [
        14.0,
        11.25,
        27.75,
        23.25,
        24.25,
        27.25,
        22.5,
        27.25,
        39.5,
        35.75,
        27.25,
        43.5,
        40.25,
        35.25,
        40.5,
        39.25,
        36.25,
        41.75,
        49.5,
        54.5,
        61.0,
        66.5,
        82.0,
        81.75,
        115.0,
        166.75,
        106.25,
        143.25,
        160.5,
        122.0,
        79.5,
        107.0,
        108.0,
        216.25,
        122.75,
        106.25,
        207.75,
        204.75,
        221.0,
        319.5,
        263.5,
        184.5,
        334.75,
        196.75,
        133.75,
        625.0,
        226.25,
        484.25,
        387.0,
        399.0,
        215.0,
        238.0,
        189.25,
        299.5,
        626.0,
        262.75,
        535.25,
        363.75,
        539.75,
        473.0,
        253.25,
        209.75,
        408.0,
        246.5,
        573.75,
        561.5,
        636.5,
        1000.0,
        535.0,
        843.25,
        557.5,
        675.0,
        887.75,
        599.25,
        562.0,
        1000.0,
        784.0,
        821.75,
        683.25,
        938.25,
        739.0,
        269.25,
        602.25,
        752.25,
        762.0,
        805.25,
        361.5,
        622.25,
        518.0,
        729.0,
        886.0,
        852.25,
        1000.0,
        809.0
    ]
}