{
    "steps": [
        16000,
        32000,
        48000,
        64000,
        80000,
        96000,
        112000,
        128000,
        144000,
        160000,
        176000,
        192000,
        208000,
        224000,
        240000,
        256000,
        272000,
        288000,
        304000,
        320000,
        336000,
        352000,
        368000,
        384000,
        400000,
        416000,
        432000,
        448000,
        464000,
        480000,
        496000,
        512000,
        528000,
        544000,
        560000,
        576000,
        592000,
        608000,
        624000,
        640000,
        656000,
        672000,
        688000,
        704000,
        720000,
        736000,
        752000,
        768000,
        784000,
        800000,
        816000,
        832000,
        848000,
        864000,
        880000,
        896000,
        912000,
        928000,
        944000,
        960000,
        976000,
        992000,
        1008000
    ],
    "avg_episodic_reward": [
        -239.25988651917544,
        -237.8877969542807,
        -242.0880236176604,
        -207.39389446109544,
        -231.2656707780385,
        -225.5012275594774,
        -216.87386497549454,
        -224.96005583906322,
        -203.32016053408998,
        -180.76676134877616,
        -165.43649154038567,
        -145.13505880805158,
        -196.45389482689237,
        -183.49608317225267,
        -168.4400882070756,
        -181.412591349712,
        -152.71247431730475,
        -120.6763518143505,
        -160.85822447274924,
        -145.1784408834577,
        -154.81714380663055,
        -120.48037972271325,
        -122.25880571165433,
        -115.88585021417342,
        -126.17964995358358,
        -93.58630609916622,
        -91.45887374764123,
        -84.84903237920057,
        -87.99425052400137,
        -67.04862009986756,
        -57.398187024479114,
        -71.0489588465889,
        -43.27278117834233,
        -85.92238408958967,
        -72.35659870397734,
        -73.92266724041747,
        -47.82824751418353,
        -47.51961948873479,
        -69.05945709832645,
        -57.915206191572636,
        -28.049938930717012,
        -50.553748513705386,
        -42.10645217432587,
        -36.57669094474276,
        -18.001815547865583,
        -19.82377322017527,
        -48.83272858702129,
        -34.15242384875247,
        -35.60777511007441,
        -0.41541958929208,
        -6.227128473875149,
        -22.328087465509732,
        -31.434045682183083,
        -18.911491121339697,
        -24.37142286354925,
        -13.869000636914897,
        -4.23430080926496,
        9.90076361142537,
        -10.03686037800737,
        3.236169101208511,
        -4.037770131856127,
        2.6411338957937023,
        15.25829656635697
    ],
    "avg_episode_length": [
        1000.0,
        1000.0,
        1000.0,
        1000.0,
        1000.0,
        1000.0,
        1000.0,
        1000.0,
        1000.0,
        1000.0,
        1000.0,
        1000.0,
        1000.0,
        1000.0,
        1000.0,
        1000.0,
        1000.0,
        1000.0,
        1000.0,
        1000.0,
        1000.0,
        1000.0,
        1000.0,
        1000.0,
        1000.0,
        1000.0,
        1000.0,
        1000.0,
        1000.0,
        1000.0,
        1000.0,
        1000.0,
        1000.0,
        1000.0,
        1000.0,
        1000.0,
        1000.0,
        1000.0,
        1000.0,
        1000.0,
        1000.0,
        1000.0,
        1000.0,
        1000.0,
        1000.0,
        1000.0,
        1000.0,
        1000.0,
        1000.0,
        1000.0,
        1000.0,
        1000.0,
        1000.0,
        1000.0,
        1000.0,
        1000.0,
        1000.0,
        1000.0,
        1000.0,
        1000.0,
        1000.0,
        1000.0,
        1000.0
    ]
}