{
    "steps": [
        16000,
        32000,
        48000,
        64000,
        80000,
        96000,
        112000,
        128000,
        144000,
        160000,
        176000,
        192000,
        208000,
        224000,
        240000,
        256000,
        272000,
        288000,
        304000,
        320000,
        336000,
        352000,
        368000,
        384000,
        400000,
        416000,
        432000,
        448000,
        464000,
        480000,
        496000,
        512000,
        528000,
        544000,
        560000,
        576000,
        592000,
        608000,
        624000,
        640000,
        656000,
        672000,
        688000,
        704000,
        720000,
        736000,
        752000,
        768000,
        784000,
        800000,
        816000,
        832000,
        848000,
        864000,
        880000,
        896000,
        912000,
        928000,
        944000,
        960000,
        976000,
        992000,
        1008000
    ],
    "avg_episodic_reward": [
        -239.25988651917544,
        -240.32676376516775,
        -195.80371387995095,
        -240.66729597009987,
        -215.43181283742098,
        -221.7385597882935,
        -219.28811936791018,
        -244.2538862085766,
        -189.00236515745206,
        -207.07726405925013,
        -188.67817095855466,
        -214.85803448166058,
        -199.8698930530271,
        -197.71365082112277,
        -238.947250492403,
        -229.5110563898287,
        -217.41704951486895,
        -207.19997401821763,
        -183.87436565355887,
        -189.2721249369677,
        -162.10587628672369,
        -162.07741766279997,
        -147.02404961749806,
        -165.10701301192728,
        -157.8522173278482,
        -132.85650100404644,
        -140.04321675525063,
        -120.66036095497932,
        -139.9916667797468,
        -118.91889848890561,
        -134.73315373842013,
        -130.3855820546072,
        -110.81794968566061,
        -107.57530938551855,
        -103.75595571362504,
        -86.96333327768421,
        -90.50804946938686,
        -92.16891356100533,
        -105.38045906568834,
        -100.71138090639822,
        -131.05342975628946,
        -84.86550852020399,
        -77.07026269373623,
        -80.61302528317646,
        -71.58812341095759,
        -92.34822978954656,
        -88.42362267023732,
        -49.0535450661135,
        -76.36330505974882,
        -91.4865612928527,
        -79.3653772768402,
        -82.4379159284081,
        -82.11731381003143,
        -71.95960220202666,
        -56.217121673897324,
        -76.4430329950362,
        -85.03247301408754,
        -55.050511691060095,
        -50.01585001835769,
        -63.282987800264465,
        -39.5383498220221,
        -61.29530377037118,
        -40.32847375738346
    ],
    "avg_episode_length": [
        1000.0,
        1000.0,
        1000.0,
        1000.0,
        1000.0,
        1000.0,
        1000.0,
        1000.0,
        1000.0,
        1000.0,
        1000.0,
        1000.0,
        1000.0,
        1000.0,
        1000.0,
        1000.0,
        1000.0,
        1000.0,
        1000.0,
        1000.0,
        1000.0,
        1000.0,
        1000.0,
        1000.0,
        1000.0,
        1000.0,
        1000.0,
        1000.0,
        1000.0,
        1000.0,
        1000.0,
        1000.0,
        1000.0,
        1000.0,
        1000.0,
        1000.0,
        1000.0,
        1000.0,
        1000.0,
        1000.0,
        1000.0,
        1000.0,
        1000.0,
        1000.0,
        1000.0,
        1000.0,
        1000.0,
        1000.0,
        1000.0,
        1000.0,
        1000.0,
        1000.0,
        1000.0,
        1000.0,
        1000.0,
        1000.0,
        1000.0,
        1000.0,
        1000.0,
        1000.0,
        1000.0,
        1000.0,
        1000.0
    ]
}