{
    "steps": [
        16000,
        32000,
        48000,
        64000,
        80000,
        96000,
        112000,
        128000,
        144000,
        160000,
        176000,
        192000,
        208000,
        224000,
        240000,
        256000,
        272000,
        288000,
        304000,
        320000,
        336000,
        352000,
        368000,
        384000,
        400000,
        416000,
        432000,
        448000,
        464000,
        480000,
        496000,
        512000,
        528000,
        544000,
        560000,
        576000,
        592000,
        608000,
        624000,
        640000,
        656000,
        672000,
        688000,
        704000,
        720000,
        736000,
        752000,
        768000,
        784000,
        800000,
        816000,
        832000,
        848000,
        864000,
        880000,
        896000,
        912000,
        928000,
        944000,
        960000,
        976000,
        992000,
        1008000
    ],
    "avg_episodic_reward": [
        -357.17675251335083,
        -371.0243610934057,
        -355.164895590362,
        -404.85714269784125,
        -362.8982701636079,
        -366.8893781641924,
        -364.1041680967754,
        -360.1048950089214,
        -376.5015503814668,
        -360.889890415472,
        -368.5605709617746,
        -358.6321890005863,
        -354.83678777964406,
        -360.5153167786223,
        -343.2836478342871,
        -342.92304386958443,
        -363.11948639549547,
        -351.4616046434714,
        -356.8651469505709,
        -333.66265894388835,
        -372.4540592705773,
        -334.4910055169484,
        -341.348700546553,
        -328.4436819920335,
        -315.11448784145136,
        -333.27036127298203,
        -374.2876389449166,
        -313.4678131440735,
        -315.558178602148,
        -346.80486616138694,
        -321.0827051348207,
        -317.6951649549824,
        -331.56676637565914,
        -326.6802090172786,
        -364.0010275325001,
        -323.9753812772333,
        -336.9212224208271,
        -331.6641752591128,
        -348.1017599852065,
        -312.26026763082507,
        -321.8181245677372,
        -323.4378685635246,
        -319.4643947849562,
        -314.2925344992898,
        -239.70706208580333,
        -324.27167204862747,
        -310.27221215162746,
        -278.50591271044027,
        -319.8611474131484,
        -349.5771364271044,
        -285.91091645158605,
        -322.7187989045717,
        -323.48497063637274,
        -309.5397821282436,
        -308.66131372943045,
        -320.6230788061886,
        -308.14386498226787,
        -286.9178469810028,
        -285.3187025336618,
        -293.0882890960701,
        -315.119038899043,
        -355.9209314031469,
        -317.3044673311194
    ],
    "avg_episode_length": [
        1000.0,
        1000.0,
        1000.0,
        1000.0,
        1000.0,
        1000.0,
        1000.0,
        1000.0,
        1000.0,
        1000.0,
        1000.0,
        1000.0,
        1000.0,
        1000.0,
        1000.0,
        1000.0,
        1000.0,
        1000.0,
        1000.0,
        1000.0,
        1000.0,
        1000.0,
        1000.0,
        1000.0,
        1000.0,
        1000.0,
        1000.0,
        1000.0,
        1000.0,
        1000.0,
        1000.0,
        1000.0,
        1000.0,
        1000.0,
        1000.0,
        1000.0,
        1000.0,
        1000.0,
        1000.0,
        1000.0,
        1000.0,
        1000.0,
        1000.0,
        1000.0,
        1000.0,
        1000.0,
        1000.0,
        1000.0,
        1000.0,
        1000.0,
        1000.0,
        1000.0,
        1000.0,
        1000.0,
        1000.0,
        1000.0,
        1000.0,
        1000.0,
        1000.0,
        1000.0,
        1000.0,
        1000.0,
        1000.0
    ]
}