{
    "steps": [
        10027,
        20080,
        30125,
        40129,
        50158,
        60301,
        70323,
        80367,
        90474,
        100482,
        110663,
        120679,
        130735,
        140875,
        151016,
        161095,
        171258,
        181316,
        191511,
        201891,
        212167,
        222236,
        232346,
        242582,
        253166,
        263692,
        273951,
        284093,
        294109,
        304557,
        314700,
        324903,
        334989,
        345136,
        355336,
        365399,
        375754,
        387729,
        399620,
        409904,
        419924,
        430564,
        440924,
        453300,
        463879,
        474462,
        484776,
        495532,
        505946,
        518486,
        530187,
        540483,
        552315,
        562929,
        574068,
        585367,
        597552,
        609318,
        621562,
        635489,
        647154,
        657490,
        667801,
        678065,
        689922,
        700045,
        711050,
        722938,
        733083,
        743953,
        754584,
        767383,
        778779,
        789668,
        801892,
        812957,
        823380,
        836130,
        847293,
        859816,
        871342,
        882538
    ],
    "avg_episodic_reward": [
        145.4753724805742,
        231.36615215917132,
        235.31029943504717,
        207.47457919344427,
        247.21269433437772,
        371.3613869549846,
        336.22250002259256,
        347.69263100380726,
        417.5689790561834,
        305.82385849335503,
        424.0710030503808,
        261.6276187493628,
        307.960070780073,
        552.2843552944803,
        359.40093546062513,
        567.3851040134479,
        464.41625257773694,
        501.58381444191235,
        705.6284172295145,
        1112.9731850462422,
        1211.0684667358485,
        1335.5923226820194,
        450.49553046843545,
        679.2509336626897,
        1559.5189976565325,
        1406.1611041963604,
        1248.8405300600075,
        1400.2420024458115,
        2606.3405413358896,
        2066.1034849145626,
        1542.0740652343707,
        2022.142339563105,
        1367.2317386498905,
        1106.0321201314393,
        1761.6634137930248,
        2708.3375731550805,
        3206.189307663665,
        5776.4827290373105,
        5853.9133287798995,
        4844.645188267543,
        2887.7851102865006,
        2687.2466340339492,
        4632.943606006848,
        7252.801196435293,
        3345.8773872749885,
        1925.0737746601312,
        1956.791629601602,
        7289.819913454794,
        3338.5933370068637,
        6770.196625803639,
        4312.653813833461,
        2552.204520625114,
        7054.095000436619,
        7921.1220437634,
        5527.664680761014,
        4504.386838512351,
        8121.260193826361,
        7523.0400469709075,
        6809.516747531085,
        9334.016230200075,
        5908.729384998675,
        6617.011334045803,
        6111.479205233618,
        7470.759118227474,
        5592.916015064691,
        9336.943179035321,
        9338.977492515556,
        6407.4047048967095,
        7531.050031319766,
        8545.414605100512,
        9313.863301790803,
        9340.425686272232,
        7930.470125002177,
        9341.80905958043,
        5526.191752814074,
        7945.647249613523,
        9341.422081801657,
        9342.240485040558,
        9341.641599870822,
        8894.894911580563,
        9342.551835301012,
        8069.308429917918
    ],
    "avg_episode_length": [
        15.75,
        25.0,
        25.5,
        22.5,
        26.75,
        40.0,
        36.25,
        37.5,
        45.0,
        33.0,
        45.75,
        28.25,
        33.25,
        59.5,
        38.75,
        61.0,
        50.0,
        54.0,
        76.0,
        119.75,
        130.0,
        143.5,
        48.5,
        73.0,
        167.25,
        151.0,
        134.25,
        150.5,
        279.5,
        221.75,
        165.5,
        217.0,
        146.75,
        118.75,
        189.0,
        290.5,
        343.75,
        619.0,
        627.5,
        519.5,
        309.75,
        288.25,
        496.75,
        777.0,
        358.5,
        206.5,
        210.0,
        781.25,
        358.0,
        726.0,
        462.25,
        273.75,
        755.75,
        848.75,
        592.25,
        482.75,
        870.0,
        805.75,
        729.75,
        1000.0,
        633.25,
        709.25,
        654.75,
        800.0,
        599.25,
        1000.0,
        1000.0,
        686.25,
        806.25,
        915.0,
        997.25,
        1000.0,
        849.0,
        1000.0,
        591.75,
        850.75,
        1000.0,
        1000.0,
        1000.0,
        952.25,
        1000.0,
        863.75
    ]
}