{
    "steps": [
        16000,
        32000,
        48000,
        64000,
        80000,
        96000,
        112000,
        128000,
        144000,
        160000,
        176000,
        192000,
        208000,
        224000,
        240000,
        256000,
        272000,
        288000,
        304000,
        320000,
        336000,
        352000,
        368000,
        384000,
        400000,
        416000,
        432000,
        448000,
        464000,
        480000,
        496000,
        512000,
        528000,
        544000,
        560000,
        576000,
        592000,
        608000,
        624000,
        640000,
        656000,
        672000,
        688000,
        704000,
        720000,
        736000,
        752000,
        768000,
        784000,
        800000,
        816000,
        832000,
        848000,
        864000,
        880000,
        896000,
        912000,
        928000,
        944000,
        960000,
        976000,
        992000,
        1008000
    ],
    "avg_episodic_reward": [
        -3.1351692424375983,
        5.032334600553712,
        3.779244680243214,
        7.095925961511985,
        10.401778102987969,
        13.356956633953637,
        18.405055098342647,
        33.9278211007595,
        42.622844403550424,
        36.747135560442224,
        40.948675562419766,
        41.28847126828859,
        45.094867424319176,
        44.730239542523236,
        51.97124755398116,
        52.68943965959218,
        57.33214519305092,
        60.66506141366307,
        62.41235075603313,
        61.64322706163066,
        63.10472397559175,
        73.25596198750117,
        71.99640290162904,
        75.36527384352567,
        76.1452101676592,
        79.4925562546009,
        78.00882828767158,
        87.54337585708475,
        86.88601695239132,
        92.65354043458346,
        86.69895626769869,
        90.53634850183455,
        89.15827926374101,
        90.98169299283728,
        94.16715329541567,
        97.81779594332048,
        94.44483117394431,
        106.21975833209788,
        99.78540571412299,
        99.39781441681612,
        100.08133423869617,
        99.46136891516025,
        107.31047129590776,
        110.33351169700086,
        106.08091623545118,
        105.20468723456386,
        98.12341713395605,
        118.4413463276007,
        119.00140377668075,
        115.09838714963578,
        124.23230619583119,
        136.69042821298964,
        134.76695613060784,
        124.40710454650375,
        137.09648940067177,
        140.85588841166452,
        141.1557569733218,
        140.29999437175434,
        137.3135804371006,
        139.4475694228044,
        141.811599800356,
        140.93338412439985,
        148.4366977482511
    ],
    "avg_episode_length": [
        1000.0,
        1000.0,
        1000.0,
        1000.0,
        1000.0,
        1000.0,
        1000.0,
        1000.0,
        1000.0,
        1000.0,
        1000.0,
        1000.0,
        1000.0,
        1000.0,
        1000.0,
        1000.0,
        1000.0,
        1000.0,
        1000.0,
        1000.0,
        1000.0,
        1000.0,
        1000.0,
        1000.0,
        1000.0,
        1000.0,
        1000.0,
        1000.0,
        1000.0,
        1000.0,
        1000.0,
        1000.0,
        1000.0,
        1000.0,
        1000.0,
        1000.0,
        1000.0,
        1000.0,
        1000.0,
        1000.0,
        1000.0,
        1000.0,
        1000.0,
        1000.0,
        1000.0,
        1000.0,
        1000.0,
        1000.0,
        1000.0,
        1000.0,
        1000.0,
        1000.0,
        1000.0,
        1000.0,
        1000.0,
        1000.0,
        1000.0,
        1000.0,
        1000.0,
        1000.0,
        1000.0,
        1000.0,
        1000.0
    ]
}