{
    "steps": [
        10240,
        20480,
        30720,
        40960,
        51200,
        61440,
        71680,
        81920,
        92160,
        102400,
        112640,
        122880,
        133120,
        143360,
        153600,
        163840,
        174080,
        184320,
        194560,
        204800,
        215040,
        225280,
        235520,
        245760,
        256000,
        266240,
        276480,
        286720,
        296960,
        307200,
        317440,
        327680,
        337920,
        348160,
        358400,
        368640,
        378880,
        389120,
        399360,
        409600,
        419840,
        430080,
        440320,
        450560,
        460800,
        471040,
        481280,
        491520,
        501760,
        512000,
        522240,
        532480,
        542720,
        552960,
        563200,
        573440,
        583680,
        593920,
        604160,
        614400,
        624640,
        634880,
        645120,
        655360,
        665600,
        675840,
        686080,
        696320,
        706560,
        716800,
        727040,
        737280,
        747520,
        757760,
        768000,
        778240,
        788480,
        798720,
        808960,
        819200,
        829440,
        839680,
        849920,
        860160,
        870400,
        880640,
        890880,
        901120,
        911360,
        921600,
        931840,
        942080,
        952320,
        962560,
        972800,
        983040,
        993280
    ],
    "avg_episodic_reward": [
        -131.36251397749263,
        -137.13175601191716,
        -88.58900202240594,
        -60.47436414886091,
        -30.547939225497544,
        -3.366650612894686,
        13.708322204579915,
        -34.10028830080302,
        54.387848780516975,
        128.3229609262067,
        162.45154281485375,
        225.1968490352902,
        231.95464434347545,
        230.5444938263024,
        370.25795238415674,
        378.7895283876686,
        431.05280920027184,
        522.2985186366905,
        305.2966670034517,
        227.38233358173954,
        549.1884522781121,
        587.721146611232,
        630.1278373776179,
        495.5727729507229,
        500.2158562292625,
        638.9769435066106,
        545.438532368348,
        500.5743018939306,
        764.6266881832682,
        515.1966315228058,
        721.8319886614227,
        790.9261111097383,
        777.4212777240776,
        763.4670850351912,
        761.0358100090775,
        817.712961387834,
        874.6183219136341,
        946.2544464651126,
        885.5298286385128,
        827.8027775190451,
        888.9533521223315,
        895.9566589578424,
        983.006681102765,
        995.7451126755841,
        957.6967854958423,
        973.3210581105882,
        959.1135716352152,
        1064.209868262793,
        1011.5871314818655,
        1008.3836693447168,
        997.1429011415264,
        823.9706361561084,
        951.9876167455986,
        1079.7738023774261,
        1124.6385543437764,
        994.9799338740472,
        1168.6503584999475,
        1159.7504211510968,
        895.3514140290595,
        1094.4421923665132,
        417.52068510096507,
        1127.3196550144035,
        1212.141781571051,
        1176.903310873674,
        1148.1753991293906,
        1182.510049483631,
        1189.019232317199,
        1205.4700914158482,
        1083.693491367731,
        1120.2420664899196,
        1244.9518155342246,
        1008.7582838940218,
        1234.9364407906996,
        1209.0066486656403,
        1242.1999440428274,
        1224.6201650214603,
        1244.1810482794965,
        1165.2262893608881,
        1201.1520197587206,
        373.6664454212588,
        551.3384682817966,
        1526.3904051238765,
        1287.89570832653,
        1274.3680745816414,
        1402.8680241493878,
        1422.3745062873659,
        1486.233269787522,
        1431.0437223615836,
        1432.8412710212192,
        1223.3939360520235,
        1510.9656223299912,
        843.9520353566631,
        700.3882094234781,
        1491.41331404308,
        1314.6446317035757,
        1451.5140926947436,
        732.0233474022716
    ],
    "avg_episode_length": [
        1000.0,
        1000.0,
        1000.0,
        1000.0,
        1000.0,
        1000.0,
        1000.0,
        1000.0,
        1000.0,
        1000.0,
        1000.0,
        1000.0,
        1000.0,
        1000.0,
        1000.0,
        1000.0,
        1000.0,
        1000.0,
        1000.0,
        1000.0,
        1000.0,
        1000.0,
        1000.0,
        1000.0,
        1000.0,
        1000.0,
        1000.0,
        1000.0,
        1000.0,
        1000.0,
        1000.0,
        1000.0,
        1000.0,
        1000.0,
        1000.0,
        1000.0,
        1000.0,
        1000.0,
        1000.0,
        1000.0,
        1000.0,
        1000.0,
        1000.0,
        1000.0,
        1000.0,
        1000.0,
        1000.0,
        1000.0,
        1000.0,
        1000.0,
        1000.0,
        1000.0,
        1000.0,
        1000.0,
        1000.0,
        1000.0,
        1000.0,
        1000.0,
        1000.0,
        1000.0,
        1000.0,
        1000.0,
        1000.0,
        1000.0,
        1000.0,
        1000.0,
        1000.0,
        1000.0,
        1000.0,
        1000.0,
        1000.0,
        1000.0,
        1000.0,
        1000.0,
        1000.0,
        1000.0,
        1000.0,
        1000.0,
        1000.0,
        1000.0,
        1000.0,
        1000.0,
        1000.0,
        1000.0,
        1000.0,
        1000.0,
        1000.0,
        1000.0,
        1000.0,
        1000.0,
        1000.0,
        1000.0,
        1000.0,
        1000.0,
        1000.0,
        1000.0,
        1000.0
    ]
}