{
    "steps": [
        11516,
        23502,
        38772,
        54538,
        70998,
        89747,
        100972,
        111594,
        122913,
        133808,
        144603,
        155303,
        166211,
        177660,
        189583,
        199907,
        211115,
        223525,
        234613,
        246031,
        257235,
        268361,
        279756,
        290722,
        301679,
        313015,
        324857,
        336369,
        348072,
        359937,
        371821,
        383342,
        394284,
        405869,
        416712,
        428693,
        439992,
        451260,
        462932,
        475046,
        486677,
        497648,
        508270,
        519713,
        531719,
        542633,
        554400,
        565813,
        577640,
        591583,
        603757,
        615557,
        627475,
        638461,
        650898,
        664639,
        676826,
        689999,
        704857,
        718251,
        731720,
        747852,
        765453,
        783523,
        801999
    ],
    "avg_episodic_reward": [
        16.869551264396037,
        37.63688493028152,
        69.2202593296572,
        136.59464638282486,
        147.75753644774048,
        181.51814463759717,
        194.98126253369068,
        189.2050900438869,
        230.4612377526194,
        218.75156557506,
        216.15064394528676,
        208.7612284563034,
        245.3072130168777,
        253.21141645587863,
        248.03771504544014,
        245.27614265025898,
        256.891084683935,
        278.99487116947967,
        260.6173818730333,
        271.82745444851224,
        261.9389953648519,
        267.4471618402932,
        271.336026973238,
        271.7527876606805,
        278.5176308321247,
        273.69163431137724,
        280.69050113931826,
        273.8589888402952,
        287.62507547972564,
        290.16006205689087,
        273.53249380737344,
        283.0859290376714,
        277.16338039509543,
        286.96262864557417,
        276.0434446818239,
        302.85141801667453,
        274.88013223794286,
        291.5508455526291,
        295.00545730961676,
        306.37320822413926,
        294.961651969914,
        285.52105993866394,
        286.7404238205594,
        291.88844149487227,
        292.8011933336478,
        283.99402977622486,
        297.2415929822342,
        292.55597298237797,
        299.54166735690103,
        312.5347118922448,
        304.30873125660787,
        295.83816341173224,
        302.5373343645733,
        295.0970378262378,
        310.0244538868729,
        324.3497690704523,
        305.09241576703516,
        332.17641181198746,
        343.037989736238,
        334.0702242056086,
        332.75042268490296,
        374.2128240358567,
        380.90185662645797,
        398.4635422206638,
        398.4216963908435
    ],
    "avg_episode_length": [
        33.84375,
        61.390625,
        87.953125,
        138.390625,
        136.03125,
        154.953125,
        175.390625,
        165.96875,
        176.859375,
        170.234375,
        168.671875,
        167.1875,
        170.4375,
        178.890625,
        186.296875,
        161.3125,
        175.125,
        193.90625,
        173.25,
        178.40625,
        175.0625,
        173.84375,
        178.046875,
        171.34375,
        171.203125,
        177.125,
        185.03125,
        179.875,
        182.859375,
        185.390625,
        185.6875,
        180.015625,
        170.96875,
        181.015625,
        169.421875,
        187.203125,
        176.546875,
        176.0625,
        182.375,
        189.28125,
        181.734375,
        171.421875,
        165.96875,
        178.796875,
        187.59375,
        170.53125,
        183.859375,
        178.328125,
        184.796875,
        217.859375,
        190.21875,
        184.375,
        186.21875,
        171.65625,
        194.328125,
        214.703125,
        190.421875,
        205.828125,
        232.15625,
        209.28125,
        210.453125,
        252.0625,
        275.015625,
        282.34375,
        288.6875
    ]
}