{
    "steps": [
        16000,
        32000,
        48000,
        64000,
        80000,
        96000,
        112000,
        128000,
        144000,
        160000,
        176000,
        192000,
        208000,
        224000,
        240000,
        256000,
        272000,
        288000,
        304000,
        320000,
        336000,
        352000,
        368000,
        384000,
        400000,
        416000,
        432000,
        448000,
        464000,
        480000,
        496000,
        512000,
        528000,
        544000,
        560000,
        576000,
        592000,
        608000,
        624000,
        640000,
        656000,
        672000,
        688000,
        704000,
        720000,
        736000,
        752000,
        768000,
        784000,
        800000,
        816000,
        832000,
        848000,
        864000,
        880000,
        896000,
        912000,
        928000,
        944000,
        960000,
        976000,
        992000,
        1008000
    ],
    "avg_episodic_reward": [
        -247.633574000383,
        -224.63624198879972,
        -224.24780207597115,
        -220.9633629041341,
        -218.71374641696355,
        -230.8443096595276,
        -193.186482646179,
        -176.6583009509216,
        -196.4984991293515,
        -175.1479185079424,
        -163.37033707060533,
        -146.98637804996852,
        -156.96258764572173,
        -130.28658688735032,
        -168.16733936013821,
        -168.3913812920969,
        -149.1831834988953,
        -152.85169696833572,
        -123.73502455739217,
        -123.51915392240588,
        -111.58611327667697,
        -93.34468600709863,
        -110.47026640497958,
        -67.16868606653688,
        -87.24001532122597,
        -53.736307212524885,
        -96.00975666195944,
        -70.28436929603706,
        -75.21969871717226,
        -57.99362303428681,
        -73.98274187310025,
        -65.1624672175183,
        -52.610989918001124,
        -32.11435477794433,
        -28.16492297127789,
        -11.639931332953667,
        -27.528818283619863,
        -18.024905674486007,
        -7.666093852501341,
        17.470209086731582,
        30.39185997974554,
        21.383241083204673,
        22.327315692424055,
        20.233539814085823,
        25.414336728372703,
        43.914424896848786,
        35.711998993412315,
        26.68673491512001,
        40.066942246021675,
        40.75175869167161,
        55.14561329561218,
        49.020035091352284,
        56.66525640729755,
        56.98652124042864,
        79.04369731337407,
        44.63182189959101,
        69.30062110473844,
        78.69107893040513,
        82.50465885585089,
        58.75547728830436,
        101.56823972984304,
        65.61457534798986,
        78.80733259715882
    ],
    "avg_episode_length": [
        1000.0,
        1000.0,
        1000.0,
        1000.0,
        1000.0,
        1000.0,
        1000.0,
        1000.0,
        1000.0,
        1000.0,
        1000.0,
        1000.0,
        1000.0,
        1000.0,
        1000.0,
        1000.0,
        1000.0,
        1000.0,
        1000.0,
        1000.0,
        1000.0,
        1000.0,
        1000.0,
        1000.0,
        1000.0,
        1000.0,
        1000.0,
        1000.0,
        1000.0,
        1000.0,
        1000.0,
        1000.0,
        1000.0,
        1000.0,
        1000.0,
        1000.0,
        1000.0,
        1000.0,
        1000.0,
        1000.0,
        1000.0,
        1000.0,
        1000.0,
        1000.0,
        1000.0,
        1000.0,
        1000.0,
        1000.0,
        1000.0,
        1000.0,
        1000.0,
        1000.0,
        1000.0,
        1000.0,
        1000.0,
        1000.0,
        1000.0,
        1000.0,
        1000.0,
        1000.0,
        1000.0,
        1000.0,
        1000.0
    ]
}