{
    "steps": [
        16000,
        32000,
        48000,
        64000,
        80000,
        96000,
        112000,
        128000,
        144000,
        160000,
        176000,
        192000,
        208000,
        224000,
        240000,
        256000,
        272000,
        288000,
        304000,
        320000,
        336000,
        352000,
        368000,
        384000,
        400000,
        416000,
        432000,
        448000,
        464000,
        480000,
        496000,
        512000,
        528000,
        544000,
        560000,
        576000,
        592000,
        608000,
        624000,
        640000,
        656000,
        672000,
        688000,
        704000,
        720000,
        736000,
        752000,
        768000,
        784000,
        800000,
        816000,
        832000,
        848000,
        864000,
        880000,
        896000,
        912000,
        928000,
        944000,
        960000,
        976000,
        992000,
        1008000
    ],
    "avg_episodic_reward": [
        -252.5599063568098,
        -251.90555838306142,
        -246.67210909113402,
        -218.41993808076109,
        -203.8663315807586,
        -175.55227577660926,
        -194.43585101469176,
        -188.87584745525396,
        -155.84141428371385,
        -128.20327732686928,
        -135.18295930444228,
        -157.37540068723717,
        -132.03200391262828,
        -99.91189414973641,
        -78.876130426612,
        -75.22041959578677,
        -73.42188149586535,
        -50.29981549670854,
        -74.08387228099394,
        -67.52523942765296,
        -38.25332543584278,
        -54.989445034824385,
        -38.04172267619779,
        -15.825724330526011,
        -28.77072619384453,
        -25.08525571065936,
        -35.939084100237125,
        -30.406315704736258,
        -1.0422711444337283,
        -29.04908531100024,
        -6.412272856644304,
        -24.639837901848548,
        -6.234865696939007,
        -7.058519863335883,
        8.096589271361937,
        2.2955926674692746,
        34.333968748753556,
        18.647828102490628,
        33.476108393094705,
        38.08785833158126,
        37.9896528110865,
        37.46768946856886,
        0.39669388455801524,
        45.382554146038174,
        53.001961702941436,
        25.590550937786368,
        64.65408231417217,
        48.05108778839465,
        54.36049081046886,
        39.33491732266456,
        70.5322935553069,
        73.35590608919699,
        58.449726265610295,
        72.7259336738308,
        79.19794565279088,
        76.09493752826484,
        97.62342661004669,
        105.06504743893505,
        63.20457925608767,
        78.57700557399436,
        95.88731442046796,
        124.78121870810656,
        105.65634537139934
    ],
    "avg_episode_length": [
        1000.0,
        1000.0,
        1000.0,
        1000.0,
        1000.0,
        1000.0,
        1000.0,
        1000.0,
        1000.0,
        1000.0,
        1000.0,
        1000.0,
        1000.0,
        1000.0,
        1000.0,
        1000.0,
        1000.0,
        1000.0,
        1000.0,
        1000.0,
        1000.0,
        1000.0,
        1000.0,
        1000.0,
        1000.0,
        1000.0,
        1000.0,
        1000.0,
        1000.0,
        1000.0,
        1000.0,
        1000.0,
        1000.0,
        1000.0,
        1000.0,
        1000.0,
        1000.0,
        1000.0,
        1000.0,
        1000.0,
        1000.0,
        1000.0,
        1000.0,
        1000.0,
        1000.0,
        1000.0,
        1000.0,
        1000.0,
        1000.0,
        1000.0,
        1000.0,
        1000.0,
        1000.0,
        1000.0,
        1000.0,
        1000.0,
        1000.0,
        1000.0,
        1000.0,
        1000.0,
        1000.0,
        1000.0,
        1000.0
    ]
}