{
    "steps": [
        10240,
        20480,
        30720,
        40960,
        51200,
        61440,
        71680,
        81920,
        92160,
        102400,
        112640,
        122880,
        133120,
        143360,
        153600,
        163840,
        174080,
        184320,
        194560,
        204800,
        215040,
        225280,
        235520,
        245760,
        256000,
        266240,
        276480,
        286720,
        296960,
        307200,
        317440,
        327680,
        337920,
        348160,
        358400,
        368640,
        378880,
        389120,
        399360,
        409600,
        419840,
        430080,
        440320,
        450560,
        460800,
        471040,
        481280,
        491520,
        501760,
        512000,
        522240,
        532480,
        542720,
        552960,
        563200,
        573440,
        583680,
        593920,
        604160,
        614400,
        624640,
        634880,
        645120,
        655360,
        665600,
        675840,
        686080,
        696320,
        706560,
        716800,
        727040,
        737280,
        747520,
        757760,
        768000,
        778240,
        788480,
        798720,
        808960,
        819200,
        829440,
        839680,
        849920,
        860160,
        870400,
        880640,
        890880,
        901120,
        911360,
        921600,
        931840,
        942080,
        952320,
        962560,
        972800,
        983040,
        993280
    ],
    "avg_episodic_reward": [
        -374.4663229649608,
        -395.244566004045,
        -286.5432121982087,
        -257.95041948499136,
        -370.5890296092095,
        -280.50226621252796,
        -275.16716569044564,
        -260.82971073150395,
        -228.5160995111097,
        -155.8463678151049,
        -238.76897459522706,
        -163.21735687867107,
        -179.1785632696767,
        -63.56522474059503,
        -20.242746520892084,
        -54.17090922314966,
        76.80081288142257,
        88.39438632330948,
        179.63961860313077,
        96.29599777841553,
        108.24362654643328,
        368.5727389292633,
        316.7074617972905,
        -72.59618504987519,
        285.22102349159746,
        453.5930649908556,
        249.1775668813666,
        293.7204016846422,
        513.1921716790932,
        215.00924960169067,
        422.95317188642014,
        513.8234524046546,
        465.9911110130356,
        208.93090417727754,
        330.84343717748135,
        436.98204457246663,
        362.69655962844666,
        579.1924123727056,
        408.0983503291966,
        467.24774386063393,
        705.2788511754816,
        437.9536069160173,
        233.07150993707677,
        496.4051864960661,
        517.8866239501415,
        416.51882570892866,
        695.7076309366657,
        699.9815211344041,
        419.54194403444876,
        549.2310226236319,
        623.431251309623,
        676.7790497519411,
        755.5036345999868,
        621.1755578382682,
        719.5767843106837,
        603.2255634923368,
        723.7940484194163,
        772.6400203064519,
        940.792527288862,
        725.1711678584655,
        773.7801442160641,
        905.9784810439123,
        901.5683518402268,
        971.5728686466532,
        1041.318939641806,
        1263.501442443762,
        861.5202274357632,
        1062.8483152423137,
        1014.4387745167269,
        1046.1243474154219,
        1196.523708777231,
        1338.619889765694,
        1001.3507659986719,
        1263.105779698927,
        1006.7908580391158,
        1194.5351467321857,
        1195.600085545721,
        1440.0125689944093,
        1436.9513930182252,
        1171.0435319978078,
        1629.4629086154173,
        1913.2514625251683,
        1686.5217824114234,
        1487.8385886617089,
        2042.6943163153865,
        2273.447568950485,
        2027.074144937588,
        1927.4696814243935,
        1608.2328446963265,
        1242.4040357208341,
        2259.4170774593636,
        2451.858456867819,
        2489.076678666179,
        1312.9419984031326,
        2927.5650455849313,
        2138.489491487338,
        1560.6837382896888
    ],
    "avg_episode_length": [
        1000.0,
        1000.0,
        1000.0,
        1000.0,
        1000.0,
        1000.0,
        1000.0,
        1000.0,
        1000.0,
        1000.0,
        1000.0,
        1000.0,
        1000.0,
        1000.0,
        1000.0,
        1000.0,
        1000.0,
        1000.0,
        1000.0,
        1000.0,
        1000.0,
        1000.0,
        1000.0,
        1000.0,
        1000.0,
        1000.0,
        1000.0,
        1000.0,
        1000.0,
        1000.0,
        1000.0,
        1000.0,
        1000.0,
        1000.0,
        1000.0,
        1000.0,
        1000.0,
        1000.0,
        1000.0,
        1000.0,
        1000.0,
        1000.0,
        1000.0,
        1000.0,
        1000.0,
        1000.0,
        1000.0,
        1000.0,
        1000.0,
        1000.0,
        1000.0,
        1000.0,
        1000.0,
        1000.0,
        1000.0,
        1000.0,
        1000.0,
        1000.0,
        1000.0,
        1000.0,
        1000.0,
        1000.0,
        1000.0,
        1000.0,
        1000.0,
        1000.0,
        1000.0,
        1000.0,
        1000.0,
        1000.0,
        1000.0,
        1000.0,
        1000.0,
        1000.0,
        1000.0,
        1000.0,
        1000.0,
        1000.0,
        1000.0,
        1000.0,
        1000.0,
        1000.0,
        1000.0,
        1000.0,
        1000.0,
        1000.0,
        1000.0,
        1000.0,
        1000.0,
        1000.0,
        1000.0,
        1000.0,
        1000.0,
        1000.0,
        1000.0,
        1000.0,
        1000.0
    ]
}