{
    "steps": [
        10240,
        20480,
        30720,
        40960,
        51200,
        61440,
        71680,
        81920,
        92160,
        102400,
        112640,
        122880,
        133120,
        143360,
        153600,
        163840,
        174080,
        184320,
        194560,
        204800,
        215040,
        225280,
        235520,
        245760,
        256000,
        266240,
        276480,
        286720,
        296960,
        307200,
        317440,
        327680,
        337920,
        348160,
        358400,
        368640,
        378880,
        389120,
        399360,
        409600,
        419840,
        430080,
        440320,
        450560,
        460800,
        471040,
        481280,
        491520,
        501760,
        512000,
        522240,
        532480,
        542720,
        552960,
        563200,
        573440,
        583680,
        593920,
        604160,
        614400,
        624640,
        634880,
        645120,
        655360,
        665600,
        675840,
        686080,
        696320,
        706560,
        716800,
        727040,
        737280,
        747520,
        757760,
        768000,
        778240,
        788480,
        798720,
        808960,
        819200,
        829440,
        839680,
        849920,
        860160,
        870400,
        880640,
        890880,
        901120,
        911360,
        921600,
        931840,
        942080,
        952320,
        962560,
        972800,
        983040,
        993280
    ],
    "avg_episodic_reward": [
        -424.49027132466483,
        -274.44068031434267,
        -334.94451920413553,
        -265.2884849355821,
        -333.0938655142316,
        -338.3016190056969,
        -296.75946672190366,
        -259.72088869442473,
        -294.7329318550319,
        -328.3650238164103,
        -221.20392009134014,
        -195.75607770241936,
        -203.3620598285517,
        -197.63847990832323,
        -135.4038550771614,
        -155.47889646542112,
        -147.90727196812418,
        -90.50058737594082,
        -52.996076683458014,
        -160.36426698464138,
        68.57740577574934,
        214.65664898158786,
        376.49639828368913,
        401.3416470973193,
        384.79834889363707,
        550.201264381436,
        348.3670637959227,
        378.2246931641697,
        524.7502374527974,
        492.323647746334,
        741.13445320741,
        698.3300828358531,
        529.7801245711541,
        579.6041558365016,
        117.22169733695785,
        872.1433945091206,
        652.1157216745651,
        703.8146961220932,
        628.5702134516296,
        986.0231725051701,
        803.5014164527138,
        849.7960945901149,
        956.2459917966182,
        923.5935449608692,
        863.4683712941542,
        729.8474109032562,
        1035.5305956721766,
        850.1837883353746,
        923.3854361785727,
        1030.3107787363087,
        950.6265916668292,
        1028.10487656021,
        901.6063056633833,
        1053.7347058623068,
        1033.8297511142714,
        1021.903799959867,
        1015.2019712486485,
        1021.2072663249853,
        1083.8397813943002,
        1261.414257509647,
        1102.86958489757,
        1510.2285380915218,
        1283.6506537828732,
        1255.1364444587234,
        1103.4752830585983,
        1117.485056470999,
        1146.4848117461333,
        1663.3703686449705,
        1669.860634567379,
        1174.2053144363933,
        2118.1692475397635,
        1807.2435534067126,
        1354.2028812473366,
        1301.1988184721683,
        1371.8710844018963,
        1776.588505497978,
        2469.6993548751007,
        1337.7128886925602,
        1146.9037672844252,
        1633.5774759199703,
        1780.2000525479937,
        1899.2565850545566,
        1773.3617805280994,
        1854.3351114414065,
        1247.2276260598874,
        1387.613388557268,
        2369.842373406268,
        2496.581486858873,
        2393.3178736498085,
        2265.1356294333627,
        2420.5970412000543,
        1992.8231644539924,
        1447.1704448437554,
        1794.1886191156768,
        2572.7434110559366,
        1841.7048977562524,
        2294.931337667296
    ],
    "avg_episode_length": [
        1000.0,
        1000.0,
        1000.0,
        1000.0,
        1000.0,
        1000.0,
        1000.0,
        1000.0,
        1000.0,
        1000.0,
        1000.0,
        1000.0,
        1000.0,
        1000.0,
        1000.0,
        1000.0,
        1000.0,
        1000.0,
        1000.0,
        1000.0,
        1000.0,
        1000.0,
        1000.0,
        1000.0,
        1000.0,
        1000.0,
        1000.0,
        1000.0,
        1000.0,
        1000.0,
        1000.0,
        1000.0,
        1000.0,
        1000.0,
        1000.0,
        1000.0,
        1000.0,
        1000.0,
        1000.0,
        1000.0,
        1000.0,
        1000.0,
        1000.0,
        1000.0,
        1000.0,
        1000.0,
        1000.0,
        1000.0,
        1000.0,
        1000.0,
        1000.0,
        1000.0,
        1000.0,
        1000.0,
        1000.0,
        1000.0,
        1000.0,
        1000.0,
        1000.0,
        1000.0,
        1000.0,
        1000.0,
        1000.0,
        1000.0,
        1000.0,
        1000.0,
        1000.0,
        1000.0,
        1000.0,
        1000.0,
        1000.0,
        1000.0,
        1000.0,
        1000.0,
        1000.0,
        1000.0,
        1000.0,
        1000.0,
        1000.0,
        1000.0,
        1000.0,
        1000.0,
        1000.0,
        1000.0,
        1000.0,
        1000.0,
        1000.0,
        1000.0,
        1000.0,
        1000.0,
        1000.0,
        1000.0,
        1000.0,
        1000.0,
        1000.0,
        1000.0,
        1000.0
    ]
}