{
    "steps": [
        10332,
        21639,
        31735,
        43204,
        53785,
        64701,
        75628,
        86093,
        96592,
        107633,
        119711,
        131170,
        141831,
        153042,
        164307,
        175395,
        186914,
        197753,
        208280,
        219116,
        230009,
        240573,
        251385,
        263010,
        274257,
        285310,
        296189,
        307538,
        318788,
        329898,
        341031,
        352215,
        363880,
        374944,
        386208,
        397392,
        408479,
        420228,
        431874,
        442676,
        453782,
        464229,
        474859,
        485143,
        495631,
        506600,
        517314,
        527906,
        538316,
        549247,
        560535,
        570997,
        581826,
        592128,
        602904,
        613052,
        623614,
        633937,
        644345,
        655168,
        666239,
        677077,
        687985,
        698625,
        709575,
        720704,
        731665,
        742864,
        753563,
        764550,
        775802,
        787198,
        797783,
        808999,
        819778,
        830566,
        841125,
        851724,
        862099,
        872316,
        882821,
        893558,
        903888,
        915771,
        927786,
        937935,
        949933,
        961545,
        973210,
        985065,
        996687
    ],
    "avg_episodic_reward": [
        150.31810301300936,
        226.2107211267077,
        270.59911428809255,
        288.24708504011454,
        290.79789403430635,
        319.3067447374101,
        320.69021464053475,
        298.7758323130205,
        297.72476870031136,
        345.58835003931506,
        345.7212834781416,
        337.2863294209275,
        290.0572378985048,
        336.66669690615333,
        299.2813300838774,
        318.4521382768602,
        343.7373085608334,
        308.90596771461003,
        297.8953809814022,
        329.7598464174864,
        328.6404619592418,
        333.7200218730345,
        323.53993372603827,
        348.796021785309,
        341.6038463189859,
        334.48264901744227,
        321.1743840834404,
        327.41832992828216,
        318.626534799037,
        320.1701230748289,
        336.9893042170799,
        313.3396741258598,
        353.75701863086783,
        326.71990712132003,
        307.69587104238826,
        303.42278867094205,
        346.3346417774196,
        342.78476641363676,
        320.13508795525667,
        323.331804995152,
        312.42797851164846,
        317.8315142338621,
        303.3825074308404,
        303.74499187692766,
        307.456276743236,
        313.15897642940246,
        323.538405011888,
        291.75832857496647,
        280.32579702675787,
        328.3974525513961,
        332.85744559045156,
        297.57969134547636,
        321.5145490161634,
        306.3517325677112,
        331.0427721144946,
        327.43162005584736,
        329.3968468135648,
        294.71592557353165,
        302.8779531210177,
        317.63456118193676,
        342.66998557280004,
        326.54293233880105,
        308.74223617989475,
        289.4682481644702,
        316.37126007535676,
        312.07443094008363,
        334.1700469345026,
        309.973340611685,
        304.8571824813622,
        308.99878890553146,
        314.0372615878267,
        299.3485931492565,
        285.43548588112145,
        334.29968997052885,
        303.18951790653045,
        306.57488576080266,
        303.79022016657154,
        298.43843428266337,
        304.84987105807045,
        283.63492730170515,
        305.427838156414,
        326.12754351981164,
        283.2464280043358,
        312.02864026263586,
        291.59074810846175,
        300.9696575280784,
        294.7869605534893,
        272.2213031573204,
        274.17025365251925,
        297.83416335210535,
        285.6504546602371
    ],
    "avg_episode_length": [
        16.265625,
        24.46875,
        29.265625,
        31.125,
        31.40625,
        34.4375,
        34.578125,
        32.234375,
        32.125,
        37.234375,
        37.28125,
        36.375,
        31.3125,
        36.28125,
        32.328125,
        34.34375,
        37.0625,
        33.328125,
        32.171875,
        35.5625,
        35.4375,
        36.0,
        34.90625,
        37.59375,
        36.8125,
        36.0625,
        34.640625,
        35.296875,
        34.375,
        34.546875,
        36.328125,
        33.796875,
        38.125,
        35.234375,
        33.171875,
        32.75,
        37.3125,
        36.9375,
        34.515625,
        34.875,
        33.703125,
        34.28125,
        32.75,
        32.765625,
        33.171875,
        33.78125,
        34.90625,
        31.5,
        30.28125,
        35.40625,
        35.890625,
        32.109375,
        34.671875,
        33.078125,
        35.6875,
        35.3125,
        35.515625,
        31.8125,
        32.703125,
        34.265625,
        36.953125,
        35.234375,
        33.328125,
        31.265625,
        34.140625,
        33.65625,
        36.03125,
        33.453125,
        32.90625,
        33.359375,
        33.890625,
        32.3125,
        30.828125,
        36.046875,
        32.734375,
        33.109375,
        32.8125,
        32.21875,
        32.90625,
        30.625,
        32.984375,
        35.1875,
        30.59375,
        33.703125,
        31.5,
        32.515625,
        31.828125,
        29.421875,
        29.625,
        32.171875,
        30.859375
    ]
}