{
    "steps": [
        64000,
        128000,
        192000,
        256000,
        320000,
        384000,
        448000,
        512000,
        576000,
        640000,
        704000,
        768000,
        832000,
        896000,
        960000,
        960000,
        1024000
    ],
    "avg_episodic_reward": [
        -375.72704552921095,
        -361.65555822421976,
        -364.23039807813376,
        -375.6132177808596,
        -366.8563879264169,
        -357.37431294045075,
        -353.8225541221254,
        -355.3197256884098,
        -348.32233795442585,
        -361.9539929915684,
        -350.27600362251974,
        -354.70453849195763,
        -345.0233391850702,
        -352.49049812544473,
        -342.37623419238207,
        -357.8860032265768,
        -351.3853492562798
    ],
    "avg_episode_length": [
        1000.0,
        1000.0,
        1000.0,
        1000.0,
        1000.0,
        1000.0,
        1000.0,
        1000.0,
        1000.0,
        1000.0,
        1000.0,
        1000.0,
        1000.0,
        1000.0,
        1000.0,
        1000.0,
        1000.0
    ]
}