{
    "steps": [
        16000,
        32000,
        48000,
        64000,
        80000,
        96000,
        112000,
        128000,
        144000,
        160000,
        176000,
        192000,
        208000,
        224000,
        240000,
        256000,
        272000,
        288000,
        304000,
        320000,
        336000,
        352000,
        368000,
        384000,
        400000,
        416000,
        432000,
        448000,
        464000,
        480000,
        496000,
        512000,
        528000,
        544000,
        560000,
        576000,
        592000,
        608000,
        624000,
        640000,
        656000,
        672000,
        688000,
        704000,
        720000,
        736000,
        752000,
        768000,
        784000,
        800000,
        816000,
        832000,
        848000,
        864000,
        880000,
        896000,
        912000,
        928000,
        944000,
        960000,
        976000,
        992000,
        1008000
    ],
    "avg_episodic_reward": [
        -252.5599063568098,
        -245.9602973219313,
        -227.22746565682027,
        -206.86467277242355,
        -231.31047030474727,
        -178.54805971337785,
        -202.84053714169818,
        -177.12258769943838,
        -200.5215258896545,
        -165.58873259573988,
        -176.21691607279996,
        -189.40819729912965,
        -179.2911698439342,
        -145.62475253442156,
        -158.71874343469364,
        -135.8604530177371,
        -145.78320751711766,
        -138.18811976171907,
        -128.26080608786418,
        -144.07537651451895,
        -137.87268686333164,
        -102.21770895337019,
        -123.63611490065958,
        -121.15994843535856,
        -100.28116727557186,
        -110.41041800090264,
        -135.61538376697695,
        -103.78788348035742,
        -114.29840596217849,
        -87.89197007733819,
        -79.87061105701883,
        -93.11550729940711,
        -67.03441792107883,
        -82.69269135777664,
        -65.82754657772689,
        -57.560959864858006,
        -67.73616916112587,
        -59.70214107045082,
        -56.960394947986416,
        -64.05760469128046,
        -82.20641119964773,
        -96.12445651437028,
        -72.8912866780262,
        -36.42386400853192,
        -44.765444239139526,
        -28.856969039235903,
        -48.918366911916934,
        -24.937604700773147,
        -41.703410511877635,
        -41.93438866686374,
        -57.98124399004729,
        -40.5154182856452,
        -64.45425547608974,
        -52.85380705957651,
        -28.250506991803785,
        -30.612816608692604,
        -35.245559901053284,
        -50.3256340192252,
        -59.126309124245864,
        -32.24868245223578,
        -22.790527910153976,
        -10.783247390304268,
        -6.152344887220462
    ],
    "avg_episode_length": [
        1000.0,
        1000.0,
        1000.0,
        1000.0,
        1000.0,
        1000.0,
        1000.0,
        1000.0,
        1000.0,
        1000.0,
        1000.0,
        1000.0,
        1000.0,
        1000.0,
        1000.0,
        1000.0,
        1000.0,
        1000.0,
        1000.0,
        1000.0,
        1000.0,
        1000.0,
        1000.0,
        1000.0,
        1000.0,
        1000.0,
        1000.0,
        1000.0,
        1000.0,
        1000.0,
        1000.0,
        1000.0,
        1000.0,
        1000.0,
        1000.0,
        1000.0,
        1000.0,
        1000.0,
        1000.0,
        1000.0,
        1000.0,
        1000.0,
        1000.0,
        1000.0,
        1000.0,
        1000.0,
        1000.0,
        1000.0,
        1000.0,
        1000.0,
        1000.0,
        1000.0,
        1000.0,
        1000.0,
        1000.0,
        1000.0,
        1000.0,
        1000.0,
        1000.0,
        1000.0,
        1000.0,
        1000.0,
        1000.0
    ]
}