{
    "steps": [
        16000,
        32000,
        48000,
        64000,
        80000,
        96000,
        112000,
        128000,
        144000,
        160000,
        176000,
        192000,
        208000,
        224000,
        240000,
        256000,
        272000,
        288000,
        304000,
        320000,
        336000,
        352000,
        368000,
        384000,
        400000,
        416000,
        432000,
        448000,
        464000,
        480000,
        496000,
        512000,
        528000,
        544000,
        560000,
        576000,
        592000,
        608000,
        624000,
        640000,
        656000,
        672000,
        688000,
        704000,
        720000,
        736000,
        752000,
        768000,
        784000,
        800000,
        816000,
        832000,
        848000,
        864000,
        880000,
        896000,
        912000,
        928000,
        944000,
        960000,
        976000,
        992000,
        1008000
    ],
    "avg_episodic_reward": [
        -357.17675251335083,
        -397.25104228235716,
        -402.3466119639369,
        -430.77270819092655,
        -393.3139075232307,
        -389.11056294959576,
        -376.182412997591,
        -336.48741570911886,
        -412.8995970741605,
        -378.2669589240087,
        -385.1210709269602,
        -372.1658437706864,
        -384.78069634515515,
        -347.79101671134003,
        -352.41663546408506,
        -367.81323686891267,
        -361.3482045444257,
        -373.0562606158129,
        -297.08822428443693,
        -344.7993687062368,
        -413.58322685029344,
        -328.5051052586633,
        -338.67165418663274,
        -326.4041730568548,
        -370.5153504263219,
        -292.60397433576594,
        -332.329620961164,
        -292.8598906663244,
        -320.53235543829555,
        -356.53029735217774,
        -326.7097916279412,
        -299.2246978412145,
        -334.0506583797724,
        -330.2721727932958,
        -281.6256507889724,
        -338.7200064267871,
        -312.4775383805611,
        -316.89166706737075,
        -311.81748828175205,
        -305.12387911512633,
        -331.27141033559116,
        -290.04471006330914,
        -282.95318566456615,
        -290.83395554164747,
        -319.2049752388565,
        -333.61943395699825,
        -277.62932577913216,
        -286.7219298512382,
        -278.05793971245515,
        -302.742550149805,
        -251.92603426644183,
        -313.91303602733853,
        -281.0918791534724,
        -270.27683541063345,
        -297.75298691605195,
        -273.52253820622894,
        -303.8021624244849,
        -303.41881526849477,
        -259.48457195783436,
        -270.8220763801255,
        -278.95352748807875,
        -239.25794673444705,
        -245.9416738830993
    ],
    "avg_episode_length": [
        1000.0,
        1000.0,
        1000.0,
        1000.0,
        1000.0,
        1000.0,
        1000.0,
        1000.0,
        1000.0,
        1000.0,
        1000.0,
        1000.0,
        1000.0,
        1000.0,
        1000.0,
        1000.0,
        1000.0,
        1000.0,
        1000.0,
        1000.0,
        1000.0,
        1000.0,
        1000.0,
        1000.0,
        1000.0,
        1000.0,
        1000.0,
        1000.0,
        1000.0,
        1000.0,
        1000.0,
        1000.0,
        1000.0,
        1000.0,
        1000.0,
        1000.0,
        1000.0,
        1000.0,
        1000.0,
        1000.0,
        1000.0,
        1000.0,
        1000.0,
        1000.0,
        1000.0,
        1000.0,
        1000.0,
        1000.0,
        1000.0,
        1000.0,
        1000.0,
        1000.0,
        1000.0,
        1000.0,
        1000.0,
        1000.0,
        1000.0,
        1000.0,
        1000.0,
        1000.0,
        1000.0,
        1000.0,
        1000.0
    ]
}