{
    "steps": [
        10628,
        24631,
        37983,
        50178,
        63528,
        79286,
        98094,
        116979,
        136185,
        155137,
        175082,
        185294,
        205684,
        225911,
        246467,
        256473,
        266506,
        276654,
        297178,
        307748,
        319104,
        330295,
        340828,
        351149,
        362668,
        373367,
        384194,
        395143,
        405910,
        417105,
        429005,
        440168,
        451757,
        463118,
        474477,
        485533,
        496483,
        507829,
        520247,
        531468,
        542568,
        554902,
        566434,
        579337,
        592633,
        606725,
        619563,
        633754,
        648616,
        664058,
        679730,
        693203,
        710070,
        730625,
        750218,
        770172,
        791709,
        814486,
        842973,
        871239,
        899485,
        928076,
        962607,
        995127,
        1022324
    ],
    "avg_episodic_reward": [
        8.613084413657734,
        34.331007925258675,
        43.77998192601086,
        78.83213536638542,
        97.27997341833773,
        100.88458978398624,
        163.03287421230553,
        158.74950060977412,
        173.49255663099382,
        197.80077245692792,
        210.67400237059167,
        234.34573430458966,
        232.21023271222535,
        235.130167032639,
        260.32617346374576,
        238.58468884524257,
        250.73865633956504,
        249.569070794796,
        270.4802427621834,
        262.8864111567863,
        259.4003394742685,
        256.42921755066135,
        237.2517621897041,
        246.3332663191275,
        282.3329674794511,
        274.69854491618526,
        272.32656696408435,
        276.2532243585267,
        271.8017241931087,
        288.194935152667,
        284.5322552054578,
        277.13144857476743,
        285.070350594315,
        296.7898605372506,
        279.3284746970698,
        283.3862846584633,
        281.97477964663767,
        291.7418695589299,
        312.7920112359493,
        267.7311568079885,
        288.30995541571696,
        320.31809443526447,
        294.0985118116681,
        324.80576980377776,
        322.2375902921541,
        320.05753885032664,
        321.40240588409046,
        347.761525844385,
        358.6098389189077,
        374.6169579810919,
        363.4854017268538,
        343.16986049546193,
        385.35437994909535,
        421.02401409219476,
        413.5037218575055,
        432.6672081421024,
        441.9898401343319,
        467.8188956598658,
        540.3600140041797,
        540.3393651919969,
        529.6716026035799,
        542.8305138255548,
        618.2756657339087,
        597.5444141825859,
        526.2590122676814
    ],
    "avg_episode_length": [
        27.59375,
        63.71875,
        71.328125,
        106.90625,
        105.6875,
        117.65625,
        154.109375,
        146.28125,
        148.0625,
        158.21875,
        159.734375,
        159.5625,
        163.984375,
        162.5,
        165.828125,
        156.34375,
        156.765625,
        158.5625,
        167.859375,
        165.15625,
        177.4375,
        174.859375,
        164.578125,
        161.265625,
        179.984375,
        167.171875,
        169.171875,
        171.078125,
        168.234375,
        174.921875,
        185.9375,
        174.421875,
        181.078125,
        177.515625,
        177.484375,
        172.75,
        171.09375,
        177.28125,
        194.03125,
        175.328125,
        173.4375,
        192.71875,
        180.1875,
        201.609375,
        207.75,
        220.1875,
        200.59375,
        221.734375,
        232.21875,
        241.28125,
        244.875,
        210.515625,
        263.546875,
        321.171875,
        306.140625,
        311.78125,
        336.515625,
        355.890625,
        445.109375,
        441.65625,
        441.34375,
        446.734375,
        539.546875,
        508.125,
        424.953125
    ]
}