{
    "steps": [
        10268,
        20519,
        30721,
        40746,
        50956,
        61086,
        71158,
        81731,
        92645,
        103012,
        113456,
        124402,
        135649,
        148120,
        158125,
        170976,
        183648,
        196641,
        210230,
        223617,
        235101,
        245575,
        256630,
        268180,
        278859,
        289018,
        300294,
        311910,
        323105,
        336751,
        347822,
        360354,
        370432,
        380471,
        391898,
        402461,
        413453,
        423691,
        435903,
        449088,
        459671,
        471355,
        482599,
        492874,
        504177,
        514678,
        525827,
        537088,
        548188,
        559960,
        571402,
        583231,
        594291,
        605593,
        616844,
        626983,
        640159,
        651196,
        661945,
        673593,
        683692,
        677720
    ],
    "avg_episodic_reward": [
        84.64956323889893,
        188.56823462657047,
        140.97424530854627,
        184.96878750304992,
        246.40382116040786,
        269.9280281026324,
        197.95246138416502,
        382.27058882881096,
        316.67592413498807,
        433.40614048387994,
        547.7967665235332,
        530.3916739144756,
        557.8921868219909,
        945.6610040045942,
        1047.7217387615237,
        820.3933024224968,
        1033.305493733855,
        1045.7429536917389,
        987.6571319338448,
        894.9292015180662,
        910.0564873660124,
        794.1911503920045,
        964.8290162866839,
        919.1756963222007,
        1024.984678323489,
        865.1253077351026,
        901.6129649323472,
        1064.9910096828162,
        889.9460943636858,
        1059.1710850892214,
        882.5092942261679,
        980.6938751913649,
        768.0961661210747,
        1026.1725002222724,
        1027.5032731257015,
        1018.8630891854602,
        898.8921390841504,
        743.2189434101863,
        1093.048483097836,
        1033.8548732687154,
        987.5768387455873,
        1036.2460491812583,
        1022.4986296119555,
        1038.9730955171742,
        1032.3342467579278,
        963.5972069572284,
        996.7878171030115,
        1035.607032105571,
        898.2262803622143,
        1097.6708643605893,
        1052.0370577504198,
        1040.4905744170046,
        993.9586841247328,
        895.4864850990208,
        974.9128969037248,
        847.2151417591497,
        1061.7312129033694,
        979.1471295541619,
        930.3786223968292,
        1055.5749211437292,
        898.3291267327772,
        1053.224242545748
    ],
    "avg_episode_length": [
        68.5,
        100.0,
        71.75,
        101.5,
        129.75,
        164.0,
        156.0,
        253.0,
        271.25,
        307.25,
        461.25,
        386.5,
        420.0,
        897.0,
        1000.0,
        778.5,
        952.75,
        1000.0,
        916.0,
        852.25,
        893.25,
        808.25,
        939.0,
        911.25,
        1000.0,
        773.25,
        886.5,
        1000.0,
        841.5,
        999.25,
        755.25,
        880.25,
        671.0,
        943.5,
        1000.0,
        950.0,
        748.0,
        609.75,
        976.5,
        1000.0,
        861.75,
        1000.0,
        1000.0,
        1000.0,
        1000.0,
        827.25,
        890.5,
        1000.0,
        775.0,
        943.0,
        962.0,
        1000.0,
        887.0,
        825.5,
        812.75,
        747.5,
        975.0,
        844.75,
        800.5,
        958.25,
        764.5,
        991.5
    ]
}