{
    "steps": [
        16000,
        32000,
        48000,
        64000,
        80000,
        96000,
        112000,
        128000,
        144000,
        160000,
        176000,
        192000,
        208000,
        224000,
        240000,
        256000,
        272000,
        288000,
        304000,
        320000,
        336000,
        352000,
        368000,
        384000,
        400000,
        416000,
        432000,
        448000,
        464000,
        480000,
        496000,
        512000,
        528000,
        544000,
        560000,
        576000,
        592000,
        608000,
        624000,
        640000,
        656000,
        672000,
        688000,
        704000,
        720000,
        736000,
        752000,
        768000,
        784000,
        800000,
        816000,
        832000,
        848000,
        864000,
        880000,
        896000,
        912000,
        928000,
        944000,
        960000,
        976000,
        992000,
        1008000
    ],
    "avg_episodic_reward": [
        -387.91760844214224,
        -360.99680840234896,
        -377.39391711693804,
        -361.67803384954846,
        -368.34205407093475,
        -380.42151081166463,
        -364.8971985480848,
        -386.121119856209,
        -361.68435638553075,
        -336.2448969472848,
        -341.75258962753446,
        -344.938997883993,
        -359.7960038767498,
        -329.67977679423075,
        -359.66008976267835,
        -355.8044557257531,
        -332.6607805363886,
        -366.76723966115526,
        -347.9183758835587,
        -348.36449080346574,
        -333.5135755564828,
        -374.30555005899566,
        -339.5431137271589,
        -361.12727724788397,
        -359.57846295177706,
        -316.41635818412493,
        -335.39526977266416,
        -349.2621316928298,
        -309.5515398855738,
        -365.3186905556415,
        -328.257047661755,
        -305.27027331969515,
        -350.68440529823795,
        -316.7289851841074,
        -314.08779953603914,
        -335.4795302419378,
        -317.080256277319,
        -319.7702397030271,
        -314.5444347952541,
        -334.83487767140196,
        -307.2216521971242,
        -303.3042670962925,
        -319.83674933777866,
        -312.33872780885747,
        -286.56054277166373,
        -297.80664743064347,
        -278.04451260048904,
        -300.33921743834696,
        -320.11801774603407,
        -324.95107657836866,
        -287.27929602140557,
        -256.18741665017455,
        -273.5673279912098,
        -283.8294114473962,
        -304.7468644660463,
        -297.56880372319324,
        -245.30127762621305,
        -269.6590679924237,
        -280.98655851776584,
        -243.36157255534167,
        -293.96688889636647,
        -295.8636397686567,
        -272.04269042166095
    ],
    "avg_episode_length": [
        1000.0,
        1000.0,
        1000.0,
        1000.0,
        1000.0,
        1000.0,
        1000.0,
        1000.0,
        1000.0,
        1000.0,
        1000.0,
        1000.0,
        1000.0,
        1000.0,
        1000.0,
        1000.0,
        1000.0,
        1000.0,
        1000.0,
        1000.0,
        1000.0,
        1000.0,
        1000.0,
        1000.0,
        1000.0,
        1000.0,
        1000.0,
        1000.0,
        1000.0,
        1000.0,
        1000.0,
        1000.0,
        1000.0,
        1000.0,
        1000.0,
        1000.0,
        1000.0,
        1000.0,
        1000.0,
        1000.0,
        1000.0,
        1000.0,
        1000.0,
        1000.0,
        1000.0,
        1000.0,
        1000.0,
        1000.0,
        1000.0,
        1000.0,
        1000.0,
        1000.0,
        1000.0,
        1000.0,
        1000.0,
        1000.0,
        1000.0,
        1000.0,
        1000.0,
        1000.0,
        1000.0,
        1000.0,
        1000.0
    ]
}