{
    "steps": [
        16000,
        32000,
        48000,
        64000,
        80000,
        96000,
        112000,
        128000,
        144000,
        160000,
        176000,
        192000,
        208000,
        224000,
        240000,
        256000,
        272000,
        288000,
        304000,
        320000,
        336000,
        352000,
        368000,
        384000,
        400000,
        416000,
        432000,
        448000,
        464000,
        480000,
        496000,
        512000,
        528000,
        544000,
        560000,
        576000,
        592000,
        608000,
        624000,
        640000,
        656000,
        672000,
        688000,
        704000,
        720000,
        736000,
        752000,
        768000,
        784000,
        800000,
        816000,
        832000,
        848000,
        864000,
        880000,
        896000,
        912000,
        928000,
        944000,
        960000,
        976000,
        992000,
        1008000
    ],
    "avg_episodic_reward": [
        -239.25988651917544,
        -232.90658294873057,
        -219.80821026603934,
        -230.17003333321554,
        -226.93350428406112,
        -221.02003094837414,
        -208.88987026898297,
        -185.58496547438062,
        -224.0071083010612,
        -222.48124631051064,
        -195.97653840391106,
        -172.54817486019306,
        -178.5007183224921,
        -206.28652437271026,
        -187.30763723730092,
        -169.28022518392086,
        -161.0862642437317,
        -160.33777931984883,
        -145.12093349682894,
        -160.8146698521512,
        -147.28073141211803,
        -137.6589179225754,
        -125.1006491312991,
        -122.74581637042964,
        -120.22009553423956,
        -108.87616779268426,
        -85.19146876465098,
        -118.08342243373939,
        -81.79301059237952,
        -90.97071199166663,
        -95.1620606702668,
        -65.31171044287859,
        -58.10456076626622,
        -63.42744074072826,
        -52.895985542547194,
        -47.70795254093686,
        -22.937610769669167,
        -55.32556963724272,
        -17.791248790619598,
        -19.536002212489283,
        -24.976973715003,
        -57.56937242233676,
        -18.73409824879539,
        -27.61358887835769,
        0.4932376615242564,
        3.6428691551599095,
        12.494216201707651,
        15.036629204653511,
        6.1638034601420735,
        7.794762368274345,
        11.176684423066153,
        25.901196521173173,
        16.79220678322558,
        19.007046062771188,
        28.485157057271696,
        28.425953773106556,
        39.82354597773215,
        52.75566972336756,
        46.178613141399154,
        59.11846783202472,
        61.90594963669879,
        60.0482572911577,
        79.80082179505601
    ],
    "avg_episode_length": [
        1000.0,
        1000.0,
        1000.0,
        1000.0,
        1000.0,
        1000.0,
        1000.0,
        1000.0,
        1000.0,
        1000.0,
        1000.0,
        1000.0,
        1000.0,
        1000.0,
        1000.0,
        1000.0,
        1000.0,
        1000.0,
        1000.0,
        1000.0,
        1000.0,
        1000.0,
        1000.0,
        1000.0,
        1000.0,
        1000.0,
        1000.0,
        1000.0,
        1000.0,
        1000.0,
        1000.0,
        1000.0,
        1000.0,
        1000.0,
        1000.0,
        1000.0,
        1000.0,
        1000.0,
        1000.0,
        1000.0,
        1000.0,
        1000.0,
        1000.0,
        1000.0,
        1000.0,
        1000.0,
        1000.0,
        1000.0,
        1000.0,
        1000.0,
        1000.0,
        1000.0,
        1000.0,
        1000.0,
        1000.0,
        1000.0,
        1000.0,
        1000.0,
        1000.0,
        1000.0,
        1000.0,
        1000.0,
        1000.0
    ]
}