{
    "steps": [
        10240,
        20480,
        30720,
        40960,
        51200,
        61440,
        71680,
        81920,
        92160,
        102400,
        112640,
        122880,
        133120,
        143360,
        153600,
        163840,
        174080,
        184320,
        194560,
        204800,
        215040,
        225280,
        235520,
        245760,
        256000,
        266240,
        276480,
        286720,
        296960,
        307200,
        317440,
        327680,
        337920,
        348160,
        358400,
        368640,
        378880,
        389120,
        399360,
        409600,
        419840,
        430080,
        440320,
        450560,
        460800,
        471040,
        481280,
        491520,
        501760,
        512000,
        522240,
        532480,
        542720,
        552960,
        563200,
        573440,
        583680,
        593920,
        604160,
        614400,
        624640,
        634880,
        645120,
        655360,
        665600,
        675840,
        686080,
        696320,
        706560,
        716800,
        727040,
        737280,
        747520,
        757760,
        768000,
        778240,
        788480,
        798720,
        808960,
        819200,
        829440,
        839680,
        849920,
        860160,
        870400,
        880640,
        890880,
        901120,
        911360,
        921600,
        931840,
        942080,
        952320,
        962560,
        972800,
        983040,
        993280
    ],
    "avg_episodic_reward": [
        -237.95070397084356,
        -107.47733211956259,
        -95.64658625429273,
        -129.08618576624949,
        -152.23435259073577,
        -75.80481617835436,
        -107.46084923088151,
        -143.51987422241217,
        -18.116866499280484,
        -98.68696234647771,
        -23.369884018366307,
        -38.0726564094857,
        3.1107677449931153,
        87.61612166816167,
        79.45896589022784,
        198.94652371104954,
        200.35444507937663,
        247.91389092391546,
        292.0361250254193,
        371.63281384347545,
        342.6646260677996,
        322.514619810372,
        420.46957213967556,
        430.04549280225837,
        341.3362047396884,
        467.0959231434574,
        491.0839713053993,
        466.05301290389394,
        475.8168955027689,
        501.8946343473759,
        492.880899418842,
        534.6669081381618,
        525.4344685420855,
        601.7654423469064,
        582.1983662369306,
        595.4163145069751,
        457.4786967836865,
        554.6808426958578,
        582.9092231547444,
        597.1570542607435,
        564.0353663318085,
        611.0127969841633,
        628.4185575432169,
        613.7834985296379,
        617.9551643243685,
        629.9027738813135,
        598.7426667230345,
        627.9174371339766,
        673.4554401160187,
        624.7955157391465,
        670.2768412277608,
        654.9226250356292,
        668.2565540215,
        625.5853232312754,
        732.9896720655123,
        671.661681552974,
        707.7495845073286,
        715.8554861823025,
        767.4832966054885,
        723.78727748722,
        693.6544187744025,
        708.0972480344733,
        730.4272517732137,
        245.35014567428715,
        711.7508116905381,
        715.4069001661848,
        784.5716081603401,
        764.8873716376088,
        721.5956289654794,
        712.9769190485396,
        749.1183146179336,
        724.6281792928942,
        793.1783347509264,
        588.0764227833436,
        757.1095454518387,
        778.9536739436894,
        758.1712486649144,
        804.7188680711088,
        768.6368155733994,
        781.1555078633291,
        780.2486141997763,
        788.4339324265966,
        842.0164789530335,
        830.8208563824378,
        836.2703923617448,
        827.2995513721357,
        856.8008787536247,
        794.8724619160981,
        841.0309278096474,
        793.5467479005306,
        844.2206849001346,
        810.8317885429851,
        858.9542830589291,
        849.6991251215974,
        878.0954244847806,
        856.9991357796549,
        831.2412631291725
    ],
    "avg_episode_length": [
        1000.0,
        1000.0,
        1000.0,
        1000.0,
        1000.0,
        1000.0,
        1000.0,
        1000.0,
        1000.0,
        1000.0,
        1000.0,
        1000.0,
        1000.0,
        1000.0,
        1000.0,
        1000.0,
        1000.0,
        1000.0,
        1000.0,
        1000.0,
        1000.0,
        1000.0,
        1000.0,
        1000.0,
        1000.0,
        1000.0,
        1000.0,
        1000.0,
        1000.0,
        1000.0,
        1000.0,
        1000.0,
        1000.0,
        1000.0,
        1000.0,
        1000.0,
        1000.0,
        1000.0,
        1000.0,
        1000.0,
        1000.0,
        1000.0,
        1000.0,
        1000.0,
        1000.0,
        1000.0,
        1000.0,
        1000.0,
        1000.0,
        1000.0,
        1000.0,
        1000.0,
        1000.0,
        1000.0,
        1000.0,
        1000.0,
        1000.0,
        1000.0,
        1000.0,
        1000.0,
        1000.0,
        1000.0,
        1000.0,
        1000.0,
        1000.0,
        1000.0,
        1000.0,
        1000.0,
        1000.0,
        1000.0,
        1000.0,
        1000.0,
        1000.0,
        1000.0,
        1000.0,
        1000.0,
        1000.0,
        1000.0,
        1000.0,
        1000.0,
        1000.0,
        1000.0,
        1000.0,
        1000.0,
        1000.0,
        1000.0,
        1000.0,
        1000.0,
        1000.0,
        1000.0,
        1000.0,
        1000.0,
        1000.0,
        1000.0,
        1000.0,
        1000.0,
        1000.0
    ]
}