{
    "steps": [
        16000,
        32000,
        48000,
        64000,
        80000,
        96000,
        112000,
        128000,
        144000,
        160000,
        176000,
        192000,
        208000,
        224000,
        240000,
        256000,
        272000,
        288000,
        304000,
        320000,
        336000,
        352000,
        368000,
        384000,
        400000,
        416000,
        432000,
        448000,
        464000,
        480000,
        496000,
        512000,
        528000,
        544000,
        560000,
        576000,
        592000,
        608000,
        624000,
        640000,
        656000,
        672000,
        688000,
        704000,
        720000,
        736000,
        752000,
        768000,
        784000,
        800000,
        816000,
        832000,
        848000,
        864000,
        880000,
        896000,
        912000,
        928000,
        944000,
        960000,
        976000,
        992000,
        1008000
    ],
    "avg_episodic_reward": [
        -252.5599063568098,
        -228.09456374419463,
        -234.98099790259027,
        -200.15932654615983,
        -212.48042706822594,
        -201.69842186271342,
        -175.98164978616506,
        -192.4877354480251,
        -142.83285927125786,
        -163.82926428190547,
        -144.64287834921532,
        -148.72105480606774,
        -147.6492687361747,
        -141.789710080903,
        -121.29852039653645,
        -133.72475685998,
        -136.6479922093539,
        -119.28779363245624,
        -95.50167836467412,
        -130.61054916359902,
        -107.07300140253543,
        -97.06508605981037,
        -60.77659913204307,
        -85.11240359822624,
        -76.85965506610349,
        -61.63448246990874,
        -65.79083146666477,
        -56.73420807057461,
        -63.947335128591234,
        -47.93655032823803,
        -25.060919230128732,
        -34.28171036179946,
        -29.702751415079,
        -21.91587427637944,
        -30.174015681654883,
        -15.293419005011458,
        -19.83487096524943,
        -17.122744097255534,
        -9.324924019641216,
        2.6350703638759803,
        -9.715316334440871,
        -5.271032368728192,
        7.519496375187047,
        -7.943448700433832,
        19.994607397643875,
        -12.629597846002024,
        13.152607951140464,
        26.46710586615321,
        32.86436855710565,
        33.24573240444559,
        44.75973670355242,
        47.17553178496083,
        39.175341115232996,
        24.751476920868306,
        59.686844804772804,
        60.071714785765224,
        81.32222115030325,
        59.89728593854295,
        69.88139612080221,
        74.1565246727196,
        53.91464489797896,
        46.24712168551454,
        85.9430708160217
    ],
    "avg_episode_length": [
        1000.0,
        1000.0,
        1000.0,
        1000.0,
        1000.0,
        1000.0,
        1000.0,
        1000.0,
        1000.0,
        1000.0,
        1000.0,
        1000.0,
        1000.0,
        1000.0,
        1000.0,
        1000.0,
        1000.0,
        1000.0,
        1000.0,
        1000.0,
        1000.0,
        1000.0,
        1000.0,
        1000.0,
        1000.0,
        1000.0,
        1000.0,
        1000.0,
        1000.0,
        1000.0,
        1000.0,
        1000.0,
        1000.0,
        1000.0,
        1000.0,
        1000.0,
        1000.0,
        1000.0,
        1000.0,
        1000.0,
        1000.0,
        1000.0,
        1000.0,
        1000.0,
        1000.0,
        1000.0,
        1000.0,
        1000.0,
        1000.0,
        1000.0,
        1000.0,
        1000.0,
        1000.0,
        1000.0,
        1000.0,
        1000.0,
        1000.0,
        1000.0,
        1000.0,
        1000.0,
        1000.0,
        1000.0,
        1000.0
    ]
}