{
    "steps": [
        10240,
        20480,
        30720,
        40960,
        51200,
        61440,
        71680,
        81920,
        92160,
        102400,
        112640,
        122880,
        133120,
        143360,
        153600,
        163840,
        174080,
        184320,
        194560,
        204800,
        215040,
        225280,
        235520,
        245760,
        256000,
        266240,
        276480,
        286720,
        296960,
        307200,
        317440,
        327680,
        337920,
        348160,
        358400,
        368640,
        378880,
        389120,
        399360,
        409600,
        419840,
        430080,
        440320,
        450560,
        460800,
        471040,
        481280,
        491520,
        501760,
        512000,
        522240,
        532480,
        542720,
        552960,
        563200,
        573440,
        583680,
        593920,
        604160,
        614400,
        624640,
        634880,
        645120,
        655360,
        665600,
        675840,
        686080,
        696320,
        706560,
        716800,
        727040,
        737280,
        747520,
        757760,
        768000,
        778240,
        788480,
        798720,
        808960,
        819200,
        829440,
        839680,
        849920,
        860160,
        870400,
        880640,
        890880,
        901120,
        911360,
        921600,
        931840,
        942080,
        952320,
        962560,
        972800,
        983040,
        993280
    ],
    "avg_episodic_reward": [
        16.545811039058986,
        100.80804174864971,
        250.32684363307342,
        227.762708472826,
        290.7387452711445,
        279.64374533586033,
        310.0860956784958,
        316.0494354840761,
        290.61350639150095,
        351.90971893683474,
        404.0614039461985,
        390.9969672394397,
        401.10035846082405,
        426.0186530160735,
        355.8500542074785,
        414.4380475757874,
        462.1401470471071,
        502.3456270236221,
        531.7799032032246,
        510.3238999085329,
        451.31080537820236,
        471.47562201184445,
        434.31677431086814,
        535.9618355552241,
        503.1253164353431,
        564.1630538880697,
        690.0324274346789,
        665.6351870978058,
        624.1041454560427,
        1183.4366772529218,
        457.9711337698146,
        1275.8674250562465,
        605.1350728391993,
        1616.6577406081142,
        752.6397462373587,
        425.54099766040974,
        740.3835118587778,
        428.5291751054165,
        513.2879800368273,
        609.0008713240214,
        761.2518052181955,
        846.1318491847901,
        770.7269290615719,
        1153.238999163259,
        937.4383584450567,
        865.869359256906,
        622.3333512550192,
        613.3213954067479,
        642.7428831857866,
        1058.1697472427802,
        544.2477960321271,
        870.3683301081462,
        930.3931748560254,
        1297.1015472585207,
        687.1092540301577,
        771.2594689785348,
        1231.0555489969295,
        1017.8355905024449,
        1258.2309663957644,
        1933.2419179015512,
        1073.9329432422376,
        827.9824141362697,
        868.0499464001234,
        1386.9779006619783,
        918.835616232925,
        977.62868333114,
        844.3901430932177,
        921.8072129978315,
        1305.4008996533748,
        909.709882393368,
        850.1532693142275,
        858.0686910865413,
        1483.8120859508535,
        892.2019920191559,
        1412.2444417513311,
        1478.8276694004169,
        392.0283285511853,
        408.67721888612795,
        429.00193341916923,
        529.6210394836672,
        1525.587752420091,
        1656.2254509655008,
        1378.3097590890352,
        1284.8208900854863,
        762.8632697427273,
        1437.3525486332442,
        1403.6947720205915,
        1752.0042475582914,
        1199.243019768731,
        1854.2405979015202,
        1289.068980569063,
        845.6239959047839,
        854.2882339411693,
        1085.5231635291716,
        962.3361713469238,
        925.6933274695544,
        1877.1041536403739
    ],
    "avg_episode_length": [
        37.18181818181818,
        126.25,
        235.375,
        169.23076923076923,
        176.1818181818182,
        186.36363636363637,
        181.4,
        188.0,
        174.41666666666666,
        200.5,
        218.77777777777777,
        208.1,
        215.3,
        234.0,
        209.9,
        223.55555555555554,
        248.55555555555554,
        292.0,
        283.14285714285717,
        266.375,
        253.25,
        247.625,
        231.11111111111111,
        259.375,
        250.625,
        272.7142857142857,
        321.57142857142856,
        306.5,
        281.25,
        670.3333333333334,
        320.6,
        731.5,
        307.8333333333333,
        830.0,
        377.8333333333333,
        225.11111111111111,
        353.6666666666667,
        226.88888888888889,
        239.125,
        298.57142857142856,
        328.8333333333333,
        342.5,
        341.8333333333333,
        501.0,
        396.4,
        333.6666666666667,
        297.85714285714283,
        291.57142857142856,
        271.875,
        417.2,
        242.75,
        385.0,
        380.0,
        524.6666666666666,
        273.0,
        278.2857142857143,
        445.6666666666667,
        384.6,
        444.8,
        670.0,
        373.0,
        298.0,
        307.2,
        486.25,
        318.1666666666667,
        340.1666666666667,
        308.8333333333333,
        317.0,
        425.8,
        314.1666666666667,
        325.5,
        310.42857142857144,
        498.0,
        309.3333333333333,
        531.75,
        542.3333333333334,
        179.66666666666666,
        183.1818181818182,
        212.55555555555554,
        241.33333333333334,
        555.5,
        608.0,
        531.75,
        444.2,
        302.85714285714283,
        486.8,
        488.3333333333333,
        597.3333333333334,
        418.0,
        630.0,
        433.0,
        296.875,
        312.14285714285717,
        372.5,
        336.3333333333333,
        326.14285714285717,
        677.3333333333334
    ]
}