{
    "steps": [
        16000,
        32000,
        48000,
        64000,
        80000,
        96000,
        112000,
        128000,
        144000,
        160000,
        176000,
        192000,
        208000,
        224000,
        240000,
        256000,
        272000,
        288000,
        304000,
        320000,
        336000,
        352000,
        368000,
        384000,
        400000,
        416000,
        432000,
        448000,
        464000,
        480000,
        496000,
        512000,
        528000,
        544000,
        560000,
        576000,
        592000,
        608000,
        624000,
        640000,
        656000,
        672000,
        688000,
        704000,
        720000,
        736000,
        752000,
        768000,
        784000,
        800000,
        816000,
        832000,
        848000,
        864000,
        880000,
        896000,
        912000,
        928000,
        944000,
        960000,
        976000,
        992000,
        1008000
    ],
    "avg_episodic_reward": [
        -247.633574000383,
        -217.13843671686197,
        -224.96756202280346,
        -253.6858600678794,
        -243.56284287186878,
        -213.8663328638806,
        -220.2867295929609,
        -214.8502406708543,
        -204.91236794720197,
        -208.40652517115612,
        -205.92450585548366,
        -187.97276419084295,
        -189.03993688014748,
        -201.04481747805886,
        -168.53744884482876,
        -165.8379661332296,
        -159.1002999834408,
        -156.38508491693113,
        -146.2329418979544,
        -143.9788324385536,
        -116.28746472681375,
        -138.68148897984184,
        -113.9462818647988,
        -128.8413250211767,
        -112.45291182427536,
        -126.07158626279329,
        -142.6337101020829,
        -120.40901265431006,
        -96.27270019775305,
        -103.40967689865587,
        -104.0623485352258,
        -95.36257163376912,
        -70.22778105214334,
        -81.07044628576803,
        -94.09753332136374,
        -79.12869442241433,
        -74.72181068922505,
        -69.57954804738324,
        -50.80082647757008,
        -59.69087318954038,
        -73.46319893507388,
        -64.9116198598231,
        -68.79163279917482,
        -63.91575904082524,
        -43.05651989273494,
        -44.485427093198375,
        -37.63683519004681,
        -31.769250944819596,
        -23.85709721656501,
        -21.06310528835009,
        -29.683861831764105,
        -14.704451615576776,
        -15.749735351193575,
        -27.641708806743935,
        -9.514444386139857,
        -3.02965310321105,
        -11.865841261374092,
        0.8026305691955162,
        -18.310831018527406,
        -38.04092825812543,
        -44.823033146432294,
        -51.233776189062496,
        -28.740511091657666
    ],
    "avg_episode_length": [
        1000.0,
        1000.0,
        1000.0,
        1000.0,
        1000.0,
        1000.0,
        1000.0,
        1000.0,
        1000.0,
        1000.0,
        1000.0,
        1000.0,
        1000.0,
        1000.0,
        1000.0,
        1000.0,
        1000.0,
        1000.0,
        1000.0,
        1000.0,
        1000.0,
        1000.0,
        1000.0,
        1000.0,
        1000.0,
        1000.0,
        1000.0,
        1000.0,
        1000.0,
        1000.0,
        1000.0,
        1000.0,
        1000.0,
        1000.0,
        1000.0,
        1000.0,
        1000.0,
        1000.0,
        1000.0,
        1000.0,
        1000.0,
        1000.0,
        1000.0,
        1000.0,
        1000.0,
        1000.0,
        1000.0,
        1000.0,
        1000.0,
        1000.0,
        1000.0,
        1000.0,
        1000.0,
        1000.0,
        1000.0,
        1000.0,
        1000.0,
        1000.0,
        1000.0,
        1000.0,
        1000.0,
        1000.0,
        1000.0
    ]
}