{
    "steps": [
        16000,
        32000,
        48000,
        64000,
        80000,
        96000,
        112000,
        128000,
        144000,
        160000,
        176000,
        192000,
        208000,
        224000,
        240000,
        256000,
        272000,
        288000,
        304000,
        320000,
        336000,
        352000,
        368000,
        384000,
        400000,
        416000,
        432000,
        448000,
        464000,
        480000,
        496000,
        512000,
        528000,
        544000,
        560000,
        576000,
        592000,
        608000,
        624000,
        640000,
        656000,
        672000,
        688000,
        704000,
        720000,
        736000,
        752000,
        768000,
        784000,
        800000,
        816000,
        832000,
        848000,
        864000,
        880000,
        896000,
        912000,
        928000,
        944000,
        960000,
        976000,
        992000,
        1008000
    ],
    "avg_episodic_reward": [
        -247.633574000383,
        -223.75754247499762,
        -225.73708784285063,
        -216.09244999576714,
        -198.17491992984804,
        -199.6069778339109,
        -189.6684187178643,
        -182.30706776549175,
        -188.07325877244278,
        -178.36444810849557,
        -175.20650237924366,
        -196.44296843750237,
        -169.5020092393466,
        -160.4194742022376,
        -156.87258929578638,
        -145.2714738425422,
        -148.84377082079658,
        -162.6568428166899,
        -118.21348948448781,
        -108.8973784397901,
        -116.13539672557562,
        -100.89483688431667,
        -98.11530275947887,
        -121.8601746243996,
        -82.01819968170543,
        -76.94923587427888,
        -66.29155706870864,
        -89.98922879336253,
        -84.2263946715624,
        -84.87001752024149,
        -83.9388573133104,
        -87.26604980101018,
        -99.51670603913232,
        -71.96318899255029,
        -103.42582221654101,
        -74.24087982678424,
        -98.97694680080835,
        -93.21795360306162,
        -71.64554477454972,
        -62.99391522347091,
        -62.43288339245012,
        -53.028964964495046,
        -81.2725311605668,
        -64.96451364115383,
        -63.33528901219714,
        -66.77922362520225,
        -36.50373554448818,
        -45.13129486202312,
        -59.5128514531918,
        -39.65439106298843,
        -45.72078913949365,
        -47.04433322560106,
        -28.36058251254415,
        -14.198543920317968,
        -14.121408550324274,
        -46.562691051989255,
        -11.876447142218527,
        -26.128326662961875,
        -22.557917204061763,
        6.201946911714684,
        -10.179199894876685,
        -0.4653163259988755,
        -3.8997249451438023
    ],
    "avg_episode_length": [
        1000.0,
        1000.0,
        1000.0,
        1000.0,
        1000.0,
        1000.0,
        1000.0,
        1000.0,
        1000.0,
        1000.0,
        1000.0,
        1000.0,
        1000.0,
        1000.0,
        1000.0,
        1000.0,
        1000.0,
        1000.0,
        1000.0,
        1000.0,
        1000.0,
        1000.0,
        1000.0,
        1000.0,
        1000.0,
        1000.0,
        1000.0,
        1000.0,
        1000.0,
        1000.0,
        1000.0,
        1000.0,
        1000.0,
        1000.0,
        1000.0,
        1000.0,
        1000.0,
        1000.0,
        1000.0,
        1000.0,
        1000.0,
        1000.0,
        1000.0,
        1000.0,
        1000.0,
        1000.0,
        1000.0,
        1000.0,
        1000.0,
        1000.0,
        1000.0,
        1000.0,
        1000.0,
        1000.0,
        1000.0,
        1000.0,
        1000.0,
        1000.0,
        1000.0,
        1000.0,
        1000.0,
        1000.0,
        1000.0
    ]
}