{
    "steps": [
        10114,
        21098,
        33246,
        45653,
        56816,
        70382,
        87183,
        105650,
        125094,
        135877,
        156348,
        176875,
        188326,
        199825,
        210747,
        223768,
        236359,
        247605,
        259442,
        270892,
        283381,
        294799,
        307722,
        320435,
        334268,
        346190,
        360215,
        373951,
        387304,
        400412,
        412644,
        427580,
        440501,
        454522,
        466980,
        480063,
        493322,
        505926,
        520184,
        533567,
        549119,
        562928,
        576551,
        591450,
        605622,
        618874,
        632349,
        646232,
        661474,
        675739,
        691383,
        706690,
        722336,
        736617,
        754454,
        774454,
        794024,
        813472,
        838634,
        861976,
        887122,
        914437,
        941123,
        974308,
        1002638
    ],
    "avg_episodic_reward": [
        4.045024645701801,
        13.470761011454275,
        22.56221041585769,
        44.03962955466771,
        72.99401405428051,
        84.91335170601201,
        108.66074917156936,
        131.7732221702254,
        171.6415095791759,
        172.40442482866388,
        201.36223355699795,
        214.85760689328634,
        222.15513345600198,
        205.8552695813268,
        212.57679634922056,
        259.093832261786,
        248.08209129971837,
        223.86481526070753,
        231.45463677079061,
        235.14649366934535,
        276.4931357144079,
        253.47498724483364,
        269.86632631373686,
        288.3276222235843,
        300.7155795503251,
        256.43261440229605,
        292.0101329255175,
        308.1855414594668,
        298.37513983122005,
        284.39494842766703,
        273.4585527093835,
        310.23241787781853,
        294.66319413166093,
        318.9148434769388,
        290.92936346264185,
        306.1709196358621,
        300.9470334500371,
        303.0544289019635,
        342.98650822661284,
        313.68584207974806,
        335.1625803000088,
        314.4233565498352,
        316.62245077006423,
        331.1720623302465,
        339.51724573481357,
        316.6488913007986,
        317.16839855678063,
        319.948451143706,
        346.3612084581755,
        342.02939016475113,
        362.463921160342,
        349.15857187334615,
        348.03814687110685,
        318.72187066401926,
        397.7691503086389,
        411.6619130423794,
        410.16435228469436,
        403.85881111842355,
        490.9330513913326,
        456.65501569277967,
        485.418421327739,
        516.468797545911,
        508.32256115040514,
        602.6654923774222,
        516.5992863593211
    ],
    "avg_episode_length": [
        28.421875,
        39.921875,
        52.21875,
        67.203125,
        99.6875,
        113.53125,
        133.6875,
        148.5,
        167.15625,
        168.484375,
        167.59375,
        166.921875,
        178.921875,
        179.671875,
        170.65625,
        203.453125,
        196.734375,
        175.71875,
        184.953125,
        178.90625,
        195.140625,
        178.40625,
        201.921875,
        198.640625,
        216.140625,
        186.28125,
        219.140625,
        214.625,
        208.640625,
        204.8125,
        191.125,
        233.375,
        201.890625,
        219.078125,
        194.65625,
        204.421875,
        207.171875,
        196.9375,
        222.78125,
        209.109375,
        243.0,
        215.765625,
        212.859375,
        232.796875,
        221.4375,
        207.0625,
        210.546875,
        216.921875,
        238.15625,
        222.890625,
        244.4375,
        239.171875,
        244.46875,
        223.140625,
        278.703125,
        312.5,
        305.78125,
        303.875,
        393.15625,
        364.71875,
        392.90625,
        426.796875,
        416.96875,
        518.515625,
        442.65625
    ]
}