{
    "steps": [
        10319,
        20371,
        30828,
        40971,
        51316,
        61807,
        71864,
        81900,
        92176,
        102630,
        112983,
        123593,
        133941,
        144042,
        154275,
        164308,
        174582,
        185130,
        195644,
        206044,
        216105,
        226649,
        237139,
        247659,
        258085,
        268475,
        278855,
        288983,
        299313,
        309716,
        320322,
        331091,
        341791,
        352041,
        362689,
        372907,
        383462,
        393536,
        404140,
        414579,
        425679,
        436317,
        446537,
        456953,
        467706,
        477942,
        488275,
        499330,
        510453,
        521811,
        532240,
        542401,
        552851,
        562955,
        573604,
        584196,
        594780,
        605433,
        616339,
        627236,
        637634,
        648769,
        659119,
        670215,
        681216,
        691226,
        701559,
        712106,
        722975,
        733313,
        743988,
        754936,
        765007,
        775907,
        786476,
        796910,
        808056,
        819371,
        830159,
        840264,
        852363,
        863029,
        873605,
        884578,
        895678,
        906324,
        916664,
        927289,
        937828,
        948546,
        958741,
        969447,
        979800,
        991236
    ],
    "avg_episodic_reward": [
        47.84592627155073,
        117.20910110404314,
        144.32108188435262,
        144.1380883277006,
        97.09265601523224,
        91.25282504280852,
        256.3402540536626,
        132.14381798741863,
        168.09360164397836,
        363.42140196720123,
        191.90108359662634,
        215.14618166173204,
        197.97346143204913,
        286.7603357826106,
        164.51225615581217,
        258.18317298635975,
        194.34976491391848,
        272.0228220812913,
        292.1460407876502,
        172.9731915154863,
        199.97014984592983,
        270.7657258176341,
        226.8183089675422,
        263.3973546207111,
        256.4836639337994,
        309.7185532380264,
        206.40809804317104,
        245.53168525177657,
        201.78005584925342,
        284.69399380612884,
        304.169947232685,
        418.400126914907,
        247.39540905338214,
        295.44299981818716,
        298.66169277230404,
        245.9122656308524,
        220.8185747255925,
        283.49428972520775,
        230.9094470889798,
        262.1894426866687,
        389.6480776975458,
        341.0374138432686,
        694.6694529715458,
        363.9428983320558,
        338.8104021220928,
        239.13267095682676,
        272.9342215633719,
        498.4312895433499,
        438.21379607961796,
        442.8271132641123,
        539.7478069430279,
        437.74292596692067,
        267.77579947420566,
        300.5943091524332,
        297.1979790927206,
        197.22654457816162,
        278.8910357319952,
        306.7980697068083,
        327.2549546115546,
        252.56188922589615,
        284.4993884025661,
        356.9137554652216,
        274.04490339412735,
        438.98761202108386,
        259.1276815660578,
        295.1304246575,
        354.7779500327315,
        358.3284470973367,
        353.3885031485713,
        395.56232005188537,
        377.7884456112519,
        333.0529666663666,
        290.43915701915864,
        524.2571559542614,
        327.55674196271906,
        407.0803626626387,
        376.64567318193576,
        420.29433824084526,
        303.09638973953815,
        267.17821687838693,
        562.1216924001877,
        386.7914377062592,
        382.2533043502482,
        467.68824628697473,
        338.17653119553466,
        314.9477594198502,
        459.4970290700994,
        363.8450692029979,
        301.2840126641392,
        379.7565187767422,
        536.8370192662492,
        575.6223915299461,
        429.55060619705404,
        654.3029048396097
    ],
    "avg_episode_length": [
        84.5,
        132.25,
        127.75,
        121.0,
        184.0,
        135.25,
        202.75,
        175.25,
        162.75,
        241.5,
        156.0,
        169.5,
        150.25,
        202.5,
        168.25,
        174.75,
        161.5,
        159.75,
        169.0,
        153.75,
        179.25,
        152.5,
        173.5,
        148.5,
        142.5,
        188.25,
        142.25,
        172.75,
        122.5,
        166.75,
        184.0,
        397.25,
        196.0,
        228.25,
        242.75,
        131.75,
        161.25,
        215.25,
        160.0,
        150.25,
        317.5,
        227.75,
        685.75,
        303.0,
        217.0,
        170.75,
        163.0,
        430.25,
        404.75,
        383.0,
        516.0,
        328.75,
        151.75,
        277.0,
        176.5,
        192.0,
        217.5,
        341.25,
        377.25,
        267.0,
        227.5,
        284.75,
        157.5,
        355.75,
        261.25,
        172.75,
        273.25,
        287.5,
        282.5,
        322.5,
        251.75,
        316.25,
        279.25,
        494.25,
        261.25,
        380.5,
        326.75,
        449.25,
        241.75,
        202.0,
        530.5,
        313.75,
        306.75,
        458.25,
        330.75,
        306.75,
        446.25,
        286.75,
        181.25,
        308.0,
        510.0,
        619.0,
        363.0,
        704.25
    ]
}