{
    "steps": [
        16000,
        32000,
        48000,
        64000,
        80000,
        96000,
        112000,
        128000,
        144000,
        160000,
        176000,
        192000,
        208000,
        224000,
        240000,
        256000,
        272000,
        288000,
        304000,
        320000,
        336000,
        352000,
        368000,
        384000,
        400000,
        416000,
        432000,
        448000,
        464000,
        480000,
        496000,
        512000,
        528000,
        544000,
        560000,
        576000,
        592000,
        608000,
        624000,
        640000,
        656000,
        672000,
        688000,
        704000,
        720000,
        736000,
        752000,
        768000,
        784000,
        800000,
        816000,
        832000,
        848000,
        864000,
        880000
    ],
    "avg_episodic_reward": [
        -243.2152102251403,
        -254.07573656432504,
        -231.88850708701295,
        -263.2136548415455,
        -233.98984120027114,
        -242.47492109150187,
        -258.437450950877,
        -230.27163449623848,
        -180.1802410754641,
        -200.69166342770527,
        -185.2837148374707,
        -213.84547799048255,
        -199.8284165418602,
        -214.61245361055342,
        -154.36417575693577,
        -147.7015486724135,
        -159.3878002668874,
        -165.7616420417053,
        -154.66877837429814,
        -146.144150843792,
        -158.3554241830724,
        -142.8025756404745,
        -119.33389351533285,
        -94.305142887884,
        -109.11621379289957,
        -96.89398785417404,
        -125.81350789885359,
        -72.39428707993872,
        -95.844003274258,
        -81.17999321317421,
        -92.50386940205776,
        -89.93435583354372,
        -85.40397403240813,
        -103.16834007199868,
        -93.94635202978056,
        -61.54718946942951,
        -62.46187517062185,
        -61.75262157502328,
        -67.59106493981935,
        -80.87246263966577,
        -71.7591203694511,
        -60.8762476724405,
        -68.57565340733298,
        -72.63586316175216,
        -59.372356594958916,
        -44.73321726031377,
        -60.32596855096026,
        -50.78168106443543,
        -55.27638997700292,
        -4.554248056499713,
        -27.501629079301264,
        -12.118489517240462,
        -15.531079436776542,
        -46.884854513824905,
        -51.88527804440507
    ],
    "avg_episode_length": [
        1000.0,
        1000.0,
        1000.0,
        1000.0,
        1000.0,
        1000.0,
        1000.0,
        1000.0,
        1000.0,
        1000.0,
        1000.0,
        1000.0,
        1000.0,
        1000.0,
        1000.0,
        1000.0,
        1000.0,
        1000.0,
        1000.0,
        1000.0,
        1000.0,
        1000.0,
        1000.0,
        1000.0,
        1000.0,
        1000.0,
        1000.0,
        1000.0,
        1000.0,
        1000.0,
        1000.0,
        1000.0,
        1000.0,
        1000.0,
        1000.0,
        1000.0,
        1000.0,
        1000.0,
        1000.0,
        1000.0,
        1000.0,
        1000.0,
        1000.0,
        1000.0,
        1000.0,
        1000.0,
        1000.0,
        1000.0,
        1000.0,
        1000.0,
        1000.0,
        1000.0,
        1000.0,
        1000.0,
        1000.0
    ]
}