{
    "steps": [
        11770,
        22189,
        34318,
        46894,
        56917,
        69102,
        82903,
        97306,
        115945,
        126738,
        140377,
        155702,
        173876,
        198290,
        229352,
        264352,
        309622,
        359473,
        417029,
        479317,
        542460,
        606460,
        669968,
        731521,
        795521,
        859521,
        923521,
        986708,
        1049959
    ],
    "avg_episodic_reward": [
        28.15625,
        36.015625,
        51.796875,
        70.109375,
        80.53125,
        101.453125,
        105.515625,
        115.234375,
        153.40625,
        168.640625,
        213.109375,
        239.453125,
        283.96875,
        381.46875,
        485.34375,
        546.875,
        707.34375,
        778.921875,
        899.3125,
        973.25,
        986.609375,
        1000.0,
        992.3125,
        961.765625,
        1000.0,
        1000.0,
        1000.0,
        987.296875,
        988.296875
    ],
    "avg_episode_length": [
        28.15625,
        36.015625,
        51.796875,
        70.109375,
        80.53125,
        101.453125,
        105.515625,
        115.234375,
        153.40625,
        168.640625,
        213.109375,
        239.453125,
        283.96875,
        381.46875,
        485.34375,
        546.875,
        707.34375,
        778.921875,
        899.3125,
        973.25,
        986.609375,
        1000.0,
        992.3125,
        961.765625,
        1000.0,
        1000.0,
        1000.0,
        987.296875,
        988.296875
    ]
}