{
    "steps": [
        10240,
        20480,
        30720,
        40960,
        51200,
        61440,
        71680,
        81920,
        92160,
        102400,
        112640,
        122880,
        133120,
        143360,
        153600,
        163840,
        174080,
        184320,
        194560,
        204800,
        215040,
        225280,
        235520,
        245760,
        256000,
        266240,
        276480,
        286720,
        296960,
        307200,
        317440,
        327680,
        337920,
        348160,
        358400,
        368640,
        378880,
        389120,
        399360,
        409600,
        419840,
        430080,
        440320,
        450560,
        460800,
        471040,
        481280,
        491520,
        501760,
        512000,
        522240,
        532480,
        542720,
        552960,
        563200,
        573440,
        583680,
        593920,
        604160,
        614400,
        624640,
        634880,
        645120,
        655360,
        665600,
        675840,
        686080,
        696320,
        706560,
        716800,
        727040,
        737280,
        747520,
        757760,
        768000,
        778240,
        788480,
        798720,
        808960,
        819200,
        829440,
        839680,
        849920,
        860160,
        870400,
        880640,
        890880,
        901120,
        911360,
        921600,
        931840,
        942080,
        952320,
        962560,
        972800,
        983040,
        993280
    ],
    "avg_episodic_reward": [
        -239.78824421425315,
        -91.32825174985166,
        -69.00057393234849,
        -109.59486072541307,
        -89.34890223342605,
        28.82729857279886,
        -29.436507858940686,
        -92.4870004216338,
        -47.22729875765002,
        20.035241869106635,
        48.51765719560967,
        9.186966196914227,
        -50.79780355279859,
        -24.944177170824425,
        44.900490270751014,
        31.142265411338997,
        75.06086990262648,
        44.244030530686054,
        93.08221813586266,
        191.74289207780592,
        148.6292029186228,
        99.88216086069502,
        203.330350690996,
        232.9007002365372,
        335.0454900999495,
        239.42217873601095,
        319.58076132688797,
        362.60993602126007,
        145.82282201039527,
        336.5175994160759,
        329.1742574972006,
        569.0024234865831,
        489.29226969198635,
        622.5967666022757,
        654.0803528233637,
        382.2831342556396,
        574.2979943754581,
        474.2856004754816,
        455.79324793539797,
        754.7745887041824,
        379.7102228246148,
        466.0198623410315,
        533.3868982391579,
        713.1322584272165,
        189.70720533234314,
        612.9894684722319,
        486.24844625136126,
        565.9844063745547,
        699.5042480347095,
        731.2312049892186,
        872.5027836052893,
        383.55915533390646,
        238.0653089357354,
        481.1153002631817,
        446.43389436600046,
        565.6088448889695,
        915.7709340515544,
        1072.1651281233744,
        600.6726746640741,
        823.2843165653044,
        862.9442878462628,
        1102.734137543132,
        808.2246209565327,
        944.2777292137717,
        1038.588261296738,
        475.5549882930588,
        936.9729343225649,
        923.0748059416069,
        625.9732108833393,
        957.6280382499258,
        1258.2287043022363,
        875.5554106267733,
        1339.629804198269,
        1387.1818503443849,
        1231.1665911353386,
        1477.4652683402637,
        1236.26732676724,
        1086.4823275614908,
        1163.8743220873262,
        1395.3503531804079,
        1422.9161333902937,
        1045.2367181953834,
        1142.9651645060326,
        1504.7681184496369,
        1016.5663324945672,
        1526.3387641430584,
        1601.8317130249004,
        639.9401318889893,
        1172.8451446459587,
        1475.535269443338,
        1025.398357879517,
        1048.798190928996,
        1687.257252224947,
        1183.495140086632,
        1123.0669897484233,
        1299.9716886113936,
        1076.3690044064165
    ],
    "avg_episode_length": [
        1000.0,
        1000.0,
        1000.0,
        1000.0,
        1000.0,
        1000.0,
        1000.0,
        1000.0,
        1000.0,
        1000.0,
        1000.0,
        1000.0,
        1000.0,
        1000.0,
        1000.0,
        1000.0,
        1000.0,
        1000.0,
        1000.0,
        1000.0,
        1000.0,
        1000.0,
        1000.0,
        1000.0,
        1000.0,
        1000.0,
        1000.0,
        1000.0,
        1000.0,
        1000.0,
        1000.0,
        1000.0,
        1000.0,
        1000.0,
        1000.0,
        1000.0,
        1000.0,
        1000.0,
        1000.0,
        1000.0,
        1000.0,
        1000.0,
        1000.0,
        1000.0,
        1000.0,
        1000.0,
        1000.0,
        1000.0,
        1000.0,
        1000.0,
        1000.0,
        1000.0,
        1000.0,
        1000.0,
        1000.0,
        1000.0,
        1000.0,
        1000.0,
        1000.0,
        1000.0,
        1000.0,
        1000.0,
        1000.0,
        1000.0,
        1000.0,
        1000.0,
        1000.0,
        1000.0,
        1000.0,
        1000.0,
        1000.0,
        1000.0,
        1000.0,
        1000.0,
        1000.0,
        1000.0,
        1000.0,
        1000.0,
        1000.0,
        1000.0,
        1000.0,
        1000.0,
        1000.0,
        1000.0,
        1000.0,
        1000.0,
        1000.0,
        1000.0,
        1000.0,
        1000.0,
        1000.0,
        1000.0,
        1000.0,
        1000.0,
        1000.0,
        1000.0,
        1000.0
    ]
}