{
    "steps": [
        10240,
        20480,
        30720,
        40960,
        51200,
        61440,
        71680,
        81920,
        92160,
        102400,
        112640,
        122880,
        133120,
        143360,
        153600,
        163840,
        174080,
        184320,
        194560,
        204800,
        215040,
        225280,
        235520,
        245760,
        256000,
        266240,
        276480,
        286720,
        296960,
        307200,
        317440,
        327680,
        337920,
        348160,
        358400,
        368640,
        378880,
        389120,
        399360,
        409600,
        419840,
        430080,
        440320,
        450560,
        460800,
        471040,
        481280,
        491520,
        501760,
        512000,
        522240,
        532480,
        542720,
        552960,
        563200,
        573440,
        583680,
        593920,
        604160,
        614400,
        624640,
        634880,
        645120,
        655360,
        665600,
        675840,
        686080,
        696320,
        706560,
        716800,
        727040,
        737280,
        747520,
        757760,
        768000,
        778240,
        788480,
        798720,
        808960,
        819200,
        829440,
        839680,
        849920,
        860160,
        870400,
        880640,
        890880,
        901120,
        911360,
        921600,
        931840,
        942080,
        952320,
        962560,
        972800,
        983040,
        993280
    ],
    "avg_episodic_reward": [
        -151.71739655327755,
        -196.0280249107348,
        -83.93432257901037,
        -19.877144309247416,
        -32.050870521631104,
        -61.822421108648996,
        -37.3055556492548,
        -86.36947502053678,
        54.3802402983485,
        -87.19708303392181,
        50.34794342214016,
        149.7186968055714,
        170.33098880840026,
        95.61292328959266,
        166.94281866288588,
        379.5976170504582,
        449.4525703292927,
        348.3729849788061,
        495.77647422456783,
        232.94658812921386,
        490.3264436819787,
        597.306674688125,
        658.7112522503849,
        540.4164378278253,
        581.8790292975482,
        220.00576659272267,
        614.1217135254861,
        598.551622155581,
        692.7686475907195,
        777.3930455973596,
        723.9479281733601,
        819.3987227021836,
        841.2530371037482,
        795.8896403953971,
        674.8229836623814,
        747.8189051157572,
        803.4709127620324,
        839.4739225331637,
        788.3985700669015,
        902.1542391445646,
        1106.7690400376782,
        1033.3967064304418,
        1056.9355783294204,
        1162.0909980902493,
        1061.0593504085057,
        951.2478100269573,
        898.244344279809,
        934.1309007325881,
        1223.9430403783751,
        1219.5482723312064,
        1223.2315376753118,
        1192.8407064291423,
        1263.5445331874016,
        1188.1457587050168,
        1203.4089402073446,
        1334.356578089872,
        1326.702943818779,
        1321.4160301857485,
        1410.595577485842,
        1305.0116478485086,
        1379.1835360387197,
        1482.2507392875566,
        1485.3199687260417,
        1460.53026826216,
        1619.8216867857504,
        1439.6583139301438,
        1562.0913105610734,
        1557.8324397766346,
        1809.7854615519834,
        1540.188983815583,
        1618.5810825436213,
        1634.1170500000508,
        1411.6948580973838,
        1604.0311430327497,
        1626.5181046068683,
        1847.6224654031594,
        1750.955412443183,
        1780.4722951424244,
        1638.8907449567396,
        1659.0835639028855,
        1667.1663489144023,
        1700.6895358384318,
        1810.1397886556938,
        1899.955192435554,
        1815.9608672393429,
        2104.124771386446,
        2008.1225299326588,
        2036.4488054709273,
        1886.8417808725717,
        2206.8626055298873,
        2273.1339152036508,
        2128.84781753829,
        2141.1516955543593,
        2178.5771034007225,
        2211.3229221827623,
        2051.059153861897,
        2047.7471241179899
    ],
    "avg_episode_length": [
        1000.0,
        1000.0,
        1000.0,
        1000.0,
        1000.0,
        1000.0,
        1000.0,
        1000.0,
        1000.0,
        1000.0,
        1000.0,
        1000.0,
        1000.0,
        1000.0,
        1000.0,
        1000.0,
        1000.0,
        1000.0,
        1000.0,
        1000.0,
        1000.0,
        1000.0,
        1000.0,
        1000.0,
        1000.0,
        1000.0,
        1000.0,
        1000.0,
        1000.0,
        1000.0,
        1000.0,
        1000.0,
        1000.0,
        1000.0,
        1000.0,
        1000.0,
        1000.0,
        1000.0,
        1000.0,
        1000.0,
        1000.0,
        1000.0,
        1000.0,
        1000.0,
        1000.0,
        1000.0,
        1000.0,
        1000.0,
        1000.0,
        1000.0,
        1000.0,
        1000.0,
        1000.0,
        1000.0,
        1000.0,
        1000.0,
        1000.0,
        1000.0,
        1000.0,
        1000.0,
        1000.0,
        1000.0,
        1000.0,
        1000.0,
        1000.0,
        1000.0,
        1000.0,
        1000.0,
        1000.0,
        1000.0,
        1000.0,
        1000.0,
        1000.0,
        1000.0,
        1000.0,
        1000.0,
        1000.0,
        1000.0,
        1000.0,
        1000.0,
        1000.0,
        1000.0,
        1000.0,
        1000.0,
        1000.0,
        1000.0,
        1000.0,
        1000.0,
        1000.0,
        1000.0,
        1000.0,
        1000.0,
        1000.0,
        1000.0,
        1000.0,
        1000.0,
        1000.0
    ]
}