{
    "steps": [
        10240,
        20480,
        30720,
        40960,
        51200,
        61440,
        71680,
        81920,
        92160,
        102400,
        112640,
        122880,
        133120,
        143360,
        153600,
        163840,
        174080,
        184320,
        194560,
        204800,
        215040,
        225280,
        235520,
        245760,
        256000,
        266240,
        276480,
        286720,
        296960,
        307200,
        317440,
        327680,
        337920,
        348160,
        358400,
        368640,
        378880,
        389120,
        399360,
        409600,
        419840,
        430080,
        440320,
        450560,
        460800,
        471040,
        481280,
        491520,
        501760,
        512000,
        522240,
        532480,
        542720,
        552960,
        563200,
        573440,
        583680,
        593920,
        604160,
        614400,
        624640,
        634880,
        645120,
        655360,
        665600,
        675840,
        686080,
        696320,
        706560,
        716800,
        727040,
        737280,
        747520,
        757760,
        768000,
        778240,
        788480,
        798720,
        808960,
        819200,
        829440,
        839680,
        849920,
        860160,
        870400,
        880640,
        890880,
        901120,
        911360,
        921600,
        931840,
        942080,
        952320,
        962560,
        972800,
        983040,
        993280
    ],
    "avg_episodic_reward": [
        -374.56261620427495,
        -306.84560493088884,
        -254.83615894461192,
        -247.89536685246685,
        -141.3410527315972,
        -273.17484283339354,
        -239.50131190205013,
        -234.11718175398295,
        -186.18953480447465,
        -89.86774365308055,
        -318.5182494372816,
        -149.26474381393268,
        -120.31733687252682,
        -156.39646315083667,
        -119.96335269770988,
        -92.55512873060957,
        -44.68635881761089,
        -136.87760565708857,
        42.92629616358207,
        21.692349961477106,
        78.86390132232378,
        81.28615010253051,
        42.35498665647058,
        52.49719508774362,
        55.36365778924079,
        58.89403855140586,
        107.18270085738611,
        110.88657108596269,
        70.60514610870098,
        178.7936453758568,
        266.0394114091885,
        254.77161666023926,
        355.14318591529275,
        286.7813002940072,
        266.23267054386474,
        280.05378828049805,
        331.72219582192815,
        494.2183561805127,
        599.5967057976434,
        514.8186443442147,
        551.2102268857719,
        475.7208798354782,
        288.97420072306375,
        604.3468240997572,
        634.8531814183735,
        356.99702836694496,
        709.9925474168995,
        455.2856220263045,
        778.5446401168576,
        741.5156426358768,
        449.3968975821612,
        875.7316590739035,
        287.2735881923815,
        884.8937733204793,
        865.6921183274204,
        976.3901548896968,
        875.965457876147,
        1029.4896160075295,
        889.8979469911089,
        951.5352456814204,
        1042.533757764311,
        1095.4302920783705,
        1221.3368103629891,
        1185.5987687263942,
        226.30388760382576,
        1229.837274008374,
        1270.3399446193348,
        507.8043545279387,
        1349.822167652139,
        1394.8344550646812,
        1333.6729973399226,
        1449.2438485939265,
        715.9662918023572,
        1369.2215893629327,
        1379.7188223657924,
        1367.7708047320439,
        1416.1900967571505,
        1369.1524923163513,
        1517.1826942886319,
        1450.9912757771995,
        1501.600415387928,
        1426.1405574951232,
        1459.9941044655484,
        1463.8988537197076,
        1398.133316368054,
        1392.6661987338452,
        1496.053484900265,
        1496.8916851460813,
        1512.1499734283157,
        1585.0221161655734,
        1508.4009265650893,
        1550.2764941824403,
        1660.4162725540327,
        1536.9524586587872,
        1559.4292275141468,
        1605.0286199658767,
        1648.1484110234228
    ],
    "avg_episode_length": [
        1000.0,
        1000.0,
        1000.0,
        1000.0,
        1000.0,
        1000.0,
        1000.0,
        1000.0,
        1000.0,
        1000.0,
        1000.0,
        1000.0,
        1000.0,
        1000.0,
        1000.0,
        1000.0,
        1000.0,
        1000.0,
        1000.0,
        1000.0,
        1000.0,
        1000.0,
        1000.0,
        1000.0,
        1000.0,
        1000.0,
        1000.0,
        1000.0,
        1000.0,
        1000.0,
        1000.0,
        1000.0,
        1000.0,
        1000.0,
        1000.0,
        1000.0,
        1000.0,
        1000.0,
        1000.0,
        1000.0,
        1000.0,
        1000.0,
        1000.0,
        1000.0,
        1000.0,
        1000.0,
        1000.0,
        1000.0,
        1000.0,
        1000.0,
        1000.0,
        1000.0,
        1000.0,
        1000.0,
        1000.0,
        1000.0,
        1000.0,
        1000.0,
        1000.0,
        1000.0,
        1000.0,
        1000.0,
        1000.0,
        1000.0,
        1000.0,
        1000.0,
        1000.0,
        1000.0,
        1000.0,
        1000.0,
        1000.0,
        1000.0,
        1000.0,
        1000.0,
        1000.0,
        1000.0,
        1000.0,
        1000.0,
        1000.0,
        1000.0,
        1000.0,
        1000.0,
        1000.0,
        1000.0,
        1000.0,
        1000.0,
        1000.0,
        1000.0,
        1000.0,
        1000.0,
        1000.0,
        1000.0,
        1000.0,
        1000.0,
        1000.0,
        1000.0,
        1000.0
    ]
}