{
    "steps": [
        10383,
        21082,
        31500,
        42684,
        53689,
        64661,
        74980,
        85825,
        97095,
        107973,
        118947,
        129993,
        141378,
        151924,
        163283,
        174991,
        185481,
        196156,
        207538,
        218885,
        230215,
        241412,
        252232,
        264457,
        277311,
        287420,
        300676,
        311365,
        323092,
        334125,
        345485,
        357609,
        368670,
        380411,
        393029,
        405315,
        420317,
        430466,
        441486,
        453612,
        466689,
        478753,
        491400,
        505697,
        517223,
        530533,
        542712,
        556553,
        570740,
        585162,
        597786,
        612556,
        631805,
        641923,
        657883,
        667993,
        680356,
        692398,
        705246,
        717155,
        729800,
        745129,
        758421,
        770577,
        783097,
        798427,
        811067,
        824893,
        839326,
        854314,
        870031,
        884164,
        899323,
        914067,
        929527,
        944807,
        959288,
        974911,
        990195,
        1005777
    ],
    "avg_episodic_reward": [
        82.2663347316455,
        105.98738857235793,
        99.26093091536123,
        123.06199323262223,
        151.17205356001426,
        137.3833783477064,
        165.38001638843582,
        151.98096718388064,
        167.22156188118203,
        197.93554365536602,
        181.68484172039226,
        178.55753409602914,
        212.32452661509416,
        220.5392846682608,
        233.3934052869617,
        243.6729641072456,
        243.8327138201317,
        262.0485961982542,
        262.22748938834474,
        250.05342897450504,
        234.03446077461723,
        269.55902097540695,
        261.0464554271832,
        296.00434520231806,
        313.3280563664285,
        245.46321928309243,
        328.2218946228136,
        376.40161412127645,
        380.98451531087187,
        349.55479995196845,
        299.5400186833755,
        378.3832531346875,
        368.21334464408034,
        340.0835680538962,
        366.66887544738097,
        392.7431338743457,
        437.17729031116795,
        453.55182306090626,
        526.7634649407433,
        560.1886373594803,
        488.2354219758232,
        511.8219701269958,
        617.4384902244973,
        595.221631556971,
        411.3250075901501,
        588.8693163001836,
        538.6747950023043,
        660.4080128239491,
        562.4356535835475,
        494.5655519486467,
        505.19654977009714,
        627.8494860541068,
        743.8811114335663,
        662.1955722315889,
        628.4300910242687,
        786.1730741859817,
        827.3231849268724,
        774.8410263407798,
        818.5187903338425,
        842.2697777225881,
        892.3447176481955,
        983.4302488258677,
        914.4456324797127,
        794.8585739042114,
        833.9471724948107,
        986.8815599787437,
        875.9921851995783,
        876.7471183154041,
        910.2357706129641,
        1016.6371443358917,
        1039.0105716632331,
        932.3513791113832,
        989.8252458229774,
        950.8976142920383,
        967.4105194607337,
        956.6132202569513,
        952.7683605543139,
        987.1677783816391,
        942.2418321498136,
        982.0035759257968
    ],
    "avg_episode_length": [
        57.0625,
        72.5625,
        63.125,
        75.8125,
        83.5,
        76.5,
        91.125,
        83.0,
        89.375,
        110.75,
        94.3125,
        91.375,
        104.75,
        112.4375,
        123.875,
        129.0625,
        141.5625,
        141.875,
        143.5,
        135.375,
        137.0625,
        163.3125,
        169.1875,
        195.625,
        216.1875,
        196.375,
        224.5,
        257.375,
        251.625,
        235.25,
        210.8125,
        266.0,
        252.8125,
        225.25,
        269.4375,
        264.875,
        332.75,
        331.9375,
        384.6875,
        422.1875,
        393.6875,
        396.9375,
        450.0625,
        451.5,
        329.6875,
        429.5625,
        373.5,
        527.375,
        459.75,
        401.5625,
        394.375,
        494.0,
        642.3125,
        632.375,
        498.5625,
        631.875,
        772.6875,
        752.625,
        803.0,
        744.3125,
        790.3125,
        958.0625,
        830.75,
        759.75,
        782.5,
        958.125,
        790.0,
        864.125,
        902.0625,
        936.75,
        982.3125,
        883.3125,
        947.4375,
        921.5,
        966.25,
        955.0,
        905.0625,
        976.4375,
        955.25,
        973.875
    ]
}