{
    "steps": [
        10484,
        21036,
        31565,
        42251,
        53030,
        64123,
        74394,
        85531,
        95950,
        107341,
        117414,
        128337,
        139507,
        151532,
        161819,
        172730,
        183826,
        195104,
        206393,
        218074,
        230520,
        241378,
        251886,
        262830,
        275925,
        286034,
        296642,
        308566,
        321807,
        333792,
        344677,
        357246,
        369177,
        382099,
        394920,
        409031,
        424558,
        439852,
        458026,
        468210,
        479449,
        490620,
        502448,
        514259,
        526931,
        539300,
        550953,
        563482,
        578420,
        592094,
        606652,
        625586,
        643516,
        664851,
        691874,
        711125,
        734115,
        759385,
        791109,
        823233,
        861846,
        893117,
        935582,
        979500,
        1021453
    ],
    "avg_episodic_reward": [
        100.92234478574258,
        110.41661127414244,
        122.1759848615605,
        145.35810961864885,
        147.31029189142157,
        169.64322804549874,
        198.29012335121996,
        208.67719669639362,
        243.64687485442647,
        250.5486951556486,
        228.76984432515536,
        290.22949656041,
        280.29929002042627,
        304.07541396795943,
        303.3259097959619,
        324.89408903779497,
        314.3541269422708,
        338.9330567413246,
        330.8809349917574,
        340.1594858470222,
        364.99964669138376,
        361.40898303606434,
        381.9651736668277,
        428.70710252639344,
        498.2839152741187,
        481.11152988202036,
        532.8881540030043,
        586.5155407318466,
        706.3439824425586,
        952.1223813159464,
        737.7982740402867,
        887.8657101916542,
        865.1416775668933,
        918.3825531339085,
        954.1383239493471,
        1062.194524370003,
        1044.0380205660567,
        1235.6590944980999,
        1240.0501882810229,
        1482.855118066755,
        1636.652974154622,
        1626.491348204539,
        1722.547685335029,
        1719.8432417233817,
        1845.5641909351216,
        1801.1369615292547,
        1696.7609361153281,
        1824.2207898475963,
        2175.377063065027,
        1991.366552721779,
        2120.521719054101,
        2758.6714393781513,
        2612.561288721734,
        3109.1338643640556,
        3938.5590946272764,
        2806.207507666918,
        3351.3857067085282,
        3684.4573553759556,
        4625.7909323072045,
        4683.787942181818,
        5630.861332146306,
        4559.642946199434,
        6193.322932994188,
        6406.117741810587,
        6120.05912938744
    ],
    "avg_episode_length": [
        10.953125,
        11.96875,
        13.21875,
        15.71875,
        15.9375,
        18.375,
        21.4375,
        22.578125,
        26.359375,
        27.109375,
        24.75,
        31.34375,
        30.28125,
        32.859375,
        32.75,
        35.0625,
        33.9375,
        36.5625,
        35.703125,
        36.6875,
        39.359375,
        38.984375,
        41.15625,
        46.171875,
        53.625,
        51.78125,
        57.328125,
        63.078125,
        75.921875,
        102.296875,
        79.296875,
        95.390625,
        92.96875,
        98.640625,
        102.515625,
        114.0625,
        112.125,
        132.671875,
        133.125,
        159.125,
        175.609375,
        174.546875,
        184.8125,
        184.546875,
        198.0,
        193.265625,
        182.078125,
        195.765625,
        233.40625,
        213.65625,
        227.46875,
        295.84375,
        280.15625,
        333.359375,
        422.234375,
        300.796875,
        359.21875,
        394.84375,
        495.6875,
        501.9375,
        603.328125,
        488.609375,
        663.515625,
        686.21875,
        655.515625
    ]
}