{
    "steps": [
        10240,
        20480,
        30720,
        40960,
        51200,
        61440,
        71680,
        81920,
        92160,
        102400,
        112640,
        122880,
        133120,
        143360,
        153600,
        163840,
        174080,
        184320,
        194560,
        204800,
        215040,
        225280,
        235520,
        245760,
        256000,
        266240,
        276480,
        286720,
        296960,
        307200,
        317440,
        327680,
        337920,
        348160,
        358400,
        368640,
        378880,
        389120,
        399360,
        409600,
        419840,
        430080,
        440320,
        450560,
        460800,
        471040,
        481280,
        491520,
        501760,
        512000,
        522240,
        532480,
        542720,
        552960,
        563200,
        573440,
        583680,
        593920,
        604160,
        614400,
        624640,
        634880,
        645120,
        655360,
        665600,
        675840,
        686080,
        696320,
        706560,
        716800,
        727040,
        737280,
        747520,
        757760,
        768000,
        778240,
        788480,
        798720,
        808960,
        819200,
        829440,
        839680,
        849920,
        860160,
        870400,
        880640,
        890880,
        901120,
        911360,
        921600,
        931840,
        942080,
        952320,
        962560,
        972800,
        983040,
        993280
    ],
    "avg_episodic_reward": [
        -242.47973922883665,
        -198.94535592276532,
        -139.3431233076314,
        -71.64869844291889,
        -64.74009483193882,
        -130.09126724796863,
        -50.32015732295893,
        -88.98042392949063,
        -75.64888758356001,
        -95.11340997804105,
        -88.6122902009573,
        -46.3847012004047,
        31.936064298865602,
        28.599077593108195,
        -60.87580658195259,
        100.92804913059658,
        75.04113176697146,
        228.66289981831488,
        72.50040687646147,
        165.0110128267935,
        107.85359638666068,
        225.03052895310387,
        64.20891957321474,
        171.23487699593215,
        208.92832862107252,
        455.8159669636657,
        391.5372011354934,
        474.2134381118501,
        341.855111095195,
        468.85638147872294,
        561.9034425519767,
        397.97664934079086,
        579.6837381343676,
        488.58916404670725,
        639.7571648252881,
        704.2287424661611,
        524.1728333852122,
        560.3370160065602,
        555.0951496793929,
        785.1068387648857,
        566.4594886302857,
        767.6055472970559,
        1043.3025646517308,
        1142.3914714395953,
        1073.1267299960662,
        791.3408960939661,
        1046.8658162651059,
        1237.8804679370955,
        1157.8674028498822,
        1239.1945214853095,
        1113.6494474132273,
        1073.4978523238774,
        593.3119581981409,
        1216.3351355078912,
        1238.0384758174368,
        1156.8589665056434,
        1303.536747470493,
        847.1097538311958,
        1436.686891191491,
        752.2957627617195,
        1224.8506246676086,
        1096.51934806721,
        1203.5270171758589,
        1370.8447859051857,
        1637.6451458489073,
        1604.269647512536,
        1622.140233790356,
        1026.0863884018104,
        1553.3214749816457,
        1634.3269258906555,
        1091.6322870096503,
        1596.5537536092584,
        1377.7839944791995,
        1740.0680326264082,
        1280.1669321753245,
        1304.271174815512,
        1710.172284036746,
        1706.968868688965,
        1456.1932780083284,
        1764.8485591995955,
        1837.0403400665614,
        1919.1823139485746,
        1807.7147048701854,
        1872.1075639999533,
        1888.8158198916508,
        1907.9740743036846,
        1396.629498361233,
        1455.1318113799725,
        1773.16502435207,
        1778.7794589370574,
        1481.159886558731,
        1897.9125342214786,
        1365.4136665939827,
        1714.1255453067279,
        1782.1146657042098,
        1662.1722573356972,
        2048.523940164224
    ],
    "avg_episode_length": [
        1000.0,
        1000.0,
        1000.0,
        1000.0,
        1000.0,
        1000.0,
        1000.0,
        1000.0,
        1000.0,
        1000.0,
        1000.0,
        1000.0,
        1000.0,
        1000.0,
        1000.0,
        1000.0,
        1000.0,
        1000.0,
        1000.0,
        1000.0,
        1000.0,
        1000.0,
        1000.0,
        1000.0,
        1000.0,
        1000.0,
        1000.0,
        1000.0,
        1000.0,
        1000.0,
        1000.0,
        1000.0,
        1000.0,
        1000.0,
        1000.0,
        1000.0,
        1000.0,
        1000.0,
        1000.0,
        1000.0,
        1000.0,
        1000.0,
        1000.0,
        1000.0,
        1000.0,
        1000.0,
        1000.0,
        1000.0,
        1000.0,
        1000.0,
        1000.0,
        1000.0,
        1000.0,
        1000.0,
        1000.0,
        1000.0,
        1000.0,
        1000.0,
        1000.0,
        1000.0,
        1000.0,
        1000.0,
        1000.0,
        1000.0,
        1000.0,
        1000.0,
        1000.0,
        1000.0,
        1000.0,
        1000.0,
        1000.0,
        1000.0,
        1000.0,
        1000.0,
        1000.0,
        1000.0,
        1000.0,
        1000.0,
        1000.0,
        1000.0,
        1000.0,
        1000.0,
        1000.0,
        1000.0,
        1000.0,
        1000.0,
        1000.0,
        1000.0,
        1000.0,
        1000.0,
        1000.0,
        1000.0,
        1000.0,
        1000.0,
        1000.0,
        1000.0,
        1000.0
    ]
}