{
    "steps": [
        10240,
        20480,
        30720,
        40960,
        51200,
        61440,
        71680,
        81920,
        92160,
        102400,
        112640,
        122880,
        133120,
        143360,
        153600,
        163840,
        174080,
        184320,
        194560,
        204800,
        215040,
        225280,
        235520,
        245760,
        256000,
        266240,
        276480,
        286720,
        296960,
        307200,
        317440,
        327680,
        337920,
        348160,
        358400,
        368640,
        378880,
        389120,
        399360,
        409600,
        419840,
        430080,
        440320,
        450560,
        460800,
        471040,
        481280,
        491520,
        501760,
        512000,
        522240,
        532480,
        542720,
        552960,
        563200,
        573440,
        583680,
        593920,
        604160,
        614400,
        624640,
        634880,
        645120,
        655360,
        665600,
        675840,
        686080,
        696320,
        706560,
        716800,
        727040,
        737280,
        747520,
        757760,
        768000,
        778240,
        788480,
        798720,
        808960,
        819200,
        829440,
        839680,
        849920,
        860160,
        870400,
        880640,
        890880,
        901120,
        911360,
        921600,
        931840,
        942080,
        952320,
        962560,
        972800,
        983040,
        993280
    ],
    "avg_episodic_reward": [
        28.51955760530104,
        32.43350113370403,
        36.25269261128879,
        36.75100255742582,
        38.324086149847446,
        37.45033235327928,
        36.22422324483925,
        35.2678356937312,
        39.431644398687425,
        45.04570163027529,
        40.74719050069699,
        40.178802352702775,
        44.02652698440585,
        47.017199408645496,
        53.3287666839281,
        58.566558424344336,
        57.860249607795524,
        57.73273022174628,
        63.70954937506539,
        51.230134028974476,
        65.27451316276812,
        64.21922664778447,
        75.149449114271,
        71.47352329276688,
        76.86701295807269,
        71.47767162853106,
        78.0431557241655,
        80.48898624795451,
        78.92776902545796,
        84.67797895721563,
        80.60930747619763,
        86.75861911069458,
        87.44759010475006,
        85.93774518579022,
        85.40387959911138,
        87.14282812903576,
        88.210477854136,
        83.71559975405958,
        82.3524940877555,
        76.6683925266046,
        86.25957387053343,
        87.7152839727579,
        90.8156341797555,
        85.70453168113355,
        83.60819540088592,
        86.53974449621808,
        85.4614309983389,
        84.52865295353905,
        86.4008291580341,
        81.05745460255193,
        84.83548191383053,
        83.92501231807606,
        77.66531582090866,
        87.14815621855527,
        86.78753191955249,
        91.49164783113557,
        91.08526891501398,
        99.56781294837073,
        96.68007980711822,
        91.46935000944158,
        89.91504048049774,
        85.02953853048695,
        95.36599568770593,
        93.824872218917,
        91.53244016677908,
        92.37983218135788,
        94.34738774155119,
        92.07989079310171,
        91.84702277732839,
        90.79962671791523,
        96.59249195117138,
        95.89212209494693,
        90.69993329036049,
        87.25054780003869,
        93.51604089157472,
        100.65912581579752,
        97.56863228947839,
        98.85347387073911,
        100.90801194189419,
        107.16548841306343,
        97.71788911299755,
        105.79450705066206,
        97.30277855699191,
        101.32378595407158,
        102.99027292689195,
        101.65460851594423,
        103.4376797515579,
        102.50467754366758,
        95.24781677355563,
        100.2797101467251,
        104.0423676816776,
        97.54078405942744,
        100.08875036844313,
        95.2760807275285,
        100.2406388949512,
        97.01603432741979,
        96.21312942519316
    ],
    "avg_episode_length": [
        1000.0,
        1000.0,
        1000.0,
        1000.0,
        1000.0,
        1000.0,
        1000.0,
        1000.0,
        1000.0,
        1000.0,
        1000.0,
        1000.0,
        1000.0,
        1000.0,
        1000.0,
        1000.0,
        1000.0,
        1000.0,
        1000.0,
        1000.0,
        1000.0,
        1000.0,
        1000.0,
        1000.0,
        1000.0,
        1000.0,
        1000.0,
        1000.0,
        1000.0,
        1000.0,
        1000.0,
        1000.0,
        1000.0,
        1000.0,
        1000.0,
        1000.0,
        1000.0,
        1000.0,
        1000.0,
        1000.0,
        1000.0,
        1000.0,
        1000.0,
        1000.0,
        1000.0,
        1000.0,
        1000.0,
        1000.0,
        1000.0,
        1000.0,
        1000.0,
        1000.0,
        1000.0,
        1000.0,
        1000.0,
        1000.0,
        1000.0,
        1000.0,
        1000.0,
        1000.0,
        1000.0,
        1000.0,
        1000.0,
        1000.0,
        1000.0,
        1000.0,
        1000.0,
        1000.0,
        1000.0,
        1000.0,
        1000.0,
        1000.0,
        1000.0,
        1000.0,
        1000.0,
        1000.0,
        1000.0,
        1000.0,
        1000.0,
        1000.0,
        1000.0,
        1000.0,
        1000.0,
        1000.0,
        1000.0,
        1000.0,
        1000.0,
        1000.0,
        1000.0,
        1000.0,
        1000.0,
        1000.0,
        1000.0,
        1000.0,
        1000.0,
        1000.0,
        1000.0
    ]
}