{
    "steps": [
        10240,
        20480,
        30720,
        40960,
        51200,
        61440,
        71680,
        81920,
        92160,
        102400,
        112640,
        122880,
        133120,
        143360,
        153600,
        163840,
        174080,
        184320,
        194560,
        204800,
        215040,
        225280,
        235520,
        245760,
        256000,
        266240,
        276480,
        286720,
        296960,
        307200,
        317440,
        327680,
        337920,
        348160,
        358400,
        368640,
        378880,
        389120,
        399360,
        409600,
        419840,
        430080,
        440320,
        450560,
        460800,
        471040,
        481280,
        491520,
        501760,
        512000,
        522240,
        532480,
        542720,
        552960,
        563200,
        573440,
        583680,
        593920,
        604160,
        614400,
        624640,
        634880,
        645120,
        655360,
        665600,
        675840,
        686080,
        696320,
        706560,
        716800,
        727040,
        737280,
        747520,
        757760,
        768000,
        778240,
        788480,
        798720,
        808960,
        819200,
        829440,
        839680,
        849920,
        860160,
        870400,
        880640,
        890880,
        901120,
        911360,
        921600,
        931840,
        942080,
        952320,
        962560,
        972800,
        983040,
        993280
    ],
    "avg_episodic_reward": [
        -155.45345816536832,
        -57.0351632361846,
        -102.19342189336359,
        -60.95197174801071,
        -128.15519619997488,
        -61.933376782557175,
        -55.23116348191054,
        -112.8828123198353,
        -62.49571638207681,
        -29.67212018492056,
        -25.010332377938607,
        -8.369878233396562,
        -23.945515711216565,
        64.70871225917747,
        162.6330869733877,
        243.98140770239408,
        243.18998576629645,
        284.2823036227527,
        380.43426683508824,
        353.95561107316837,
        389.2054325060539,
        467.83443218041657,
        465.71458998480824,
        465.4885611306627,
        495.10167263595304,
        541.9223939879182,
        581.859599629616,
        591.2570713540251,
        618.9748135914051,
        658.0732633495528,
        574.4919259671369,
        633.9766825549564,
        708.8375318711267,
        713.5307519642574,
        726.2440974732551,
        763.1942392684771,
        723.1382101007171,
        755.3589580123079,
        759.5212603532324,
        757.5797618130598,
        766.7512706505008,
        709.2616568557071,
        736.8268388269536,
        730.6628754842413,
        722.8473591225052,
        784.1586715488752,
        786.2008765256605,
        746.3418344004754,
        828.3171403895283,
        786.9521262581939,
        765.1693908156553,
        863.8262014602078,
        841.5203378001247,
        822.2207524494004,
        882.9677908760164,
        900.0572652557112,
        825.7009431551642,
        816.443616142454,
        883.8135203319268,
        840.7866473918858,
        867.3699805963652,
        897.0709925341081,
        884.2324103991222,
        977.4711951547091,
        774.4601733351908,
        928.5814658213337,
        904.5764095843329,
        959.4550137349352,
        899.2490239481027,
        960.5430765242485,
        935.7090026459446,
        954.9009526392938,
        878.473495245718,
        921.0871824590587,
        981.4497593678235,
        897.0746434462421,
        959.3453428187627,
        1055.0545889235418,
        1014.0504367407674,
        941.9369346402256,
        960.7859147705922,
        1029.1240038780754,
        1042.3449667104874,
        1037.9818050524814,
        1042.495298749506,
        1038.0255389860904,
        1026.0962680041362,
        1066.4662980026515,
        1071.858166832339,
        1024.1395183636264,
        958.4865110819264,
        1045.307359272147,
        1058.280981572577,
        1032.1201689188138,
        1090.487301292373,
        1071.8631151261893,
        1005.7288830457941
    ],
    "avg_episode_length": [
        1000.0,
        1000.0,
        1000.0,
        1000.0,
        1000.0,
        1000.0,
        1000.0,
        1000.0,
        1000.0,
        1000.0,
        1000.0,
        1000.0,
        1000.0,
        1000.0,
        1000.0,
        1000.0,
        1000.0,
        1000.0,
        1000.0,
        1000.0,
        1000.0,
        1000.0,
        1000.0,
        1000.0,
        1000.0,
        1000.0,
        1000.0,
        1000.0,
        1000.0,
        1000.0,
        1000.0,
        1000.0,
        1000.0,
        1000.0,
        1000.0,
        1000.0,
        1000.0,
        1000.0,
        1000.0,
        1000.0,
        1000.0,
        1000.0,
        1000.0,
        1000.0,
        1000.0,
        1000.0,
        1000.0,
        1000.0,
        1000.0,
        1000.0,
        1000.0,
        1000.0,
        1000.0,
        1000.0,
        1000.0,
        1000.0,
        1000.0,
        1000.0,
        1000.0,
        1000.0,
        1000.0,
        1000.0,
        1000.0,
        1000.0,
        1000.0,
        1000.0,
        1000.0,
        1000.0,
        1000.0,
        1000.0,
        1000.0,
        1000.0,
        1000.0,
        1000.0,
        1000.0,
        1000.0,
        1000.0,
        1000.0,
        1000.0,
        1000.0,
        1000.0,
        1000.0,
        1000.0,
        1000.0,
        1000.0,
        1000.0,
        1000.0,
        1000.0,
        1000.0,
        1000.0,
        1000.0,
        1000.0,
        1000.0,
        1000.0,
        1000.0,
        1000.0,
        1000.0
    ]
}