{
    "steps": [
        10240,
        20480,
        30720,
        40960,
        51200,
        61440,
        71680,
        81920,
        92160,
        102400,
        112640,
        122880,
        133120,
        143360,
        153600,
        163840,
        174080,
        184320,
        194560,
        204800,
        215040,
        225280,
        235520,
        245760,
        256000,
        266240,
        276480,
        286720,
        296960,
        307200,
        317440,
        327680,
        337920,
        348160,
        358400,
        368640,
        378880,
        389120,
        399360,
        409600,
        419840,
        430080,
        440320,
        450560,
        460800,
        471040,
        481280,
        491520,
        501760,
        512000,
        522240,
        532480,
        542720,
        552960,
        563200,
        573440,
        583680,
        593920,
        604160,
        614400,
        624640,
        634880,
        645120,
        655360,
        665600,
        675840,
        686080,
        696320,
        706560,
        716800,
        727040,
        737280,
        747520,
        757760,
        768000,
        778240,
        788480,
        798720,
        808960,
        819200,
        829440,
        839680,
        849920,
        860160,
        870400,
        880640,
        890880,
        901120,
        911360,
        921600,
        931840,
        942080,
        952320,
        962560,
        972800,
        983040,
        993280
    ],
    "avg_episodic_reward": [
        208.41634940639224,
        212.87025061962544,
        197.5529956955273,
        216.63737666731578,
        255.2483602629115,
        210.29787251549376,
        690.4457607983081,
        414.8119446891084,
        747.0836642798528,
        367.5970557157684,
        377.43293714566175,
        355.7605585081462,
        329.8278647474405,
        594.8178242613585,
        null,
        375.82725576070067,
        713.3371731186711,
        310.09825629882783,
        719.6416149987656,
        null,
        652.295714597779,
        1674.8605166583188,
        825.3958485593396,
        579.5459451824629,
        827.2200169117882,
        2312.673666980002,
        965.9864127615551,
        784.9327436756694,
        957.61024549473,
        848.7829057055073,
        820.4170450323495,
        1441.5240719077299,
        1965.4772055875485,
        1618.026763356046,
        670.8240044211768,
        1059.8708781911232,
        920.8774172274592,
        null,
        1486.3329010596674,
        1366.020655715387,
        1433.1769127986483,
        1341.7469149737728,
        1022.6256785500702,
        654.0716101690946,
        1122.1673854876294,
        null,
        2342.762110172351,
        null,
        1120.9859151515366,
        2748.7316428413096,
        783.0949242281915,
        3026.878547766033,
        1043.7128370530306,
        2583.4681776745506,
        null,
        1876.9120081008355,
        3209.6492091591012,
        638.2341678350826,
        null,
        null,
        null,
        3095.691418908834,
        640.3448707594621,
        593.2257409423338,
        677.341825979805,
        942.5666682392394,
        589.7916265749965,
        1291.6564065656758,
        988.2116371652409,
        842.9034509062353,
        1499.6145472590458,
        1405.2005626558287,
        null,
        1160.1013789986318,
        3224.140947006959,
        3259.690866407854,
        1318.5582402997607,
        1733.6116283408846,
        791.3676647069888,
        1505.9628606565236,
        2021.1801290285107,
        3218.829544638295,
        2279.5423529276286,
        3212.1106396403993,
        1628.7169279729576,
        974.3185856712911,
        3222.236818093727,
        1074.5391863904097,
        2388.640495615125,
        3284.1307459559275,
        1499.8119651334923,
        748.7394019897047,
        872.8001128563155,
        1290.3174097901128,
        950.2847025178573,
        745.9483975195568,
        null
    ],
    "avg_episode_length": [
        99.4,
        105.4,
        91.83333333333333,
        103.6,
        129.5,
        108.75,
        375.0,
        230.0,
        347.6666666666667,
        202.0,
        176.33333333333334,
        157.33333333333334,
        136.5,
        247.5,
        null,
        163.66666666666666,
        281.5,
        139.33333333333334,
        247.0,
        null,
        229.0,
        800.0,
        277.0,
        209.5,
        272.5,
        910.0,
        327.0,
        267.0,
        327.5,
        287.0,
        260.5,
        461.0,
        651.0,
        542.0,
        222.0,
        344.0,
        309.0,
        null,
        462.0,
        436.0,
        440.0,
        429.0,
        314.5,
        222.0,
        358.0,
        null,
        736.0,
        null,
        352.0,
        1000.0,
        251.5,
        1000.0,
        324.0,
        781.0,
        null,
        651.0,
        1000.0,
        231.0,
        null,
        null,
        null,
        1000.0,
        203.5,
        188.33333333333334,
        212.0,
        288.0,
        190.0,
        396.5,
        307.0,
        258.0,
        441.0,
        421.0,
        null,
        364.0,
        1000.0,
        1000.0,
        394.0,
        548.0,
        258.5,
        445.0,
        589.0,
        925.0,
        680.0,
        1000.0,
        475.0,
        292.0,
        1000.0,
        317.0,
        710.0,
        1000.0,
        433.5,
        225.66666666666666,
        255.0,
        372.0,
        277.5,
        225.5,
        null
    ]
}