{
    "steps": [
        10133,
        20213,
        30310,
        40513,
        50664,
        60910,
        71202,
        81370,
        91515,
        101780,
        111957,
        122258,
        132523,
        142722,
        153193,
        163303,
        173655,
        183880,
        194431,
        204468,
        215135,
        225186,
        235313,
        245677,
        255953,
        266382,
        276710,
        287767,
        297781,
        309054,
        319219,
        329529,
        340931,
        352563,
        362903,
        373408,
        384796,
        395001,
        407336,
        418694,
        430231,
        441439,
        453117,
        464399,
        474454,
        488459,
        500845,
        513313,
        527262,
        537960,
        549096,
        563596,
        574562,
        586632,
        600257,
        613838,
        624839,
        635464,
        645471,
        658327,
        672725,
        688955,
        702206,
        718041,
        732392,
        742741,
        764560,
        784438,
        795031,
        813266,
        823713,
        836959,
        849879,
        862767,
        880531,
        891347,
        903181,
        917817,
        930751,
        943866,
        956646,
        969024,
        983303,
        995533,
        1008455
    ],
    "avg_episodic_reward": [
        99.57454373405731,
        137.6582879718135,
        136.83435923270545,
        182.3203199764009,
        185.29831146068454,
        194.3462926097116,
        242.1335047851864,
        210.59675136694787,
        267.224641731768,
        299.2451273994244,
        252.39223243478358,
        309.62575849632753,
        256.7554522343703,
        275.3244696867667,
        343.1348334188692,
        357.27460775261784,
        344.3238255070048,
        336.1396931575768,
        494.5768140295969,
        378.2043196256924,
        432.06551195720783,
        333.7510456556144,
        460.2314027375029,
        612.9491982500697,
        736.4124871898459,
        638.3367724983417,
        770.8774081364147,
        1110.4487302839916,
        811.4809927049412,
        1133.0021568929305,
        1157.0748352888054,
        1011.811132462004,
        934.1692664065971,
        1316.0023283546125,
        1129.5600158723216,
        1223.5108190436629,
        1051.7442010827278,
        1694.2698373179692,
        1406.9584659133934,
        1682.1372772479112,
        1432.3931448639037,
        1090.7036983466276,
        1523.1702381798848,
        1594.0827408280065,
        2133.2143276793013,
        2746.2218049773055,
        2165.615023512136,
        2044.1797667263504,
        2583.8770654108976,
        2868.4147937738135,
        2210.0504744348455,
        2822.3854969668223,
        3489.040368749149,
        1836.248710268017,
        2844.2619078313064,
        3033.219687635429,
        3260.0023187951174,
        3144.7995363333102,
        3201.8774016204457,
        4327.06769180911,
        4474.4041462905925,
        6075.227625453715,
        4101.721063078814,
        4484.296808852736,
        4799.995667618587,
        6036.2959574447605,
        7551.1188756450865,
        6168.40838471704,
        6179.705891804022,
        5427.903885028885,
        6096.898006790669,
        7731.237168065797,
        7540.195777732268,
        7522.352778083159,
        6316.212412889694,
        6312.574253149877,
        6907.367677634222,
        8545.089321200847,
        7549.411171217153,
        7655.305248748882,
        7460.534254362736,
        7225.105498672205,
        8335.99457763514,
        7139.715335723416,
        7544.171564054588
    ],
    "avg_episode_length": [
        10.8125,
        14.875,
        14.875,
        19.75,
        20.0625,
        21.0625,
        26.1875,
        22.8125,
        28.875,
        32.3125,
        27.3125,
        33.4375,
        27.75,
        29.75,
        37.0,
        38.5625,
        37.125,
        36.25,
        53.25,
        40.75,
        46.5625,
        36.0,
        49.5625,
        65.9375,
        79.125,
        68.625,
        82.875,
        119.25,
        87.1875,
        121.6875,
        124.25,
        108.6875,
        100.3125,
        141.25,
        121.3125,
        131.3125,
        112.9375,
        181.875,
        150.9375,
        180.5,
        153.6875,
        117.125,
        163.375,
        171.0,
        228.75,
        294.5625,
        232.3125,
        219.3125,
        277.1875,
        307.5625,
        237.0625,
        302.6875,
        374.0625,
        197.0,
        304.9375,
        325.1875,
        349.4375,
        337.0625,
        343.25,
        463.75,
        479.5,
        650.8125,
        439.5625,
        480.5,
        514.375,
        646.8125,
        808.875,
        660.8125,
        662.0625,
        581.3125,
        652.9375,
        827.875,
        807.5,
        805.5,
        676.375,
        676.0,
        739.625,
        914.75,
        808.375,
        819.6875,
        798.75,
        773.625,
        892.4375,
        764.375,
        807.625
    ]
}