{
    "steps": [
        10240,
        20480,
        30720,
        40960,
        51200,
        61440,
        71680,
        81920,
        92160,
        102400,
        112640,
        122880,
        133120,
        143360,
        153600,
        163840,
        174080,
        184320,
        194560,
        204800,
        215040,
        225280,
        235520,
        245760,
        256000,
        266240,
        276480,
        286720,
        296960,
        307200,
        317440,
        327680,
        337920,
        348160,
        358400,
        368640,
        378880,
        389120,
        399360,
        409600,
        419840,
        430080,
        440320,
        450560,
        460800,
        471040,
        481280,
        491520,
        501760,
        512000,
        522240,
        532480,
        542720,
        552960,
        563200,
        573440,
        583680,
        593920,
        604160,
        614400,
        624640,
        634880,
        645120,
        655360,
        665600,
        675840,
        686080,
        696320,
        706560,
        716800,
        727040,
        737280,
        747520,
        757760,
        768000,
        778240,
        788480,
        798720,
        808960,
        819200,
        829440,
        839680,
        849920,
        860160,
        870400,
        880640,
        890880,
        901120,
        911360,
        921600,
        931840,
        942080,
        952320,
        962560,
        972800,
        983040,
        993280
    ],
    "avg_episodic_reward": [
        -338.39449282449874,
        -356.7914248037696,
        -279.04043241310177,
        -326.73943141346115,
        -313.8763911004538,
        -266.6140699557498,
        -343.1557852013548,
        -230.93727167864415,
        -223.6309321088951,
        -172.5147709142287,
        -108.70548335750607,
        -14.456646550044683,
        41.0696911500104,
        156.4781468871972,
        263.4399845103321,
        320.9994561498659,
        425.7496061157453,
        374.2403606531242,
        537.6000752658163,
        470.71139720064394,
        556.5882647935267,
        649.1162098468475,
        650.069435087703,
        692.7116833881582,
        769.6077056742378,
        748.2979624032389,
        773.2641266125406,
        846.8246693236775,
        877.9962319910479,
        887.8528127772278,
        909.4313218320551,
        925.2101422046558,
        926.0459873735668,
        947.2974033478072,
        977.0590323191855,
        982.5918820622428,
        864.1436720366964,
        904.3712093169938,
        935.3240590753377,
        1050.0505049996987,
        1034.3381193007535,
        1088.3541667474296,
        878.554710420016,
        1030.7810819290007,
        991.7923123283492,
        988.3860037539986,
        969.1056626403831,
        1047.8854435544076,
        1092.3250942262287,
        1081.5292327622699,
        1033.337076125895,
        1056.2394596982108,
        1112.1018255958047,
        1070.8064990403896,
        1122.1287418105285,
        1115.5177845488843,
        1092.512622252545,
        1118.8416748700088,
        1109.1518735624327,
        1151.5967500095908,
        1047.3725042764856,
        1062.7255218935504,
        1140.6240138182661,
        1173.4287237590424,
        1133.6785897523691,
        1105.5775591035383,
        1125.0154281923171,
        1110.202426270815,
        1166.4712020695752,
        1130.3596323104534,
        1156.3356111571884,
        1155.1081201650995,
        1135.551762768662,
        1192.6487456936409,
        1161.3871950959706,
        1150.3281218582,
        1145.0869824899269,
        1143.0663102802114,
        1174.1389985255087,
        1012.8429049083263,
        1178.414688232759,
        1179.628436735094,
        1211.2163331982372,
        1204.3948936869597,
        1203.02347980682,
        1204.1397805869935,
        1131.579537471151,
        1196.2365524032211,
        1228.3801514417923,
        1176.0606952963253,
        1239.7740743783538,
        1127.6992706625306,
        1127.162868673075,
        1224.8238479229083,
        1241.46135864912,
        1163.4175094402149,
        1195.9524098875868
    ],
    "avg_episode_length": [
        1000.0,
        1000.0,
        1000.0,
        1000.0,
        1000.0,
        1000.0,
        1000.0,
        1000.0,
        1000.0,
        1000.0,
        1000.0,
        1000.0,
        1000.0,
        1000.0,
        1000.0,
        1000.0,
        1000.0,
        1000.0,
        1000.0,
        1000.0,
        1000.0,
        1000.0,
        1000.0,
        1000.0,
        1000.0,
        1000.0,
        1000.0,
        1000.0,
        1000.0,
        1000.0,
        1000.0,
        1000.0,
        1000.0,
        1000.0,
        1000.0,
        1000.0,
        1000.0,
        1000.0,
        1000.0,
        1000.0,
        1000.0,
        1000.0,
        1000.0,
        1000.0,
        1000.0,
        1000.0,
        1000.0,
        1000.0,
        1000.0,
        1000.0,
        1000.0,
        1000.0,
        1000.0,
        1000.0,
        1000.0,
        1000.0,
        1000.0,
        1000.0,
        1000.0,
        1000.0,
        1000.0,
        1000.0,
        1000.0,
        1000.0,
        1000.0,
        1000.0,
        1000.0,
        1000.0,
        1000.0,
        1000.0,
        1000.0,
        1000.0,
        1000.0,
        1000.0,
        1000.0,
        1000.0,
        1000.0,
        1000.0,
        1000.0,
        1000.0,
        1000.0,
        1000.0,
        1000.0,
        1000.0,
        1000.0,
        1000.0,
        1000.0,
        1000.0,
        1000.0,
        1000.0,
        1000.0,
        1000.0,
        1000.0,
        1000.0,
        1000.0,
        1000.0,
        1000.0
    ]
}