{
    "steps": [
        16000,
        32000,
        48000,
        64000,
        80000,
        96000,
        112000,
        128000,
        144000,
        160000,
        176000,
        192000,
        208000,
        224000,
        240000,
        256000,
        272000,
        288000,
        304000,
        320000,
        336000,
        352000,
        368000,
        384000,
        400000,
        416000,
        432000,
        448000,
        464000,
        480000,
        496000,
        512000,
        528000,
        544000,
        560000,
        576000,
        592000,
        608000,
        624000,
        640000,
        656000,
        672000,
        688000,
        704000,
        720000,
        736000,
        752000,
        768000,
        784000,
        800000,
        816000,
        832000,
        848000,
        864000,
        880000,
        896000,
        912000,
        928000,
        944000,
        960000,
        976000,
        992000,
        1008000
    ],
    "avg_episodic_reward": [
        -247.633574000383,
        -248.9201533265994,
        -211.6012967467673,
        -232.22863629548624,
        -223.39385286101722,
        -218.08587751440308,
        -235.05953292831646,
        -223.92975127724299,
        -184.5226054990991,
        -196.29472590205683,
        -189.92895376895063,
        -174.34495714682672,
        -140.7227696694549,
        -173.75964794833487,
        -161.25659706923423,
        -127.33962613653702,
        -153.45638673202848,
        -121.24595124260755,
        -120.11489958902906,
        -137.54532326666987,
        -129.154294593509,
        -129.8328637747645,
        -112.63264084290836,
        -113.59306872501553,
        -107.02759116461405,
        -73.6583259528078,
        -69.02746397797628,
        -91.49259934265254,
        -67.42062364401266,
        -94.70558647099509,
        -45.79393615556097,
        -64.33128632563354,
        -44.01549817277133,
        -59.40458562600183,
        -64.77354586614616,
        -46.28887693228403,
        -43.60084439280509,
        -36.004190084639845,
        -33.50160092576914,
        -12.337278135487216,
        -18.699970934324995,
        -1.9468407569807749,
        -3.8665016063336894,
        4.58689147957018,
        -5.507258029702827,
        2.960311609150982,
        2.704206974951826,
        11.75160005772305,
        35.139918884580084,
        -0.5178018452938407,
        19.403334577093418,
        47.34098989404248,
        19.641970434222696,
        30.332955130085878,
        40.08069554602734,
        36.94313544765316,
        28.751438614962208,
        7.488181892542869,
        45.92189746721602,
        55.884961833229255,
        48.795633487277556,
        63.9688522757633,
        90.1335526310305
    ],
    "avg_episode_length": [
        1000.0,
        1000.0,
        1000.0,
        1000.0,
        1000.0,
        1000.0,
        1000.0,
        1000.0,
        1000.0,
        1000.0,
        1000.0,
        1000.0,
        1000.0,
        1000.0,
        1000.0,
        1000.0,
        1000.0,
        1000.0,
        1000.0,
        1000.0,
        1000.0,
        1000.0,
        1000.0,
        1000.0,
        1000.0,
        1000.0,
        1000.0,
        1000.0,
        1000.0,
        1000.0,
        1000.0,
        1000.0,
        1000.0,
        1000.0,
        1000.0,
        1000.0,
        1000.0,
        1000.0,
        1000.0,
        1000.0,
        1000.0,
        1000.0,
        1000.0,
        1000.0,
        1000.0,
        1000.0,
        1000.0,
        1000.0,
        1000.0,
        1000.0,
        1000.0,
        1000.0,
        1000.0,
        1000.0,
        1000.0,
        1000.0,
        1000.0,
        1000.0,
        1000.0,
        1000.0,
        1000.0,
        1000.0,
        1000.0
    ]
}