{
    "steps": [
        16000,
        32000,
        48000,
        64000,
        80000,
        96000,
        112000,
        128000,
        144000,
        160000,
        176000,
        192000,
        208000,
        224000,
        240000,
        256000,
        272000,
        288000,
        304000,
        320000,
        336000,
        352000,
        368000,
        384000,
        400000,
        416000,
        432000,
        448000,
        464000,
        480000,
        496000,
        512000,
        528000,
        544000,
        560000,
        576000,
        592000,
        608000,
        624000,
        640000,
        656000,
        672000,
        688000,
        704000,
        720000,
        736000,
        752000,
        768000,
        784000,
        800000,
        816000,
        832000,
        848000,
        864000,
        880000,
        896000,
        912000,
        928000,
        944000,
        960000,
        976000,
        992000,
        1008000
    ],
    "avg_episodic_reward": [
        -387.91760844214224,
        -390.15498012639796,
        -362.93047335601193,
        -372.151141364953,
        -355.7512215165584,
        -351.30706539213895,
        -369.06232556364523,
        -386.02857139791865,
        -345.4404319834156,
        -355.3269366772568,
        -348.10369445693857,
        -340.01366109916967,
        -364.2289348178392,
        -347.77551194502064,
        -329.67323037883386,
        -353.69892298426294,
        -317.770584814786,
        -297.9031896505178,
        -292.16392091193546,
        -326.4437331822801,
        -314.00417225748356,
        -325.0322450184485,
        -335.6044203952718,
        -351.3728873486576,
        -342.4770174729899,
        -340.6286951008824,
        -321.00914911838817,
        -332.43218612554006,
        -312.1570293573071,
        -357.5340065426467,
        -324.3619385803849,
        -347.75727666230046,
        -325.7973703385428,
        -321.3222492432239,
        -324.5568672217838,
        -340.1807598283113,
        -337.07335664474795,
        -290.0841788361174,
        -325.09244606239014,
        -322.84488342435634,
        -296.7664125379823,
        -306.12065427251065,
        -296.99740132323086,
        -285.6635119795695,
        -303.98367283386483,
        -271.14845222243645,
        -305.3779851107166,
        -279.75074384757806,
        -281.72892522208195,
        -289.8285989966563,
        -285.3238637502316,
        -312.3133290870587,
        -283.02183909249504,
        -281.9855560906123,
        -293.80606224740035,
        -294.1707681481778,
        -291.425373202301,
        -301.17638239979226,
        -300.28967109705707,
        -301.2330383370815,
        -291.4642283060079,
        -295.51693519165383,
        -296.7727345008527
    ],
    "avg_episode_length": [
        1000.0,
        1000.0,
        1000.0,
        1000.0,
        1000.0,
        1000.0,
        1000.0,
        1000.0,
        1000.0,
        1000.0,
        1000.0,
        1000.0,
        1000.0,
        1000.0,
        1000.0,
        1000.0,
        1000.0,
        1000.0,
        1000.0,
        1000.0,
        1000.0,
        1000.0,
        1000.0,
        1000.0,
        1000.0,
        1000.0,
        1000.0,
        1000.0,
        1000.0,
        1000.0,
        1000.0,
        1000.0,
        1000.0,
        1000.0,
        1000.0,
        1000.0,
        1000.0,
        1000.0,
        1000.0,
        1000.0,
        1000.0,
        1000.0,
        1000.0,
        1000.0,
        1000.0,
        1000.0,
        1000.0,
        1000.0,
        1000.0,
        1000.0,
        1000.0,
        1000.0,
        1000.0,
        1000.0,
        1000.0,
        1000.0,
        1000.0,
        1000.0,
        1000.0,
        1000.0,
        1000.0,
        1000.0,
        1000.0
    ]
}