{
    "steps": [
        32768,
        65536,
        98304
    ],
    "avg_episodic_reward": [
        -23.290039531612678,
        -20.84884249443125,
        -17.260601025083396
    ],
    "avg_episode_length": [
        512.0,
        512.0,
        512.0
    ]
}