{
    "steps": [
        10240,
        20480,
        30720,
        40960,
        51200,
        61440,
        71680,
        81920,
        92160,
        102400,
        112640,
        122880,
        133120,
        143360,
        153600,
        163840,
        174080,
        184320,
        194560,
        204800,
        215040,
        225280,
        235520,
        245760,
        256000,
        266240,
        276480,
        286720,
        296960,
        307200,
        317440,
        327680,
        337920,
        348160,
        358400,
        368640,
        378880,
        389120,
        399360,
        409600,
        419840,
        430080,
        440320,
        450560,
        460800,
        471040,
        481280,
        491520,
        501760,
        512000,
        522240,
        532480,
        542720,
        552960,
        563200,
        573440,
        583680,
        593920,
        604160,
        614400,
        624640,
        634880,
        645120,
        655360,
        665600,
        675840,
        686080,
        696320,
        706560,
        716800,
        727040,
        737280,
        747520,
        757760,
        768000,
        778240,
        788480,
        798720,
        808960,
        819200,
        829440,
        839680,
        849920,
        860160,
        870400,
        880640,
        890880,
        901120,
        911360,
        921600,
        931840,
        942080,
        952320,
        962560,
        972800,
        983040,
        993280
    ],
    "avg_episodic_reward": [
        -370.7653957107833,
        -359.1765993685202,
        -401.1505263214881,
        -337.0222263146533,
        -303.29207599301947,
        -341.58238797007306,
        -278.4744123945425,
        -289.33647424766025,
        -263.6691922779802,
        -229.21029832481727,
        -329.1912841350254,
        -171.54688734945051,
        -149.56624455288758,
        -221.57327401603294,
        -50.1244039109792,
        -87.0744297018375,
        7.037147976874834,
        77.35605101698022,
        162.82572862308893,
        237.88269270703842,
        341.75053549203017,
        423.2361274964295,
        432.64218930091596,
        478.45155631641956,
        252.88810606977577,
        491.36264750215065,
        483.02123611426845,
        573.7236634046101,
        435.5753786616615,
        481.41454962418754,
        597.0450127214508,
        528.9676812699389,
        599.2247433351463,
        604.2827257998429,
        633.4555744140633,
        668.1335021990171,
        506.2396624623716,
        632.7592762397396,
        10.574543730896593,
        611.4224468107519,
        738.3608448635256,
        604.824597360785,
        707.9297115357174,
        750.2192966132052,
        703.7213136905004,
        707.3222870345776,
        792.0593415730605,
        774.9248838553767,
        769.8602359974464,
        734.7280246765372,
        670.2227739368456,
        793.1831962412722,
        683.866762767361,
        838.4312799003732,
        839.5930197279799,
        832.2104704005919,
        809.1755526019269,
        802.3450781306151,
        904.230481646876,
        868.148688149264,
        817.1587150297257,
        881.237120329633,
        891.7119500506392,
        918.3043111125153,
        892.4151572054088,
        869.8419534390301,
        880.9898825875686,
        967.9231701260796,
        929.6358073053066,
        966.224317706148,
        883.6434698860985,
        917.8495738355577,
        982.2546833799179,
        894.4293589151737,
        888.946476015612,
        425.0890688121507,
        930.6965671334897,
        979.7607768992605,
        952.1752286934238,
        1024.2911321545876,
        981.752498296432,
        926.8641422131841,
        967.0427728932499,
        994.0929525046085,
        957.3381284661737,
        909.1107007262847,
        464.730864566422,
        1022.8474599054546,
        1036.5056849075281,
        1028.0145018699914,
        1039.0815927221615,
        1013.755374946858,
        1031.3673419741353,
        1108.118388003774,
        1059.121769526826,
        978.2154645864292,
        1081.1915676291883
    ],
    "avg_episode_length": [
        1000.0,
        1000.0,
        1000.0,
        1000.0,
        1000.0,
        1000.0,
        1000.0,
        1000.0,
        1000.0,
        1000.0,
        1000.0,
        1000.0,
        1000.0,
        1000.0,
        1000.0,
        1000.0,
        1000.0,
        1000.0,
        1000.0,
        1000.0,
        1000.0,
        1000.0,
        1000.0,
        1000.0,
        1000.0,
        1000.0,
        1000.0,
        1000.0,
        1000.0,
        1000.0,
        1000.0,
        1000.0,
        1000.0,
        1000.0,
        1000.0,
        1000.0,
        1000.0,
        1000.0,
        1000.0,
        1000.0,
        1000.0,
        1000.0,
        1000.0,
        1000.0,
        1000.0,
        1000.0,
        1000.0,
        1000.0,
        1000.0,
        1000.0,
        1000.0,
        1000.0,
        1000.0,
        1000.0,
        1000.0,
        1000.0,
        1000.0,
        1000.0,
        1000.0,
        1000.0,
        1000.0,
        1000.0,
        1000.0,
        1000.0,
        1000.0,
        1000.0,
        1000.0,
        1000.0,
        1000.0,
        1000.0,
        1000.0,
        1000.0,
        1000.0,
        1000.0,
        1000.0,
        1000.0,
        1000.0,
        1000.0,
        1000.0,
        1000.0,
        1000.0,
        1000.0,
        1000.0,
        1000.0,
        1000.0,
        1000.0,
        1000.0,
        1000.0,
        1000.0,
        1000.0,
        1000.0,
        1000.0,
        1000.0,
        1000.0,
        1000.0,
        1000.0,
        1000.0
    ]
}