{
    "steps": [
        10070,
        20231,
        30286,
        40329,
        50993,
        61060,
        71573,
        82050,
        92143,
        102549,
        112872,
        123090,
        133342,
        143691,
        154151,
        164212,
        174643,
        184905,
        195024,
        205388,
        216042,
        226195,
        236364,
        246816,
        257638,
        267763,
        277901,
        288108,
        298603,
        308868,
        319732,
        330246,
        341035,
        351143,
        361730,
        371960,
        381967,
        392929,
        403431,
        413604,
        424373,
        434416,
        444985,
        455622,
        465638,
        476076,
        486612,
        497244,
        507722,
        518561,
        529177,
        539448,
        549753,
        559807,
        570185,
        580486,
        590896,
        600941,
        611150,
        621285,
        631785,
        641840,
        652583,
        663198,
        674105,
        685135,
        695217,
        706146,
        716859,
        727699,
        737912,
        747994,
        758113,
        768587,
        778749,
        789142,
        800651,
        810856,
        821013,
        831120,
        841430,
        852437,
        863499,
        874698,
        886178,
        896758,
        907315,
        917413,
        928550,
        938740,
        949319,
        960331,
        970652,
        983698,
        994287
    ],
    "avg_episodic_reward": [
        23.201407821054747,
        69.78221412927725,
        125.58497060331183,
        102.42780846202334,
        152.1976015290095,
        255.7815459538135,
        230.33576786658455,
        263.1890683640285,
        277.14111899835683,
        219.43909272030214,
        226.3702169773986,
        303.930360585044,
        224.0641791759751,
        161.24773385272778,
        291.3336627769775,
        305.4112392951372,
        230.32445149127724,
        267.52483887133235,
        266.3195790483477,
        291.3842906912156,
        228.70061218636425,
        340.196068127549,
        303.35079222678866,
        256.2886152468769,
        244.21458164264976,
        265.9497373855522,
        335.3322014937752,
        291.7409265261019,
        288.1605889046617,
        335.73171158320554,
        307.90645368566487,
        421.30386048066754,
        415.0430838420755,
        236.25263899267944,
        323.0099487670949,
        266.99035899377134,
        270.3240088323431,
        219.12953026330092,
        283.50102850292154,
        415.4823693850699,
        349.19815988941514,
        317.4091824116616,
        311.11534272203323,
        296.96752265235887,
        274.99832986132145,
        329.9312005078233,
        318.29591077521246,
        374.6902326898945,
        355.8729668364672,
        313.10005956151355,
        292.45098966303976,
        133.68429898646076,
        255.95201346138882,
        237.57339164876691,
        332.4461285540742,
        289.54468359771056,
        305.10862205759275,
        359.45133828170367,
        303.8763696676751,
        372.0137413997072,
        273.70969752579924,
        267.9860918064121,
        311.08646846555405,
        323.62595251507605,
        290.0228327938568,
        418.40021642154915,
        296.71338260876433,
        364.38202933645005,
        305.24712159109737,
        360.3328068388822,
        329.7914320999607,
        394.5275477361029,
        325.02239166775365,
        409.81607570531077,
        505.85596696745023,
        382.9355121599307,
        577.2234272097096,
        345.1355553034423,
        331.3321723639697,
        344.2946157464917,
        303.5961466222692,
        464.7636958747147,
        565.8412910583997,
        546.1104009163103,
        493.07794544217194,
        453.8241895475458,
        503.446458850172,
        432.0133763324651,
        755.5518516591985,
        682.1998944379185,
        742.7403152505206,
        643.5648422658182,
        982.2638859283084,
        826.5899161341231,
        648.5290995421637
    ],
    "avg_episode_length": [
        48.5,
        100.5,
        194.5,
        179.25,
        180.0,
        200.75,
        184.0,
        148.25,
        282.75,
        167.0,
        237.5,
        176.25,
        224.5,
        224.25,
        214.25,
        180.0,
        164.0,
        155.75,
        151.0,
        292.0,
        230.75,
        203.75,
        175.5,
        193.5,
        225.5,
        196.5,
        217.25,
        292.5,
        194.5,
        205.5,
        250.25,
        291.75,
        272.5,
        180.0,
        206.0,
        202.75,
        151.75,
        290.75,
        283.25,
        276.25,
        222.25,
        198.5,
        244.75,
        170.25,
        166.5,
        205.25,
        262.0,
        305.25,
        237.25,
        269.0,
        177.75,
        187.5,
        182.0,
        174.0,
        208.25,
        169.5,
        228.25,
        231.5,
        181.0,
        238.0,
        209.25,
        268.25,
        187.0,
        196.0,
        234.75,
        289.0,
        179.5,
        236.25,
        182.0,
        233.25,
        193.0,
        267.25,
        196.75,
        284.75,
        450.25,
        259.25,
        458.0,
        288.25,
        271.25,
        214.0,
        180.25,
        395.5,
        444.25,
        418.5,
        409.75,
        338.0,
        386.5,
        295.5,
        632.0,
        551.5,
        650.25,
        512.5,
        1000.0,
        764.5,
        586.5
    ]
}