{
    "steps": [
        64000,
        128000,
        192000,
        256000,
        320000,
        384000,
        448000,
        512000,
        576000,
        640000,
        704000,
        768000,
        832000,
        896000,
        960000,
        1024000
    ],
    "avg_episodic_reward": [
        -364.5094489561318,
        -352.25292181988243,
        -362.78002725577886,
        -344.8216798561215,
        -355.110585495079,
        -362.48372640678105,
        -354.23261071147306,
        -348.94499371588466,
        -355.4780406645157,
        -339.9350622771932,
        -354.95091556203613,
        -353.48712911842057,
        -346.51940825369627,
        -337.05699079727805,
        -329.94561636073723,
        -347.4621091613394
    ],
    "avg_episode_length": [
        1000.0,
        1000.0,
        1000.0,
        1000.0,
        1000.0,
        1000.0,
        1000.0,
        1000.0,
        1000.0,
        1000.0,
        1000.0,
        1000.0,
        1000.0,
        1000.0,
        1000.0,
        1000.0
    ]
}