{
    "steps": [
        10004,
        20057,
        30157,
        40174,
        50229,
        60303,
        70363,
        80456,
        90589,
        100713,
        110813,
        120856,
        130985,
        141145,
        151319,
        161330,
        171370,
        181448,
        191450,
        201463,
        211480,
        221558,
        231828,
        242311,
        252466,
        262522,
        272667,
        282980,
        293217,
        303678,
        313784,
        324596,
        334847,
        345418,
        355536,
        365703,
        375892,
        386288,
        396434,
        406475,
        416934,
        427475,
        437998,
        448042,
        458464,
        468922,
        479653,
        490326,
        501246,
        511446,
        521501,
        531757,
        542034,
        552415,
        563160,
        573716,
        585125,
        595228,
        606111,
        617104,
        627109,
        637161,
        648213,
        659067,
        669525,
        680522,
        691208,
        701567,
        712529,
        722696,
        734477,
        745766,
        758312,
        769107,
        779803,
        792191,
        803409,
        815804,
        829340,
        841435,
        854586,
        865659,
        876918,
        887621,
        898752,
        910693,
        922136,
        932203,
        942979,
        956495,
        968902,
        981909,
        994584
    ],
    "avg_episodic_reward": [
        131.5182804274335,
        142.6465072702951,
        258.8558339841082,
        242.70023275108545,
        180.22293504735222,
        198.79150858841246,
        261.61126842359283,
        293.15101687774353,
        319.7578753288219,
        287.78359854802284,
        314.462899033785,
        375.8140813593117,
        385.21913594002365,
        384.46927784437275,
        424.823463227929,
        277.4891550491198,
        340.5700215323104,
        401.15723367568216,
        344.9386569730737,
        469.2429811559607,
        1007.115751684332,
        608.6128200526392,
        988.6505203275091,
        1189.0598874868322,
        637.3512071878029,
        711.7071195449338,
        965.1870133018966,
        1144.3507345184416,
        1094.5657416569434,
        2057.147875612726,
        1133.591038366496,
        2882.6865258520584,
        861.1397398903339,
        1402.6183928618666,
        1373.516311983237,
        737.1413640216791,
        2099.9545901961437,
        1112.7428525573844,
        1596.2853676522477,
        1115.4405259326886,
        2141.8580367111335,
        1900.4420347645275,
        4219.461707693152,
        1215.6211405315566,
        3471.132176410657,
        3950.5733703030187,
        1828.8850047035207,
        2891.1655890673264,
        3805.455760175755,
        1885.769525544015,
        1237.56937735143,
        1867.650278450854,
        2186.088692693585,
        1390.9959314587195,
        5178.801039938502,
        3243.8206732733784,
        3916.347629826212,
        3079.166330056546,
        3761.805474079938,
        3086.124448115913,
        5983.854568909231,
        2185.4073487788455,
        3396.9418186084004,
        3344.5234124461617,
        6069.5819919662135,
        4489.994804469364,
        7191.6597898681475,
        3778.657869088067,
        8895.23948840086,
        5148.722638156827,
        6572.74048612201,
        5094.307364423245,
        6153.794358590034,
        8101.157787639804,
        6217.57462724329,
        7159.495088075106,
        9340.269802342842,
        7688.249608335121,
        9001.592971160731,
        7268.288163599632,
        9341.163523123863,
        7235.487848911434,
        5544.731436049111,
        5268.447596663628,
        7310.730161580471,
        9340.648655075656,
        9339.971912335812,
        9051.017591914453,
        9342.54238203134,
        8962.720977470479,
        7859.496123546642,
        7374.737310586511,
        6587.325083446642
    ],
    "avg_episode_length": [
        14.25,
        15.5,
        28.0,
        26.25,
        19.5,
        21.5,
        28.25,
        31.75,
        34.5,
        31.25,
        34.0,
        40.5,
        41.5,
        41.5,
        45.75,
        30.0,
        36.75,
        43.25,
        37.25,
        50.5,
        108.25,
        65.5,
        106.5,
        127.75,
        68.5,
        76.5,
        103.75,
        123.0,
        117.5,
        220.75,
        121.75,
        309.0,
        92.5,
        150.5,
        147.5,
        79.25,
        225.25,
        119.5,
        171.25,
        119.75,
        229.75,
        203.75,
        452.5,
        130.5,
        372.0,
        423.75,
        196.25,
        310.25,
        408.0,
        202.5,
        132.75,
        200.25,
        234.5,
        149.25,
        555.0,
        347.75,
        419.75,
        330.0,
        403.25,
        330.75,
        641.0,
        234.25,
        364.0,
        358.5,
        650.25,
        481.0,
        770.25,
        404.75,
        952.75,
        551.75,
        704.25,
        546.0,
        659.25,
        867.5,
        666.0,
        766.75,
        1000.0,
        823.25,
        963.75,
        778.25,
        1000.0,
        774.75,
        593.75,
        564.25,
        782.75,
        1000.0,
        1000.0,
        969.0,
        1000.0,
        959.5,
        841.5,
        789.5,
        705.25
    ]
}