{
    "steps": [
        10578,
        21277,
        31424,
        41904,
        51907,
        62622,
        73577,
        83810,
        94364,
        104609,
        114977,
        125656,
        136610,
        147357,
        158393,
        168672,
        178716,
        189361,
        200778,
        212765,
        223825,
        235560,
        245800,
        257077,
        268621,
        281019,
        292541,
        303418,
        314613,
        327789,
        340578,
        354940,
        365952,
        376162,
        386954,
        398278,
        410173,
        421774,
        434502,
        449911,
        462342,
        476759,
        491132,
        505576,
        524136,
        539476,
        555153,
        573027,
        591275,
        609064,
        619739,
        639478,
        659721,
        681260,
        692885,
        704924,
        715690,
        727423,
        739646,
        752698,
        763986,
        776853,
        787123,
        800390,
        814359,
        828983,
        840705,
        855376,
        869127,
        882452,
        896607,
        911204,
        925419,
        939748,
        954898,
        969735,
        983561,
        998908,
        1012389
    ],
    "avg_episodic_reward": [
        60.649791617908974,
        62.66199254324465,
        101.2744292315609,
        105.11802972392145,
        120.04273588554452,
        125.43586820798214,
        153.40043793062654,
        141.86926072573357,
        173.83429363880464,
        192.2257285963497,
        182.1257418580296,
        187.8129367963204,
        196.02458773976068,
        204.13368372817288,
        210.70149528605793,
        234.68389722796908,
        233.19248064254424,
        233.57257197695347,
        257.6614387850856,
        264.4090998991417,
        238.95915811930607,
        245.06318894787626,
        247.0409983582086,
        279.38997411096767,
        259.7215581565636,
        323.4461733791804,
        300.02255330028004,
        343.0648810702403,
        285.2526203524359,
        354.7098793850331,
        367.8192933315962,
        380.0077024994175,
        453.45260417379797,
        452.4979811984492,
        393.96692239301086,
        422.9857881306002,
        371.077530634088,
        452.25189315489433,
        446.52618460205133,
        511.5894115952292,
        463.96721920997106,
        446.49978514128446,
        543.03927583496,
        593.2037601544379,
        627.9494553882444,
        424.028653819447,
        625.7110890781352,
        609.8745929739109,
        639.9201682284772,
        725.7410682994011,
        747.1231177606667,
        715.2118514481974,
        747.298414789893,
        821.8082664976456,
        805.8372420953799,
        807.3968620844619,
        780.0304799238376,
        773.6579775389583,
        867.1545504290959,
        857.5814081998658,
        813.5905569257507,
        853.0893888709727,
        745.3619627323644,
        863.1613330034202,
        948.5279888719165,
        933.0033403479796,
        826.6125609945618,
        977.8542845092321,
        908.5081279171757,
        887.9033970524147,
        936.8949596814975,
        919.9901945028491,
        902.1626042076493,
        940.9245129313554,
        996.2140912816815,
        991.694923048597,
        872.479958323563,
        1000.563768447128,
        951.2695337023242
    ],
    "avg_episode_length": [
        47.25,
        43.75,
        68.6875,
        66.875,
        74.4375,
        76.0625,
        88.5625,
        84.25,
        96.1875,
        115.5625,
        110.375,
        109.4375,
        109.4375,
        109.6875,
        112.9375,
        134.625,
        137.0625,
        135.875,
        162.6875,
        151.375,
        130.8125,
        139.75,
        146.4375,
        171.875,
        163.25,
        206.125,
        181.125,
        229.8125,
        213.6875,
        256.9375,
        276.375,
        317.9375,
        369.9375,
        341.4375,
        343.0,
        342.25,
        337.75,
        360.3125,
        379.25,
        477.3125,
        395.6875,
        393.375,
        476.5625,
        495.0,
        553.375,
        355.5625,
        539.5,
        517.625,
        519.375,
        591.75,
        667.1875,
        654.3125,
        657.375,
        740.375,
        726.5625,
        752.4375,
        672.875,
        733.3125,
        763.9375,
        815.75,
        705.5,
        804.1875,
        641.875,
        829.1875,
        873.0625,
        914.0,
        732.625,
        916.9375,
        859.4375,
        832.8125,
        884.6875,
        912.3125,
        888.4375,
        895.5625,
        946.875,
        927.3125,
        864.125,
        959.1875,
        842.5625
    ]
}