{
    "steps": [
        10240,
        20480,
        30720,
        40960,
        51200,
        61440,
        71680,
        81920,
        92160,
        102400,
        112640,
        122880,
        133120,
        143360,
        153600,
        163840,
        174080,
        184320,
        194560,
        204800,
        215040,
        225280,
        235520,
        245760,
        256000,
        266240,
        276480,
        286720,
        296960,
        307200,
        317440,
        327680,
        337920,
        348160,
        358400,
        368640,
        378880,
        389120,
        399360,
        410112,
        420352,
        430592,
        440832,
        451072,
        461312,
        471552,
        481792,
        492032,
        502272,
        512512,
        522752,
        532992,
        543232,
        553472,
        563712,
        573952,
        584192,
        594432,
        604672,
        614912,
        625152,
        635392,
        645632,
        655872,
        666112,
        676352,
        686592,
        696832,
        707072,
        717312,
        727552,
        737792,
        748032,
        758272,
        768512,
        778752,
        788992,
        799232,
        809472,
        819712,
        829952,
        840192,
        850432,
        860672,
        870912,
        881152,
        891392,
        901632,
        911872,
        922112,
        932352,
        910336,
        920576,
        930816,
        941056,
        951296,
        961536,
        971776,
        982016,
        992256
    ],
    "avg_episodic_reward": [
        208.41634940639224,
        212.87025061962544,
        197.5529956955273,
        216.63737666731578,
        255.2483602629115,
        210.29787251549376,
        690.4457607983081,
        414.8119446891084,
        747.0836642798528,
        367.5970557157684,
        377.43293714566175,
        355.7605585081462,
        329.8278647474405,
        594.8178242613585,
        null,
        375.82725576070067,
        713.3371731186711,
        310.09825629882783,
        719.6416149987656,
        null,
        652.295714597779,
        1674.8605166583188,
        825.3958485593396,
        579.5459451824629,
        827.2200169117882,
        2312.673666980002,
        965.9864127615551,
        784.9327436756694,
        957.61024549473,
        848.7829057055073,
        820.4170450323495,
        1441.5240719077299,
        1965.4772055875485,
        1618.026763356046,
        670.8240044211768,
        1059.8708781911232,
        920.8774172274592,
        null,
        1486.3329010596674,
        1521.0962196102957,
        2036.9993659700253,
        1062.0228380401213,
        1466.1822994015959,
        1620.0030399846728,
        727.9831465571599,
        1529.1160244269404,
        629.507050409686,
        null,
        1329.1751873621536,
        1716.8408576367303,
        1269.1804131985862,
        1774.6420627719604,
        1459.1592467871124,
        1976.778891622356,
        778.0528115811428,
        1045.0193011458978,
        1073.932475861134,
        1171.7101559320765,
        1644.618499825689,
        1610.403040608895,
        1116.5563014852132,
        1314.0641158091296,
        974.84434415758,
        1523.7879788816763,
        null,
        null,
        2185.88551483234,
        839.0777114619345,
        553.1656529299371,
        1218.0305337340812,
        null,
        3361.9177546198443,
        865.2842168610987,
        612.6184680698237,
        1108.984606308983,
        1926.3695567802424,
        674.6302410116784,
        932.6197422839828,
        1254.0733293745052,
        886.2344807237937,
        590.3628496361335,
        602.6060164531485,
        764.1165751670753,
        1020.8401066067707,
        774.8955241211162,
        1136.7828082926737,
        1227.3283025452251,
        2654.0300221014795,
        1371.963850240682,
        1107.0267133417524,
        944.4043973369972,
        881.7106505999012,
        1224.1195656702669,
        1156.409854789488,
        1300.1508941466038,
        1453.9359980497788,
        null,
        1149.1976920633788,
        null,
        1124.5947780358263
    ],
    "avg_episode_length": [
        99.4,
        105.4,
        91.83333333333333,
        103.6,
        129.5,
        108.75,
        375.0,
        230.0,
        347.6666666666667,
        202.0,
        176.33333333333334,
        157.33333333333334,
        136.5,
        247.5,
        null,
        163.66666666666666,
        281.5,
        139.33333333333334,
        247.0,
        null,
        229.0,
        800.0,
        277.0,
        209.5,
        272.5,
        910.0,
        327.0,
        267.0,
        327.5,
        287.0,
        260.5,
        461.0,
        651.0,
        542.0,
        222.0,
        344.0,
        309.0,
        null,
        462.0,
        487.0,
        623.0,
        328.5,
        435.0,
        512.0,
        248.0,
        488.5,
        212.0,
        null,
        397.0,
        528.0,
        377.5,
        535.0,
        452.0,
        624.0,
        252.0,
        322.5,
        303.0,
        407.0,
        488.5,
        505.0,
        340.0,
        400.0,
        299.0,
        468.0,
        null,
        null,
        688.0,
        265.0,
        199.5,
        368.0,
        null,
        988.0,
        261.0,
        201.66666666666666,
        348.0,
        564.0,
        238.5,
        275.0,
        366.0,
        266.0,
        196.66666666666666,
        193.66666666666666,
        232.0,
        305.5,
        248.5,
        348.0,
        357.0,
        761.0,
        388.0,
        333.0,
        296.0,
        268.0,
        368.5,
        350.0,
        381.0,
        428.5,
        null,
        328.0,
        null,
        337.0
    ]
}