{
    "steps": [
        10312,
        20367,
        31088,
        41391,
        51759,
        62814,
        73168,
        83484,
        94748,
        106129,
        116823,
        127947,
        139619,
        149959,
        160791,
        171922,
        183550,
        195409,
        207842,
        218356,
        229707,
        241674,
        254139,
        265283,
        277073,
        290831,
        305967,
        316450,
        327253,
        341556,
        354240,
        371428,
        389904,
        400543,
        412973,
        423291,
        445285,
        457207,
        472162,
        487081,
        503827,
        525331,
        548896,
        562579,
        585495,
        609968,
        632975,
        665392,
        693852,
        724867,
        756241,
        785264,
        812878,
        850104,
        884102
    ],
    "avg_episodic_reward": [
        90.5209599717709,
        111.5707689553509,
        123.65981760205966,
        132.39626653891443,
        140.71945056825794,
        163.88148280881387,
        200.01713905302898,
        239.82125078672937,
        243.3609788980391,
        232.8487435976096,
        250.1957730507978,
        270.6557859032241,
        278.2330411365856,
        311.3884851601405,
        321.18262981815747,
        319.76168046945435,
        364.21321749537384,
        350.3386795415671,
        391.36062978706127,
        411.2585175306044,
        408.47616671435594,
        407.5428910174443,
        482.31883592500884,
        565.7772360573692,
        565.4972980483531,
        701.9245952954037,
        768.2233805721773,
        810.79094203915,
        738.3548932179433,
        1008.2255252558509,
        923.2331717427695,
        1398.968862140532,
        1389.7763826019752,
        1548.913106565055,
        1809.9009819694536,
        1502.0363922834936,
        1761.6272170387388,
        1736.258566489447,
        2178.0171973606957,
        2173.1520959032323,
        2439.7052725501712,
        3133.533578246509,
        3434.559277689412,
        1993.5959598653158,
        3340.1472924812765,
        3567.67763825077,
        3353.86281790268,
        4726.82264376525,
        4149.810971516136,
        4522.9091690771675,
        4575.542491872206,
        4232.427991349682,
        4026.345406586586,
        5429.73822342929,
        4959.031452934327
    ],
    "avg_episode_length": [
        9.84375,
        12.09375,
        13.390625,
        14.328125,
        15.25,
        17.734375,
        21.671875,
        25.9375,
        26.328125,
        25.203125,
        27.0625,
        29.265625,
        30.078125,
        33.625,
        34.65625,
        34.515625,
        39.265625,
        37.78125,
        42.1875,
        44.296875,
        43.984375,
        43.890625,
        51.90625,
        60.828125,
        60.828125,
        75.46875,
        82.546875,
        87.109375,
        79.359375,
        108.28125,
        99.203125,
        150.171875,
        149.203125,
        166.234375,
        194.21875,
        161.21875,
        189.0,
        186.28125,
        233.671875,
        233.109375,
        261.65625,
        336.0,
        368.203125,
        213.796875,
        358.0625,
        382.390625,
        359.484375,
        506.515625,
        444.6875,
        484.609375,
        490.21875,
        453.484375,
        431.46875,
        581.65625,
        531.21875
    ]
}