{
    "steps": [
        11495,
        23789,
        34689,
        47874,
        61036,
        71207,
        82301,
        93385,
        105619,
        118104,
        130910,
        144170,
        158521,
        173117,
        188329,
        205266,
        224280,
        244624,
        255251,
        266720,
        279039,
        290991,
        304675,
        321053,
        337724,
        354005,
        372265,
        390245,
        410650,
        431175,
        452585,
        478759,
        504523,
        531194,
        560270,
        595609,
        634755,
        672975,
        716570,
        755499,
        810839,
        860316,
        913216,
        959230,
        1020088
    ],
    "avg_episodic_reward": [
        38.31957930216988,
        94.67752203038587,
        97.31878805807835,
        123.42936348672487,
        132.16945833811977,
        153.36972066634448,
        182.76582827625003,
        179.88495162147575,
        196.23413298102233,
        185.85009933838705,
        189.68166191041965,
        214.87801464835422,
        204.23648019313586,
        228.71333995880076,
        228.63251740282897,
        255.24881497258093,
        268.84299091434144,
        267.42122366292426,
        265.6156106988817,
        291.76491755822894,
        300.7972222469285,
        286.69613610244784,
        335.8566006317643,
        365.2860088946489,
        356.8768008064882,
        377.6798173867167,
        391.2178966628826,
        381.21531592586507,
        419.60031467036185,
        399.12346629000774,
        461.61892790178456,
        503.76643292109134,
        505.0703478795261,
        525.5336950143004,
        585.3759959792719,
        647.0988671955408,
        693.0549707462282,
        726.0423601127532,
        722.8292899324937,
        739.0709185493536,
        902.1171503706175,
        894.6025942389906,
        864.2901189581294,
        854.8269703925268,
        1000.3254581531406
    ],
    "avg_episode_length": [
        33.1875,
        61.9375,
        59.390625,
        70.5,
        74.359375,
        80.328125,
        93.28125,
        88.84375,
        97.734375,
        97.140625,
        95.984375,
        104.984375,
        109.53125,
        115.5,
        123.84375,
        140.4375,
        155.53125,
        164.625,
        166.046875,
        179.203125,
        192.484375,
        186.75,
        213.8125,
        255.90625,
        260.484375,
        254.390625,
        285.3125,
        280.9375,
        318.828125,
        320.703125,
        334.53125,
        408.96875,
        402.5625,
        416.734375,
        454.3125,
        552.171875,
        611.65625,
        597.1875,
        681.171875,
        608.265625,
        864.6875,
        773.078125,
        826.5625,
        718.96875,
        950.90625
    ]
}