{
    "steps": [
        10402,
        20835,
        31347,
        41347,
        52587,
        63741,
        74224,
        86168,
        97002,
        107560,
        118634,
        130745,
        142248,
        155911,
        167609,
        177958,
        191139,
        209581,
        226491,
        243808,
        262406,
        274532,
        286844,
        298383,
        309896,
        320874,
        335208,
        347239,
        361814,
        375974,
        389819,
        402583,
        414981,
        430850,
        446850,
        462401,
        477617,
        491723,
        507429,
        521802,
        537802,
        551318,
        566688,
        582688,
        598333,
        613823,
        629823,
        645823,
        661349,
        677285,
        692966,
        708506,
        724506,
        740212,
        755367,
        769876,
        785820,
        798861,
        814290,
        830275,
        846237,
        861328,
        876580,
        892580,
        908003,
        924003,
        939853,
        955805,
        970111,
        986027,
        1001753
    ],
    "avg_episodic_reward": [
        48.54250883646234,
        78.59191294772471,
        89.93375520334439,
        93.64204583212359,
        123.35917527627987,
        139.55345204950908,
        184.14099394435203,
        208.37768769234495,
        225.8289217191554,
        279.96152019594416,
        199.09790499966022,
        331.8606035419525,
        304.30493171632924,
        407.67334735130953,
        413.140747079481,
        396.4149683922027,
        429.23245988700245,
        648.8445433643337,
        582.2374735741491,
        531.745286415111,
        744.6777495229353,
        772.9415684255268,
        769.8054490983118,
        752.295742700878,
        713.9977847440725,
        711.4989775297166,
        903.7959360224195,
        780.7814836675018,
        902.9039727368261,
        906.6825048980006,
        893.658833750435,
        820.3348981962349,
        759.5692816204721,
        996.9793289155459,
        1005.5049519196564,
        994.5231326076863,
        962.8349952748064,
        866.6785343375616,
        1001.6097652967335,
        901.3584125837284,
        1004.5100496398359,
        878.7040055191902,
        979.5949045147045,
        995.4834048232175,
        999.1519324914867,
        985.9893089209291,
        1005.0875454823544,
        1024.9631153651326,
        1015.7349837453912,
        1031.0167308515472,
        1018.9382620765242,
        996.5623015843665,
        1033.1678478671802,
        1041.9831706277657,
        993.1653763833763,
        955.1389664286831,
        1052.656044196171,
        901.6416331229036,
        1015.107082236362,
        1037.8395779061634,
        1051.0211130669356,
        1029.7759182552313,
        1014.0044570253577,
        1035.699132899906,
        1025.282640412603,
        1042.7177843997124,
        1045.2173505276023,
        1048.8856763588562,
        989.7361798248073,
        1065.4697901018963,
        1053.0907277273207
    ],
    "avg_episode_length": [
        43.375,
        61.125,
        73.125,
        73.375,
        89.6875,
        110.75,
        156.75,
        163.875,
        184.0,
        214.25,
        191.25,
        271.375,
        256.5625,
        354.625,
        391.125,
        352.25,
        385.3125,
        648.4375,
        565.6875,
        500.25,
        730.8125,
        757.875,
        769.5,
        721.1875,
        719.5625,
        686.125,
        895.875,
        751.9375,
        910.9375,
        885.0,
        865.3125,
        797.75,
        774.875,
        991.8125,
        1000.0,
        971.9375,
        951.0,
        881.625,
        981.625,
        898.3125,
        1000.0,
        844.75,
        960.625,
        1000.0,
        977.8125,
        968.125,
        1000.0,
        1000.0,
        970.375,
        996.0,
        980.0625,
        971.25,
        1000.0,
        981.625,
        947.1875,
        906.8125,
        996.5,
        815.0625,
        964.3125,
        999.0625,
        997.625,
        943.1875,
        953.25,
        1000.0,
        963.9375,
        1000.0,
        990.625,
        997.0,
        894.125,
        994.75,
        982.875
    ]
}