{
    "steps": [
        16000,
        32000,
        48000,
        64000,
        80000,
        96000,
        112000,
        128000,
        144000,
        160000,
        176000,
        192000,
        208000,
        224000,
        240000,
        256000,
        272000,
        288000,
        304000,
        320000,
        336000,
        352000,
        368000,
        384000,
        400000,
        416000,
        432000,
        448000,
        464000,
        480000,
        496000,
        512000,
        528000,
        544000,
        560000,
        576000,
        592000,
        608000,
        624000,
        640000,
        656000,
        672000,
        688000,
        704000,
        720000,
        736000,
        752000,
        768000,
        784000,
        800000,
        816000,
        832000,
        848000,
        864000,
        880000,
        896000,
        912000,
        928000,
        944000,
        960000,
        976000,
        992000,
        1008000
    ],
    "avg_episodic_reward": [
        -6.4184066172344885,
        -0.5493881647024239,
        5.96403070129622,
        7.587021576415468,
        9.260484288205749,
        14.349642203491717,
        21.147418280618304,
        32.507405953473196,
        35.62178368089977,
        53.35194259434722,
        52.01538129239964,
        57.284746757666355,
        60.98028190796312,
        70.40300200750325,
        74.30593049073553,
        70.99149548167466,
        75.08996783974109,
        79.26111155413673,
        82.76639073874284,
        88.50886695650294,
        92.77481858201229,
        95.95724588685891,
        100.00037940934196,
        104.89992540743017,
        111.04601731652383,
        113.74144292380113,
        111.48185127648722,
        122.70413816287665,
        127.08162485221544,
        135.41218546654,
        135.61684567481103,
        136.0130534162558,
        144.4550749076323,
        139.15546292495435,
        146.9625806585263,
        156.45510628110583,
        158.03553415439399,
        169.73755930569047,
        171.99406920695125,
        183.11066440015634,
        183.8950149289576,
        186.07242982976823,
        192.53105012924954,
        194.57865905329123,
        202.36107713047946,
        209.82974110303854,
        215.56431216816176,
        221.2861877102398,
        222.4349682102389,
        222.3082694090904,
        231.09068220469345,
        229.72696110808613,
        234.75408270085575,
        232.56396373173823,
        236.01411841761308,
        237.60654697130457,
        242.45579758750281,
        243.46901165364773,
        245.1419355979333,
        248.6111740326699,
        251.5264135725984,
        255.7595742353631,
        255.50557100539308
    ],
    "avg_episode_length": [
        1000.0,
        1000.0,
        1000.0,
        1000.0,
        1000.0,
        1000.0,
        1000.0,
        1000.0,
        1000.0,
        1000.0,
        1000.0,
        1000.0,
        1000.0,
        1000.0,
        1000.0,
        1000.0,
        1000.0,
        1000.0,
        1000.0,
        1000.0,
        1000.0,
        1000.0,
        1000.0,
        1000.0,
        1000.0,
        1000.0,
        1000.0,
        1000.0,
        1000.0,
        1000.0,
        1000.0,
        1000.0,
        1000.0,
        1000.0,
        1000.0,
        1000.0,
        1000.0,
        1000.0,
        1000.0,
        1000.0,
        1000.0,
        1000.0,
        1000.0,
        1000.0,
        1000.0,
        1000.0,
        1000.0,
        1000.0,
        1000.0,
        1000.0,
        1000.0,
        1000.0,
        1000.0,
        1000.0,
        1000.0,
        1000.0,
        1000.0,
        1000.0,
        1000.0,
        1000.0,
        1000.0,
        1000.0,
        1000.0
    ]
}