{
    "steps": [
        10486,
        21000,
        31995,
        43413,
        55478,
        67708,
        78734,
        90748,
        102109,
        114194,
        126576,
        138067,
        150881,
        162770,
        175693,
        186044,
        199450,
        209833,
        219963,
        232326,
        242727,
        254455,
        264644,
        275101,
        285726,
        297715,
        312072,
        322486,
        339214,
        357472,
        373655,
        391763,
        407914,
        425468,
        440916,
        451136,
        469242,
        480652,
        494610,
        505670,
        517561,
        528654,
        540364,
        562629,
        575560,
        585811,
        599543,
        610690,
        631052,
        644163,
        656456,
        667607,
        679487,
        692052,
        706350,
        727338,
        739574,
        752199,
        763784,
        775897,
        798882,
        809907,
        828505,
        842047,
        855044,
        865447,
        878239,
        890914,
        906139,
        920521,
        943294,
        968642,
        980535,
        994027,
        1009229
    ],
    "avg_episodic_reward": [
        27.293753402228223,
        46.641429442718575,
        96.42841086594393,
        174.05622905624134,
        202.49416533227225,
        145.81547058486623,
        209.43055115987408,
        252.38115487833898,
        253.29504350409746,
        331.479147247793,
        250.84578585862596,
        276.0092065502255,
        280.346325956426,
        301.5504803586442,
        321.258743843303,
        299.7073110290704,
        306.38662962588853,
        301.38412042276235,
        389.3123322597684,
        307.67327215474484,
        315.2242369415024,
        392.19208319238885,
        432.66210865123986,
        447.0526220944075,
        460.5955186667767,
        417.0804116407354,
        458.9828600594711,
        413.90956863413487,
        647.4584245126565,
        698.2625631588426,
        714.2421170350166,
        713.9978057502351,
        581.4760516220678,
        614.5364623496612,
        486.2060947508876,
        717.753154317825,
        667.9852539334261,
        762.4996871246605,
        453.9180433113148,
        763.6775066710311,
        797.105960083747,
        757.6754123969446,
        773.6488782284711,
        836.9153403614046,
        858.3977137831282,
        701.7987329027425,
        890.6339713857644,
        754.2835153617762,
        795.6090050643901,
        865.0788239910175,
        833.105968504132,
        766.1361146286673,
        805.590172006489,
        846.096321654295,
        925.9342371667346,
        780.4054753474744,
        822.5602016522677,
        843.4871465022754,
        786.8103392687483,
        819.0721120565695,
        899.8027800345242,
        751.1003829279323,
        684.2623512255154,
        894.2333276036887,
        869.0230510787803,
        720.4581025790158,
        847.695498782569,
        847.9913834813412,
        981.801254495212,
        946.4787974027245,
        872.7791966104671,
        1037.78636725512,
        798.410153761482,
        877.1318387303802,
        990.7994372804999
    ],
    "avg_episode_length": [
        44.875,
        70.375,
        114.4375,
        129.8125,
        151.4375,
        142.6875,
        178.625,
        211.8125,
        191.625,
        214.1875,
        178.875,
        192.6875,
        179.5625,
        198.6875,
        215.0625,
        189.8125,
        214.5,
        195.75,
        254.8125,
        207.8125,
        197.4375,
        260.4375,
        300.875,
        296.0,
        356.875,
        301.1875,
        334.3125,
        290.5625,
        563.1875,
        608.5,
        625.75,
        651.3125,
        514.625,
        527.3125,
        389.3125,
        638.75,
        622.0,
        713.125,
        351.6875,
        691.25,
        743.1875,
        693.3125,
        731.875,
        788.1875,
        808.1875,
        640.6875,
        858.25,
        696.6875,
        741.6875,
        819.4375,
        768.3125,
        696.9375,
        742.5,
        785.3125,
        893.625,
        737.6875,
        764.75,
        789.0625,
        724.0625,
        757.0625,
        853.3125,
        689.0625,
        633.6875,
        846.375,
        812.3125,
        650.1875,
        799.5,
        792.1875,
        951.5625,
        898.875,
        836.3125,
        1000.0,
        743.3125,
        843.25,
        950.125
    ]
}