{
    "steps": [
        16000,
        32000,
        48000,
        64000,
        80000,
        96000,
        112000,
        128000,
        144000,
        160000,
        176000,
        192000,
        208000,
        224000,
        240000,
        256000,
        272000,
        288000,
        304000,
        320000,
        336000,
        352000,
        368000,
        384000,
        400000,
        416000,
        432000,
        448000,
        464000,
        480000,
        496000,
        512000,
        528000,
        544000,
        560000,
        576000,
        592000,
        608000,
        624000,
        640000,
        656000,
        672000,
        688000,
        704000,
        720000,
        736000,
        752000,
        768000,
        784000,
        800000,
        816000,
        832000,
        848000,
        864000,
        880000,
        896000,
        912000,
        928000,
        944000,
        960000,
        976000,
        992000,
        1008000
    ],
    "avg_episodic_reward": [
        -239.25988651917544,
        -248.42606361643928,
        -256.55099034315765,
        -245.67371383531915,
        -226.8743250202204,
        -244.69785732356132,
        -194.9932854228183,
        -201.15126928068582,
        -217.07628287323723,
        -196.68770339259194,
        -163.53111201625214,
        -180.7634849370219,
        -171.99680022500945,
        -168.50239793055187,
        -139.3089192823346,
        -161.62738011336597,
        -156.74964966758148,
        -165.01589182970184,
        -125.18223508801827,
        -124.32063269700845,
        -103.59290528867743,
        -123.37573665249572,
        -114.89249503228592,
        -94.15185209634197,
        -108.44890820025795,
        -98.7522252875149,
        -63.298255102218874,
        -97.13579825158085,
        -81.737498424944,
        -101.30510309587677,
        -82.49855835653948,
        -95.55480953496615,
        -77.92402300143547,
        -80.63795030216855,
        -65.18686337086608,
        -55.76968855937328,
        -68.42252935565486,
        -69.20977744823563,
        -72.29916810323145,
        -52.24297843911664,
        -42.94697666779634,
        -59.57047759433912,
        -41.667220650614055,
        -65.8638586764099,
        -54.3291431717217,
        -27.92221464735214,
        -36.183130308816054,
        -42.515826737159365,
        -0.29908271806086173,
        -5.55360839211245,
        5.766126038976788,
        -3.0585039079008673,
        -5.322056479996551,
        16.191797866771395,
        -21.64655088557118,
        3.685028049727559,
        -6.0452181784249515,
        12.351644215556078,
        6.484600552633185,
        6.998149013485258,
        -16.143805043788213,
        4.75965427939633,
        12.822100034457609
    ],
    "avg_episode_length": [
        1000.0,
        1000.0,
        1000.0,
        1000.0,
        1000.0,
        1000.0,
        1000.0,
        1000.0,
        1000.0,
        1000.0,
        1000.0,
        1000.0,
        1000.0,
        1000.0,
        1000.0,
        1000.0,
        1000.0,
        1000.0,
        1000.0,
        1000.0,
        1000.0,
        1000.0,
        1000.0,
        1000.0,
        1000.0,
        1000.0,
        1000.0,
        1000.0,
        1000.0,
        1000.0,
        1000.0,
        1000.0,
        1000.0,
        1000.0,
        1000.0,
        1000.0,
        1000.0,
        1000.0,
        1000.0,
        1000.0,
        1000.0,
        1000.0,
        1000.0,
        1000.0,
        1000.0,
        1000.0,
        1000.0,
        1000.0,
        1000.0,
        1000.0,
        1000.0,
        1000.0,
        1000.0,
        1000.0,
        1000.0,
        1000.0,
        1000.0,
        1000.0,
        1000.0,
        1000.0,
        1000.0,
        1000.0,
        1000.0
    ]
}