{
    "steps": [
        10238,
        20347,
        30571,
        41039,
        51263,
        61804,
        71975,
        82120,
        92524,
        102901,
        113018,
        123340,
        133646,
        143672,
        153843,
        164305,
        174797,
        184984,
        195163,
        205182,
        215329,
        225707,
        236009,
        246063,
        256262,
        266331,
        276504,
        286776,
        297012,
        307410,
        317420,
        327860,
        337962,
        348197,
        358228,
        368404,
        378820,
        389269,
        399466,
        409478,
        419511,
        429759,
        440124,
        450492,
        460630,
        470699,
        480737,
        490995,
        501043,
        511109,
        521211,
        531449,
        541825,
        552244,
        562560,
        572615,
        582766,
        593040,
        603171,
        613663,
        623762,
        633901,
        644091,
        654540,
        664740,
        675049,
        685404,
        695591,
        705975,
        716041,
        726312,
        736564,
        746864,
        757080,
        767473,
        777691,
        787837,
        798330,
        808405,
        818837,
        829254,
        839480,
        849677,
        860053,
        870329,
        880595,
        890951,
        901309,
        911399,
        921521,
        931749,
        942223,
        952312,
        962685,
        972992,
        983224,
        993498
    ],
    "avg_episodic_reward": [
        175.54588535285583,
        254.66577527405087,
        270.96962120610044,
        298.6816081662899,
        246.56241538138374,
        321.970786186107,
        268.25043177493524,
        323.9328357602133,
        288.3346353401197,
        277.9838378565013,
        302.0658584943714,
        310.4142965043363,
        288.8625122200151,
        301.28421913923006,
        278.8961718177102,
        267.3126656344509,
        311.1168552204481,
        282.7666339833137,
        299.22570195718464,
        261.5339688088875,
        282.07753138973203,
        290.15268838956496,
        276.3962152700667,
        238.25771215101972,
        261.26013945439024,
        266.7365555918926,
        249.98745410421924,
        244.27806470720304,
        254.46599015007436,
        240.40554446376726,
        263.62088938886154,
        278.4642821935681,
        240.74376111980538,
        262.0871405862858,
        250.34253292454704,
        298.25914640592754,
        267.76697579829806,
        279.0491061512735,
        238.50313684094573,
        292.3161256917765,
        243.56188950906767,
        254.83064469423513,
        272.65125476107187,
        262.6759278347361,
        242.1421819727259,
        254.56584658365995,
        287.0884109770012,
        270.80393729465214,
        287.4663946458761,
        234.20606161062557,
        250.80602400156033,
        247.12882961355444,
        292.5749265214271,
        248.93955131962548,
        275.8588141507151,
        276.3316351908037,
        248.53454652068217,
        245.86178947550513,
        253.1826588222932,
        290.46567918512096,
        280.9151369634426,
        272.6058176263655,
        236.46370316790453,
        296.1445549539705,
        291.9243481081229,
        277.4260371903474,
        251.35092155808746,
        332.67348992986484,
        289.5321957243401,
        301.7714820568867,
        280.7948198960431,
        286.48899644686867,
        287.6190783154104,
        279.6634443287241,
        276.5708724948568,
        284.6111979111403,
        349.1989817839336,
        297.1069033611476,
        278.25752653801277,
        302.33589931453287,
        263.2061496141804,
        285.1847056708594,
        282.18360100916505,
        264.1382320131589,
        286.1083742857152,
        299.0293387155881,
        294.91419216094823,
        273.9183887812561,
        271.57818441116876,
        272.01159815202277,
        254.22351194026461,
        305.29076707559443,
        265.7742803533398,
        248.80924852175187,
        243.24233869595105,
        257.86787697375786,
        273.35863138781644
    ],
    "avg_episode_length": [
        19.0,
        27.5,
        29.25,
        32.1875,
        26.6875,
        34.6875,
        29.0,
        34.9375,
        31.125,
        30.0625,
        32.625,
        33.5,
        31.1875,
        32.5,
        30.125,
        28.9375,
        33.5625,
        30.5,
        32.3125,
        28.25,
        30.4375,
        31.375,
        29.875,
        25.8125,
        28.25,
        28.8125,
        27.0,
        26.4375,
        27.5625,
        26.0,
        28.5,
        30.0625,
        26.0625,
        28.375,
        27.0625,
        32.1875,
        28.9375,
        30.1875,
        25.8125,
        31.5625,
        26.375,
        27.5625,
        29.4375,
        28.375,
        26.1875,
        27.5,
        31.0,
        29.25,
        31.0625,
        25.375,
        27.125,
        26.75,
        31.5625,
        26.9375,
        29.75,
        29.875,
        26.875,
        26.625,
        27.375,
        31.4375,
        30.375,
        29.4375,
        25.625,
        31.9375,
        31.5,
        29.9375,
        27.1875,
        35.875,
        31.25,
        32.5625,
        30.3125,
        30.9375,
        31.0625,
        30.1875,
        29.875,
        30.6875,
        37.5625,
        32.0625,
        30.0625,
        32.625,
        28.4375,
        30.8125,
        30.4375,
        28.5625,
        30.875,
        32.25,
        31.8125,
        29.5625,
        29.375,
        29.375,
        27.5,
        32.9375,
        28.75,
        26.9375,
        26.3125,
        27.9375,
        29.5625
    ]
}