{
    "steps": [
        10005,
        20204,
        30619,
        41024,
        51050,
        61073,
        71726,
        82250,
        92409,
        102834,
        113203,
        123777,
        135167,
        146307,
        159100,
        171467,
        182144,
        196078,
        207823,
        218989,
        230286,
        241597,
        252823,
        263799,
        275087,
        286681,
        298088,
        309525,
        320856,
        332760,
        344423,
        355864,
        366390,
        377615,
        388702,
        400357,
        411426,
        422405,
        433430,
        444643,
        456423,
        467606,
        479263,
        490071,
        501876,
        513599,
        524303,
        535052,
        547722,
        559159,
        570574,
        581928,
        593358,
        604958,
        615835,
        626555,
        638208,
        649837,
        661141,
        671852,
        682904,
        693209,
        704348,
        715936,
        727210,
        738600
    ],
    "avg_episodic_reward": [
        79.53449969712341,
        92.3130588357725,
        214.16392087997744,
        209.0875230918225,
        194.35336711854927,
        293.3829247413911,
        368.3019704689319,
        298.0948309104923,
        452.7666214423581,
        385.8370517638839,
        593.5523209525288,
        529.2601197142243,
        683.0381995269715,
        776.0027357760753,
        1039.9572192260061,
        759.5352892117724,
        913.3671311544014,
        1025.1679053297962,
        1040.285324230867,
        1012.8628893185747,
        959.345672074709,
        1031.6157468596903,
        1027.7171242464563,
        884.3981642485309,
        1030.2711410769398,
        1063.8672413732122,
        1055.7304336327077,
        1040.5562947387723,
        957.3656469761747,
        1043.2684081108591,
        1092.7844175154664,
        1074.9919973285046,
        1072.3934454178016,
        1047.8535538093124,
        1065.2583588086104,
        1060.2871549807835,
        1038.282115575586,
        1083.0057206540287,
        1034.1966650117504,
        858.2930667814084,
        1019.9867000430953,
        1012.883822996374,
        1024.860545986795,
        976.1537486294221,
        1040.2970607737152,
        1044.323870728313,
        873.3327121368276,
        1055.2600868864552,
        881.4687770944536,
        1070.1795597201371,
        1044.5801036471912,
        944.099436321632,
        1040.0713145267816,
        1061.067501333563,
        1002.9877931615642,
        894.1386189774609,
        1066.7308794284,
        1079.3606511827752,
        999.0391424912244,
        931.5417787040948,
        1031.9563928841999,
        1058.5197055273065,
        940.999527187839,
        1059.933430999195,
        1061.908707823413,
        1084.3413873009058
    ],
    "avg_episode_length": [
        51.75,
        61.0,
        113.75,
        104.5,
        113.25,
        182.5,
        287.0,
        254.0,
        352.0,
        308.0,
        479.0,
        398.0,
        575.0,
        658.0,
        1000.0,
        738.75,
        792.5,
        1000.0,
        961.75,
        1000.0,
        854.25,
        1000.0,
        928.75,
        817.0,
        1000.0,
        960.0,
        966.0,
        1000.0,
        866.75,
        1000.0,
        977.5,
        963.75,
        978.25,
        935.75,
        977.75,
        973.75,
        951.5,
        930.5,
        1000.0,
        833.0,
        945.0,
        911.25,
        1000.0,
        873.0,
        1000.0,
        1000.0,
        834.75,
        1000.0,
        848.5,
        1000.0,
        1000.0,
        886.5,
        877.25,
        1000.0,
        885.25,
        785.75,
        1000.0,
        933.25,
        948.75,
        823.25,
        910.25,
        967.5,
        848.25,
        978.0,
        972.0,
        978.75
    ]
}