{
    "steps": [
        10240,
        20480,
        30720,
        40960,
        51200,
        61440,
        71680,
        81920,
        92160,
        102400,
        112640,
        122880,
        133120,
        143360,
        153600,
        163840,
        174080,
        184320,
        194560,
        204800,
        215040,
        225280,
        235520,
        245760,
        256000,
        266240,
        276480,
        286720,
        296960,
        307200,
        317440,
        327680,
        337920,
        348160,
        358400,
        368640,
        378880,
        389120,
        399360,
        409600,
        419840,
        430080,
        440320,
        450560,
        460800,
        471040,
        481280,
        491520,
        501760,
        512000,
        522240,
        532480,
        542720,
        552960,
        563200,
        573440,
        583680,
        593920,
        604160,
        614400,
        624640,
        634880,
        645120,
        655360,
        665600,
        675840,
        686080,
        696320,
        706560,
        716800,
        727040,
        737280,
        747520,
        757760,
        768000,
        778240,
        788480,
        798720,
        808960,
        819200,
        829440,
        839680,
        849920,
        860160,
        870400,
        880640,
        890880,
        901120,
        911360,
        921600,
        931840,
        942080,
        952320,
        962560,
        972800,
        983040,
        993280
    ],
    "avg_episodic_reward": [
        -349.7990734201438,
        -459.05159467177805,
        -348.39762061237957,
        -337.01396456634893,
        -396.52986305325334,
        -267.31743888146264,
        -265.8978862682761,
        -230.75927958057653,
        -285.1779711740162,
        -230.90610817899284,
        -161.46956952332275,
        -220.79387646463113,
        -216.650136145489,
        -134.27882839227823,
        -16.300423450863278,
        2.2869175896565395,
        -30.459324347679168,
        236.87987788503648,
        172.64194467342222,
        331.89090997334256,
        311.6253958545381,
        270.62764037066063,
        480.61377984126165,
        432.6895866200024,
        416.9327884049696,
        485.347974834377,
        551.1999420334954,
        557.5987512900772,
        627.855063747663,
        251.9906104507213,
        559.7376314292031,
        661.4149075820906,
        287.0882289457176,
        601.0242205285874,
        609.3673409798159,
        297.5131033140084,
        566.234764473104,
        749.3879168322642,
        672.0790319353041,
        782.1500849765214,
        827.061853728291,
        736.8010007913704,
        835.1617523396579,
        717.246574589956,
        720.5491246765116,
        571.9536787942926,
        826.9395862872548,
        873.5611503406474,
        904.4699126342969,
        808.2125478688367,
        967.8898985985853,
        864.5886497394233,
        866.983434868941,
        976.0523705960934,
        879.6356240685678,
        836.2695204786896,
        959.3707149208609,
        867.185707081014,
        983.1327818447137,
        920.5669452546736,
        1008.2896222650745,
        945.3822587679564,
        1006.0186061734721,
        932.2959866160661,
        1041.7181343073985,
        1037.2649262276016,
        1012.2181432286894,
        1074.1431836175152,
        905.1316911497664,
        979.5650510953078,
        1063.4659043883537,
        1080.0416863218657,
        1150.976109569222,
        1152.7927219143571,
        1103.5924241104249,
        1122.528865896527,
        1157.5347364422078,
        1125.9586338443846,
        1212.985165252635,
        1121.9778895431325,
        1170.5650175940518,
        1149.275305782267,
        1152.557262915386,
        1191.743052024176,
        1173.251217589197,
        1187.97003099796,
        1290.3108009935036,
        1276.1333694212663,
        1254.8864777689641,
        1247.1443283931371,
        1231.881807763229,
        1260.7960553025514,
        1265.154797406664,
        1256.6748505036753,
        1202.2042939638613,
        1220.2821077700612,
        1332.6770211681269
    ],
    "avg_episode_length": [
        1000.0,
        1000.0,
        1000.0,
        1000.0,
        1000.0,
        1000.0,
        1000.0,
        1000.0,
        1000.0,
        1000.0,
        1000.0,
        1000.0,
        1000.0,
        1000.0,
        1000.0,
        1000.0,
        1000.0,
        1000.0,
        1000.0,
        1000.0,
        1000.0,
        1000.0,
        1000.0,
        1000.0,
        1000.0,
        1000.0,
        1000.0,
        1000.0,
        1000.0,
        1000.0,
        1000.0,
        1000.0,
        1000.0,
        1000.0,
        1000.0,
        1000.0,
        1000.0,
        1000.0,
        1000.0,
        1000.0,
        1000.0,
        1000.0,
        1000.0,
        1000.0,
        1000.0,
        1000.0,
        1000.0,
        1000.0,
        1000.0,
        1000.0,
        1000.0,
        1000.0,
        1000.0,
        1000.0,
        1000.0,
        1000.0,
        1000.0,
        1000.0,
        1000.0,
        1000.0,
        1000.0,
        1000.0,
        1000.0,
        1000.0,
        1000.0,
        1000.0,
        1000.0,
        1000.0,
        1000.0,
        1000.0,
        1000.0,
        1000.0,
        1000.0,
        1000.0,
        1000.0,
        1000.0,
        1000.0,
        1000.0,
        1000.0,
        1000.0,
        1000.0,
        1000.0,
        1000.0,
        1000.0,
        1000.0,
        1000.0,
        1000.0,
        1000.0,
        1000.0,
        1000.0,
        1000.0,
        1000.0,
        1000.0,
        1000.0,
        1000.0,
        1000.0,
        1000.0
    ]
}