{
    "steps": [
        16000,
        32000,
        48000,
        64000,
        80000,
        96000,
        112000,
        128000,
        144000,
        160000,
        176000,
        192000,
        208000,
        224000,
        240000,
        256000,
        272000,
        288000,
        304000,
        320000,
        336000,
        352000,
        368000,
        384000,
        400000,
        416000,
        432000,
        448000,
        464000,
        480000,
        496000,
        512000,
        528000,
        544000,
        560000,
        576000,
        592000,
        608000,
        624000,
        640000,
        656000,
        672000,
        688000,
        704000,
        720000,
        736000,
        752000,
        768000,
        784000,
        800000,
        816000,
        832000,
        848000,
        864000,
        880000,
        896000,
        912000,
        928000,
        944000,
        960000,
        976000,
        992000,
        1008000
    ],
    "avg_episodic_reward": [
        -239.25988651917544,
        -214.53940115211725,
        -204.2933584446631,
        -246.0041212873286,
        -203.62506693225362,
        -232.15847236390638,
        -247.28270451736083,
        -199.31415081801362,
        -175.23989082857037,
        -228.80196193327404,
        -215.44878820787352,
        -213.5141194992696,
        -202.26354824324378,
        -177.6999493150309,
        -164.91545691299456,
        -174.95865449200107,
        -177.07696810171598,
        -136.65970829736514,
        -136.29236149097946,
        -138.7533102563039,
        -144.8573057815276,
        -146.6213894637446,
        -133.19259611535938,
        -143.74762585039946,
        -133.7294905638155,
        -144.19600681570617,
        -142.76486514837944,
        -122.08767503034255,
        -141.92544553090607,
        -103.26600750975747,
        -130.65590961245957,
        -97.78016621420932,
        -120.0756446008256,
        -86.72089468395734,
        -101.20672778400362,
        -79.183733577357,
        -97.65558937796956,
        -94.46956675603123,
        -91.84570184476931,
        -58.56141521499481,
        -103.60388934508764,
        -78.06146363656089,
        -86.81592643124728,
        -102.0099041724345,
        -58.7053893975219,
        -85.73021214248095,
        -68.2686628469817,
        -55.517911250980696,
        -56.778504805663445,
        -38.2352482622249,
        -84.71602062477507,
        -29.84595968850237,
        -74.07612570656055,
        -52.687459060558844,
        -31.400081370418537,
        -22.063450740632383,
        -32.58829448995694,
        -37.34963750334687,
        -44.1043307322813,
        -51.61118450934279,
        -53.6751920140729,
        -73.85539606789692,
        -32.81805489911269
    ],
    "avg_episode_length": [
        1000.0,
        1000.0,
        1000.0,
        1000.0,
        1000.0,
        1000.0,
        1000.0,
        1000.0,
        1000.0,
        1000.0,
        1000.0,
        1000.0,
        1000.0,
        1000.0,
        1000.0,
        1000.0,
        1000.0,
        1000.0,
        1000.0,
        1000.0,
        1000.0,
        1000.0,
        1000.0,
        1000.0,
        1000.0,
        1000.0,
        1000.0,
        1000.0,
        1000.0,
        1000.0,
        1000.0,
        1000.0,
        1000.0,
        1000.0,
        1000.0,
        1000.0,
        1000.0,
        1000.0,
        1000.0,
        1000.0,
        1000.0,
        1000.0,
        1000.0,
        1000.0,
        1000.0,
        1000.0,
        1000.0,
        1000.0,
        1000.0,
        1000.0,
        1000.0,
        1000.0,
        1000.0,
        1000.0,
        1000.0,
        1000.0,
        1000.0,
        1000.0,
        1000.0,
        1000.0,
        1000.0,
        1000.0,
        1000.0
    ]
}