{
    "steps": [
        64000,
        128000,
        192000,
        256000,
        320000,
        384000,
        448000,
        512000,
        576000,
        640000,
        656000,
        672000,
        688000,
        704000,
        712000,
        724000,
        736000,
        748000,
        760000,
        772000,
        784000
    ],
    "avg_episodic_reward": [
        2.697521804851526,
        15.568064690546255,
        25.629130310218258,
        36.00276867354497,
        37.15748257923404,
        38.52543953100623,
        44.12364790827041,
        50.43690244099267,
        51.658005246259286,
        53.69109132725478,
        59.89907316595594,
        54.13360161573034,
        60.18733648229061,
        60.34316823685724,
        77.01435278998261,
        72.94006384284191,
        64.57387063485046,
        64.68841012388395,
        66.73994310780715,
        66.28312886165746,
        70.51957704619801
    ],
    "avg_episode_length": [
        1000.0,
        1000.0,
        1000.0,
        1000.0,
        1000.0,
        1000.0,
        1000.0,
        1000.0,
        1000.0,
        1000.0,
        1000.0,
        1000.0,
        1000.0,
        1000.0,
        1000.0,
        1000.0,
        1000.0,
        1000.0,
        1000.0,
        1000.0,
        1000.0
    ]
}