{
    "steps": [
        16000,
        32000,
        48000,
        64000,
        80000,
        96000,
        112000,
        128000,
        144000,
        160000,
        176000,
        192000,
        208000,
        224000,
        240000,
        256000,
        272000,
        288000,
        304000,
        320000,
        336000,
        352000,
        368000,
        384000,
        400000,
        416000,
        432000,
        448000,
        464000,
        480000,
        496000,
        512000,
        528000,
        544000,
        560000,
        576000,
        592000,
        608000,
        624000,
        640000,
        656000,
        672000,
        688000,
        704000,
        720000,
        736000,
        752000,
        768000,
        784000,
        800000,
        816000,
        832000,
        848000,
        864000,
        880000,
        896000,
        912000,
        928000,
        944000,
        960000,
        976000,
        992000,
        1008000
    ],
    "avg_episodic_reward": [
        -239.25988651917544,
        -225.25119849721102,
        -213.23905877199607,
        -227.18860041360165,
        -242.89109478419408,
        -204.52043576620974,
        -214.786253834948,
        -224.3322139888965,
        -226.50551733903916,
        -229.98555028174403,
        -222.50174038287764,
        -190.88759720874242,
        -204.6406114343157,
        -173.39798225538698,
        -221.3446808504346,
        -183.4024319845422,
        -152.3064330432657,
        -171.67948129995034,
        -128.01510360519148,
        -130.36240120713498,
        -111.35105308695402,
        -113.32741904215537,
        -90.28112993565672,
        -80.79289784761991,
        -87.53413309892888,
        -106.937029275931,
        -75.2859505637688,
        -72.19813251789168,
        -87.85782642916617,
        -74.0178648854777,
        -66.23734356012542,
        -49.71476298796306,
        -54.572440895777014,
        -35.01286957979614,
        -57.828071730901485,
        -33.743773670537934,
        -46.95158171223713,
        -35.93920717582036,
        1.5007565003938748,
        -19.11274428607579,
        -28.693501582301824,
        -19.146527004079342,
        -44.23274507354915,
        -35.700592275434,
        -18.80490076183781,
        -15.197925598217308,
        -20.718193752865304,
        -9.117467110241419,
        -23.345269382585542,
        -4.180629452344871,
        -12.303208550329565,
        15.06351602500693,
        15.110881964739022,
        -16.426814925853684,
        23.18977148983575,
        13.458809290505018,
        11.639591901378171,
        32.80564351392528,
        7.836850023093121,
        38.76072522075933,
        26.139362529138108,
        28.874310473889114,
        24.404601813257358
    ],
    "avg_episode_length": [
        1000.0,
        1000.0,
        1000.0,
        1000.0,
        1000.0,
        1000.0,
        1000.0,
        1000.0,
        1000.0,
        1000.0,
        1000.0,
        1000.0,
        1000.0,
        1000.0,
        1000.0,
        1000.0,
        1000.0,
        1000.0,
        1000.0,
        1000.0,
        1000.0,
        1000.0,
        1000.0,
        1000.0,
        1000.0,
        1000.0,
        1000.0,
        1000.0,
        1000.0,
        1000.0,
        1000.0,
        1000.0,
        1000.0,
        1000.0,
        1000.0,
        1000.0,
        1000.0,
        1000.0,
        1000.0,
        1000.0,
        1000.0,
        1000.0,
        1000.0,
        1000.0,
        1000.0,
        1000.0,
        1000.0,
        1000.0,
        1000.0,
        1000.0,
        1000.0,
        1000.0,
        1000.0,
        1000.0,
        1000.0,
        1000.0,
        1000.0,
        1000.0,
        1000.0,
        1000.0,
        1000.0,
        1000.0,
        1000.0
    ]
}