{
    "steps": [
        10240,
        20480,
        30720,
        40960,
        51200,
        61440,
        71680,
        81920,
        92160,
        102400,
        112640,
        122880,
        133120,
        143360,
        153600,
        163840,
        174080,
        184320,
        194560,
        204800,
        215040,
        225280,
        235520,
        245760,
        256000,
        266240,
        276480,
        286720,
        296960,
        307200,
        317440,
        327680,
        337920,
        348160,
        358400,
        368640,
        378880,
        389120,
        399360,
        409600,
        419840,
        430080,
        440320,
        450560,
        460800,
        471040,
        481280,
        491520,
        501760,
        512000,
        522240,
        532480,
        542720,
        552960,
        563200,
        573440,
        583680,
        593920,
        604160,
        614400,
        624640,
        634880,
        645120,
        655360,
        665600,
        675840,
        686080,
        696320,
        706560,
        716800,
        727040,
        737280,
        747520,
        757760,
        768000,
        778240,
        788480,
        798720,
        808960,
        819200,
        829440,
        839680,
        849920,
        860160,
        870400,
        880640,
        890880,
        901120,
        911360,
        921600,
        931840,
        942080,
        952320,
        962560,
        972800,
        983040,
        993280
    ],
    "avg_episodic_reward": [
        119.21340909929813,
        165.22925418801344,
        280.98144692887746,
        264.92213365096006,
        316.6502572940724,
        516.9752921099639,
        1007.933140079641,
        1492.9667169484705,
        1502.471555459041,
        4550.025679401061,
        2695.3771172933552,
        5463.2184920414165,
        null,
        null,
        null,
        9333.147440289766,
        7221.880832058476,
        1800.372165836299,
        null,
        7650.7570218749825,
        608.2054398018942,
        992.6952069977772,
        null,
        4377.639525631805,
        9332.387730888979,
        231.52300035851306,
        3879.7065491594203,
        2040.2069251022267,
        null,
        4709.207683110399,
        null,
        2406.6007897378063,
        9337.291645739066,
        1320.1600467648511,
        7111.637866709471,
        5279.65054228998,
        1314.6336595482185,
        null,
        null,
        1051.9738681106023,
        null,
        9332.796292254363,
        9337.400759128594,
        null,
        2255.346808347949,
        null,
        9335.702515776185,
        null,
        6040.395102043997,
        4782.640971788784,
        9338.391812678607,
        null,
        2486.9297719811148,
        9337.181441505682,
        null,
        null,
        2380.2450094237183,
        9341.95807229562,
        9341.557935489102,
        null,
        9343.164014033538,
        3716.409105137145,
        null,
        5201.711045056337,
        4830.507124855887,
        9343.0352058221,
        9344.5557885364,
        null,
        1151.6782431690717,
        9343.886555481857,
        9344.459088091184,
        1201.363787884934,
        null,
        9343.26076904362,
        9343.336605358216,
        9345.00450225131,
        5432.905002195574,
        null,
        799.5845550440939,
        7740.369767333714,
        null,
        9343.173871786252,
        null,
        null,
        5072.533132488458,
        9345.714219471352,
        9345.59226061477,
        9337.567677752058,
        9337.621570627221,
        null,
        null,
        null,
        3763.861857209836,
        9342.856282123139,
        3078.9306284410463,
        9337.092633406655,
        1161.1456952975702
    ],
    "avg_episode_length": [
        12.9,
        17.896551724137932,
        30.352941176470587,
        28.647058823529413,
        34.2,
        55.666666666666664,
        108.33333333333333,
        160.5,
        161.33333333333334,
        488.0,
        289.0,
        585.5,
        null,
        null,
        null,
        1000.0,
        774.0,
        193.0,
        null,
        820.0,
        65.33333333333333,
        106.6,
        null,
        469.0,
        1000.0,
        25.0,
        416.0,
        219.0,
        null,
        504.5,
        null,
        258.0,
        1000.0,
        141.75,
        762.0,
        566.0,
        141.0,
        null,
        null,
        113.0,
        null,
        1000.0,
        1000.0,
        null,
        241.66666666666666,
        null,
        1000.0,
        null,
        647.0,
        512.5,
        1000.0,
        null,
        267.0,
        1000.0,
        null,
        null,
        255.0,
        1000.0,
        1000.0,
        null,
        1000.0,
        398.0,
        null,
        557.0,
        517.0,
        1000.0,
        1000.0,
        null,
        123.5,
        1000.0,
        1000.0,
        128.75,
        null,
        1000.0,
        1000.0,
        1000.0,
        582.0,
        null,
        85.8,
        829.0,
        null,
        1000.0,
        null,
        null,
        543.0,
        1000.0,
        1000.0,
        1000.0,
        1000.0,
        null,
        null,
        null,
        403.0,
        1000.0,
        330.0,
        1000.0,
        124.5
    ]
}