{
    "steps": [
        10240,
        20480,
        30720,
        40960,
        51200,
        61440,
        71680,
        81920,
        92160,
        102400,
        112640,
        122880,
        133120,
        143360,
        153600,
        163840,
        174080,
        184320
    ],
    "avg_episodic_reward": [
        78.28571428571429,
        238.0,
        932.0,
        1000.0,
        1000.0,
        1000.0,
        1000.0,
        null,
        null,
        1000.0,
        1000.0,
        null,
        null,
        null,
        1000.0,
        273.0,
        null,
        null
    ],
    "avg_episode_length": [
        78.28571428571429,
        238.0,
        932.0,
        1000.0,
        1000.0,
        1000.0,
        1000.0,
        null,
        null,
        1000.0,
        1000.0,
        null,
        null,
        null,
        1000.0,
        273.0,
        null,
        null
    ]
}