{
    "steps": [
        12288,
        24576,
        36864,
        49152,
        61440,
        73728,
        86016,
        98304,
        110592,
        122880,
        135168,
        147456,
        159744,
        172032,
        184320,
        196608,
        208896,
        221184,
        233472,
        245760,
        258048,
        270336,
        282624,
        294912,
        307200,
        319488
    ],
    "avg_episodic_reward": [
        -46.72113487173357,
        -43.02158825077093,
        -49.99023286614099,
        -40.95933453320329,
        -53.391523026867326,
        -38.524402783317626,
        -3.9638609098013275,
        -32.607789713846245,
        0.2278975708853288,
        -13.524345368709707,
        -11.09051549930582,
        -32.15374807840638,
        -5.494650690465644,
        5.359104930094845,
        73.30629850455648,
        87.66084678926764,
        116.39998415258043,
        -17.411779387942396,
        123.88852143344417,
        -37.599642421071465,
        -42.843948037893384,
        -42.59483725205808,
        -30.30172864996672,
        -15.24381030048939,
        -18.447061271408252,
        -7.804339878295327
    ],
    "avg_episode_length": [
        1000.0,
        1000.0,
        1000.0,
        1000.0,
        1000.0,
        1000.0,
        1000.0,
        1000.0,
        1000.0,
        1000.0,
        1000.0,
        1000.0,
        1000.0,
        1000.0,
        1000.0,
        1000.0,
        1000.0,
        1000.0,
        1000.0,
        1000.0,
        1000.0,
        1000.0,
        1000.0,
        1000.0,
        1000.0,
        1000.0
    ]
}