{
    "steps": [
        12288,
        24576,
        36864,
        49152,
        61440,
        73728,
        86016,
        98304,
        110592,
        122880,
        135168,
        147456,
        159744,
        172032,
        184320,
        196608,
        208896,
        221184,
        233472,
        245760,
        258048,
        270336,
        282624,
        294912,
        307200,
        319488,
        331776,
        344064,
        356352,
        368640,
        380928,
        393216,
        405504,
        417792,
        430080,
        442368,
        454656,
        466944,
        479232,
        491520,
        503808,
        516096,
        528384,
        540672,
        552960,
        565248,
        577536,
        589824,
        602112,
        614400,
        626688,
        638976,
        651264,
        663552,
        675840,
        688128,
        700416,
        712704,
        724992,
        737280,
        749568,
        761856,
        774144,
        786432,
        798720,
        811008,
        823296,
        835584,
        847872,
        860160,
        872448,
        884736,
        897024,
        909312,
        921600,
        933888,
        946176,
        958464,
        970752,
        983040,
        995328
    ],
    "avg_episodic_reward": [
        -46.72113487173357,
        -43.02158825077093,
        -49.99023286614099,
        -40.95933453320329,
        -53.391523026867326,
        -38.524402783317626,
        -3.9638609098013275,
        -32.607789713846245,
        0.2278975708853288,
        -13.524345368709707,
        -11.09051549930582,
        -32.15374807840638,
        -5.494650690465644,
        5.359104930094845,
        73.30629850455648,
        87.66084678926764,
        116.39998415258043,
        -17.411779387942396,
        123.88852143344417,
        -37.599642421071465,
        -42.843948037893384,
        -42.59483725205808,
        -30.30172864996672,
        -15.24381030048939,
        -18.447061271408252,
        -7.804339878295327,
        0.43781256993774,
        37.87006048066379,
        -4.872682737629511,
        30.098499252278327,
        25.510482754265777,
        30.14723190439357,
        57.4058689996246,
        76.4121529016144,
        59.19677497295292,
        184.98861228955934,
        98.92139341553441,
        210.2004124701036,
        426.9427493433287,
        386.2640263354674,
        420.4685256231589,
        446.30910216175516,
        284.5617953968216,
        274.7097417343843,
        567.3588039866993,
        180.80897347298588,
        235.10980876093782,
        467.5530921901913,
        278.54383795317193,
        425.2491900612013,
        328.3091381268398,
        445.8055323114712,
        402.5948167988163,
        283.01064187397003,
        308.4224649405359,
        319.403060707402,
        472.61039547624017,
        365.1790573276516,
        335.5067447631004,
        519.2988981571182,
        289.8314525591937,
        607.4072872966929,
        533.9812396717779,
        713.7499165310912,
        400.8519313845808,
        437.9665990229283,
        598.1561177583892,
        327.0372813529892,
        137.11565087834495,
        284.4156332025626,
        450.00206967418234,
        485.4308142481318,
        460.72545630209373,
        447.2390431896199,
        704.0892921658477,
        431.1538666885091,
        565.298342986183,
        576.164290811817,
        694.296301267628,
        523.5905915996211,
        675.1383709504469
    ],
    "avg_episode_length": [
        1000.0,
        1000.0,
        1000.0,
        1000.0,
        1000.0,
        1000.0,
        1000.0,
        1000.0,
        1000.0,
        1000.0,
        1000.0,
        1000.0,
        1000.0,
        1000.0,
        1000.0,
        1000.0,
        1000.0,
        1000.0,
        1000.0,
        1000.0,
        1000.0,
        1000.0,
        1000.0,
        1000.0,
        1000.0,
        1000.0,
        1000.0,
        1000.0,
        1000.0,
        1000.0,
        1000.0,
        1000.0,
        1000.0,
        1000.0,
        1000.0,
        1000.0,
        1000.0,
        1000.0,
        1000.0,
        1000.0,
        1000.0,
        1000.0,
        1000.0,
        1000.0,
        1000.0,
        1000.0,
        1000.0,
        1000.0,
        1000.0,
        1000.0,
        1000.0,
        1000.0,
        976.6,
        1000.0,
        1000.0,
        1000.0,
        1000.0,
        1000.0,
        1000.0,
        1000.0,
        1000.0,
        1000.0,
        1000.0,
        1000.0,
        1000.0,
        1000.0,
        1000.0,
        1000.0,
        1000.0,
        1000.0,
        1000.0,
        1000.0,
        1000.0,
        1000.0,
        1000.0,
        1000.0,
        1000.0,
        1000.0,
        1000.0,
        1000.0,
        1000.0
    ]
}