{
    "steps": [
        10240,
        20480,
        30720,
        40960,
        51200,
        61440,
        71680,
        81920,
        92160,
        102400,
        112640,
        122880,
        133120,
        143360,
        153600,
        163840,
        174080,
        184320,
        194560,
        204800,
        215040,
        225280,
        235520,
        245760,
        256000,
        266240,
        276480,
        286720,
        296960,
        307200,
        317440,
        327680,
        337920,
        348160,
        358400,
        368640,
        378880,
        389120,
        399360,
        409600,
        419840,
        430080,
        440320,
        450560,
        460800,
        471040,
        481280,
        491520,
        501760,
        512000,
        522240,
        532480,
        542720,
        552960,
        563200,
        573440,
        583680,
        593920,
        604160,
        614400,
        624640,
        634880,
        645120,
        655360,
        665600,
        675840,
        686080,
        696320,
        706560,
        716800,
        727040,
        737280,
        747520,
        757760,
        768000,
        778240,
        788480,
        798720,
        808960,
        819200,
        829440,
        839680,
        849920,
        860160,
        870400,
        880640,
        890880,
        901120,
        911360,
        921600,
        931840,
        942080,
        952320,
        962560,
        972800,
        983040,
        993280
    ],
    "avg_episodic_reward": [
        -340.3398269223294,
        -389.30062407366574,
        -166.8226961918556,
        -383.8464034524432,
        -197.25457896489502,
        -131.01020672870996,
        -277.3994433520536,
        -239.12853831435004,
        -258.7870419028934,
        -139.5627559827176,
        -163.48484706748886,
        -133.42673299428662,
        -64.70161460890246,
        -57.93393312675359,
        -40.041515916641494,
        -35.473606374905785,
        81.35710689731653,
        -64.77810877210138,
        125.8785351941578,
        257.37589118656217,
        329.99665495827213,
        374.4188292170186,
        181.78558414467767,
        377.95940409471507,
        428.1700390233005,
        564.2580849576369,
        306.40788212791745,
        517.6909949088083,
        279.01896481183644,
        530.9954648485957,
        712.2696566357564,
        634.6750246819656,
        694.9759942389101,
        770.3031787157877,
        765.9344529098457,
        595.2403579553595,
        878.4611494590717,
        835.9892497505961,
        917.0553748936309,
        800.4669817315429,
        915.4971632313407,
        734.4377413657534,
        870.7602817465065,
        869.0094916062592,
        1091.8065846575291,
        978.8155860333472,
        912.9374330829653,
        1057.048579240049,
        789.0876669035085,
        1097.7343925710047,
        1137.495388916092,
        1126.080939955472,
        1040.538453772348,
        1322.9132688421826,
        1149.9482267753515,
        1282.4403263124686,
        1082.480516068109,
        1649.0130151697754,
        1050.5626838037347,
        1027.5870772373528,
        1343.6901827161578,
        770.9586263641822,
        870.6432677999488,
        1049.5918108109342,
        1099.81854359185,
        1665.4280801811801,
        972.2221345019382,
        1140.4969105977561,
        976.7577332394421,
        2038.9134966648662,
        1620.9082100631829,
        1386.3096518273728,
        1154.8935580348887,
        1954.0974627848825,
        1635.4585009515788,
        1341.4775257016604,
        1139.1644065003672,
        1587.844538527464,
        771.8766178358501,
        1269.2644113658796,
        2207.0298588042847,
        2043.6761667426601,
        1597.0678851424086,
        1329.0645565438858,
        1550.3439928398448,
        1802.8514279171695,
        1964.7329845097606,
        1248.1476223273742,
        1441.58204599605,
        1960.2532304800532,
        1391.5946626414548,
        1828.4964323677825,
        2405.146029448876,
        2035.7624554236188,
        2613.737478632041,
        2444.371967523463,
        1488.7134874799942
    ],
    "avg_episode_length": [
        1000.0,
        1000.0,
        1000.0,
        1000.0,
        1000.0,
        1000.0,
        1000.0,
        1000.0,
        1000.0,
        1000.0,
        1000.0,
        1000.0,
        1000.0,
        1000.0,
        1000.0,
        1000.0,
        1000.0,
        1000.0,
        1000.0,
        1000.0,
        1000.0,
        1000.0,
        1000.0,
        1000.0,
        1000.0,
        1000.0,
        1000.0,
        1000.0,
        1000.0,
        1000.0,
        1000.0,
        1000.0,
        1000.0,
        1000.0,
        1000.0,
        1000.0,
        1000.0,
        1000.0,
        1000.0,
        1000.0,
        1000.0,
        1000.0,
        1000.0,
        1000.0,
        1000.0,
        1000.0,
        1000.0,
        1000.0,
        1000.0,
        1000.0,
        1000.0,
        1000.0,
        1000.0,
        1000.0,
        1000.0,
        1000.0,
        1000.0,
        1000.0,
        1000.0,
        1000.0,
        1000.0,
        1000.0,
        1000.0,
        1000.0,
        1000.0,
        1000.0,
        1000.0,
        1000.0,
        1000.0,
        1000.0,
        1000.0,
        1000.0,
        1000.0,
        1000.0,
        1000.0,
        1000.0,
        1000.0,
        1000.0,
        1000.0,
        1000.0,
        1000.0,
        1000.0,
        1000.0,
        1000.0,
        1000.0,
        1000.0,
        1000.0,
        1000.0,
        1000.0,
        1000.0,
        1000.0,
        1000.0,
        1000.0,
        1000.0,
        1000.0,
        1000.0,
        1000.0
    ]
}