{
    "steps": [
        16000,
        32000,
        48000,
        64000,
        80000,
        96000,
        112000,
        128000,
        144000,
        160000,
        176000,
        192000,
        208000,
        224000,
        240000,
        256000,
        272000,
        288000,
        304000,
        320000,
        336000,
        352000,
        368000,
        384000,
        400000,
        416000,
        432000,
        448000,
        464000,
        480000,
        496000,
        512000,
        528000,
        544000,
        560000,
        576000,
        592000,
        608000,
        624000,
        640000,
        656000,
        672000,
        688000,
        704000,
        720000,
        736000,
        752000,
        768000,
        784000,
        800000,
        816000,
        832000,
        848000,
        864000,
        880000,
        896000,
        912000,
        928000,
        944000,
        960000,
        976000,
        992000,
        1008000
    ],
    "avg_episodic_reward": [
        -357.17675251335083,
        -376.55699401160405,
        -371.06146675820725,
        -413.4825741265352,
        -376.06411725516523,
        -338.06899821400265,
        -366.04105138698355,
        -328.26162160426657,
        -357.77934301098156,
        -396.0185795645853,
        -361.2144629655685,
        -374.4289473876681,
        -359.87523723846124,
        -378.236165851289,
        -332.58238739141274,
        -354.43178478289326,
        -302.6530916534878,
        -355.03538483340674,
        -334.154360373425,
        -354.680166344407,
        -386.19779390241536,
        -316.8453343577477,
        -379.9764937424721,
        -322.9251564950856,
        -301.6389010148383,
        -268.99071117971846,
        -327.08434754945097,
        -340.62054411815683,
        -344.9372108052239,
        -293.6233716248415,
        -311.1199568047934,
        -356.64808307459714,
        -344.08045047791273,
        -407.87435360261895,
        -297.8343793040286,
        -289.3267970653369,
        -342.8142943672203,
        -337.6430392481115,
        -315.6470235724612,
        -291.1975246694615,
        -304.71829872464843,
        -274.4782472115192,
        -325.4518891508236,
        -283.6922308249832,
        -346.7221085084966,
        -272.27823780838696,
        -216.37079710654382,
        -227.09023837478833,
        -361.21897373493096,
        -390.796736207355,
        -311.2341716344829,
        -263.6550266462469,
        -306.3279985757,
        -266.7996030285599,
        -326.7184948210456,
        -311.1758521627254,
        -227.52750772953732,
        -306.9829113639523,
        -265.3403168434511,
        -214.93783983209923,
        -231.5844986715425,
        -251.37795194463484,
        -386.45882966960744
    ],
    "avg_episode_length": [
        1000.0,
        1000.0,
        1000.0,
        1000.0,
        1000.0,
        1000.0,
        1000.0,
        1000.0,
        1000.0,
        1000.0,
        1000.0,
        1000.0,
        1000.0,
        1000.0,
        1000.0,
        1000.0,
        1000.0,
        1000.0,
        1000.0,
        1000.0,
        1000.0,
        1000.0,
        1000.0,
        1000.0,
        1000.0,
        1000.0,
        1000.0,
        1000.0,
        1000.0,
        1000.0,
        1000.0,
        1000.0,
        1000.0,
        1000.0,
        1000.0,
        1000.0,
        1000.0,
        1000.0,
        1000.0,
        1000.0,
        1000.0,
        1000.0,
        1000.0,
        1000.0,
        1000.0,
        1000.0,
        1000.0,
        1000.0,
        1000.0,
        1000.0,
        1000.0,
        1000.0,
        1000.0,
        1000.0,
        1000.0,
        1000.0,
        1000.0,
        1000.0,
        1000.0,
        1000.0,
        1000.0,
        1000.0,
        1000.0
    ]
}