{
    "steps": [
        10133,
        20223,
        30380,
        40519,
        50646,
        60964,
        71043,
        81235,
        91474,
        101552,
        111794,
        122208,
        132247,
        142498,
        152931,
        163648,
        173982,
        184598,
        195057,
        206357,
        217049,
        228089,
        238432,
        249269,
        259321,
        270577,
        284141,
        295405,
        306637,
        318966,
        329004,
        339273,
        350064,
        361507,
        374054,
        385502,
        397405,
        408459,
        420331,
        431252,
        445001,
        458900,
        472958,
        485102,
        498680,
        512464,
        525898,
        542208,
        557508,
        568111,
        584297,
        594427,
        613446,
        634435,
        646681,
        665112,
        676282,
        687822,
        698952,
        711581,
        721852,
        734401,
        746138,
        761983,
        774999,
        791906,
        807532,
        820841,
        833822,
        844281,
        863706,
        886859,
        898236,
        910640
    ],
    "avg_episodic_reward": [
        109.97326039052345,
        106.65121809905912,
        131.2453222438641,
        140.4836626768443,
        192.77164028921885,
        205.8278856140658,
        239.6759961563689,
        247.63277628774097,
        273.26962731179583,
        282.0707844144968,
        321.98140624411667,
        264.5163890849499,
        313.2464918165547,
        392.7849711265098,
        328.8537101593769,
        460.1308616279715,
        584.8634163684765,
        587.3006052755214,
        671.1881943209719,
        770.7789534762181,
        900.3246251332945,
        1046.4368715937808,
        1266.4985323107067,
        1257.0122320998275,
        901.6837079988763,
        1083.5425367775053,
        2085.3248451432437,
        763.4670901437901,
        1314.1280560565165,
        1514.9689481440105,
        1791.9965544268703,
        1908.8408203811116,
        2421.7607096651122,
        1879.510920146165,
        1659.7108417856273,
        1488.9465114094526,
        2194.400529819611,
        2452.896371454963,
        1950.0029454032283,
        1840.683081999307,
        2495.2534245183715,
        3036.7383313356736,
        2569.383273745318,
        3569.162796628755,
        4077.6133997745196,
        4595.473535392998,
        4443.070306953618,
        5091.836765908502,
        4479.1338705322505,
        6185.893466172618,
        4699.729066201712,
        5909.676526290759,
        6036.040678753037,
        7061.376392002105,
        7146.063167746741,
        5612.539510546944,
        6517.992899223564,
        6734.237816628043,
        6495.307517290575,
        7370.390297446118,
        5993.2422865725885,
        7324.815825036616,
        6850.885689160632,
        9249.682410591453,
        7596.74962101713,
        5198.879491120264,
        4052.883063030149,
        7768.9873015586645,
        7577.1423572304575,
        6104.972646027903,
        5553.423618078279,
        8283.85704892466,
        6642.250014066789,
        7242.275024201012
    ],
    "avg_episode_length": [
        11.9375,
        11.5625,
        14.1875,
        15.1875,
        20.875,
        22.3125,
        25.9375,
        26.75,
        29.5625,
        30.5,
        34.75,
        28.625,
        33.8125,
        42.3125,
        35.5,
        49.5625,
        63.0,
        63.1875,
        72.1875,
        82.875,
        96.75,
        112.375,
        136.0,
        134.9375,
        96.875,
        116.375,
        223.8125,
        82.0625,
        141.125,
        162.625,
        192.3125,
        204.875,
        259.8125,
        201.6875,
        178.1875,
        159.875,
        235.4375,
        263.0625,
        209.1875,
        197.5,
        267.5625,
        325.625,
        275.5,
        382.6875,
        437.0625,
        492.6875,
        476.375,
        545.6875,
        479.9375,
        662.6875,
        503.5625,
        633.125,
        646.9375,
        756.375,
        765.375,
        601.1875,
        698.125,
        721.25,
        695.625,
        789.3125,
        641.9375,
        784.3125,
        733.5625,
        990.3125,
        813.5,
        556.75,
        434.0625,
        831.8125,
        811.3125,
        653.6875,
        594.625,
        886.75,
        711.0625,
        775.25
    ]
}