{
    "steps": [
        16000,
        32000,
        48000,
        64000,
        80000,
        96000,
        112000,
        128000,
        144000,
        160000,
        176000,
        192000,
        208000,
        224000,
        240000,
        256000,
        272000,
        288000,
        304000,
        320000,
        336000,
        352000,
        368000,
        384000,
        400000,
        416000,
        432000,
        448000,
        464000,
        480000,
        496000,
        512000,
        528000,
        544000,
        560000,
        576000,
        592000,
        608000,
        624000,
        640000,
        656000,
        672000,
        688000,
        704000,
        720000,
        736000,
        752000,
        768000,
        784000,
        800000,
        816000,
        832000,
        848000,
        864000,
        880000,
        896000,
        912000,
        928000,
        944000,
        960000,
        976000,
        992000,
        1008000
    ],
    "avg_episodic_reward": [
        -252.5599063568098,
        -243.3050184132876,
        -226.70109883413318,
        -239.3461617057357,
        -233.8498709908515,
        -216.4380855882819,
        -212.44460739454792,
        -216.9214788329442,
        -218.2458376315468,
        -193.24086782088088,
        -152.01783214802737,
        -198.96405582499298,
        -164.38226358238873,
        -141.8580905429227,
        -127.60848636948216,
        -120.43780714283085,
        -128.52784482841977,
        -81.9450412416024,
        -103.14705335258913,
        -148.20470683257318,
        -119.63236223977245,
        -105.39466121866141,
        -94.84814534987397,
        -84.11019496134494,
        -81.20817392875927,
        -79.84459096738752,
        -101.0751253487328,
        -64.74234435354086,
        -61.98313932826329,
        -51.9441357758185,
        -48.93871859081537,
        -37.690039560410014,
        -13.216537328684533,
        -50.883664262594436,
        -28.243057275085548,
        -34.61609883122614,
        -38.779567510932026,
        -40.35672215389917,
        -22.594636157058886,
        -28.040261111082707,
        5.089014871474753,
        -7.295868110899248,
        -15.75896292159895,
        -19.816051768287107,
        -17.536157436450285,
        -2.297946245981798,
        0.96369410593323,
        2.5653911058511936,
        3.0183042024095696,
        15.712230047523434,
        2.5532093083569487,
        30.691188112995526,
        12.403544338892917,
        11.193187170400803,
        8.672113051699686,
        19.769035454094823,
        28.408124929499955,
        11.74818220034387,
        25.513895705254065,
        4.273128371438023,
        34.235386761803625,
        23.351063961645558,
        37.241523037487546
    ],
    "avg_episode_length": [
        1000.0,
        1000.0,
        1000.0,
        1000.0,
        1000.0,
        1000.0,
        1000.0,
        1000.0,
        1000.0,
        1000.0,
        1000.0,
        1000.0,
        1000.0,
        1000.0,
        1000.0,
        1000.0,
        1000.0,
        1000.0,
        1000.0,
        1000.0,
        1000.0,
        1000.0,
        1000.0,
        1000.0,
        1000.0,
        1000.0,
        1000.0,
        1000.0,
        1000.0,
        1000.0,
        1000.0,
        1000.0,
        1000.0,
        1000.0,
        1000.0,
        1000.0,
        1000.0,
        1000.0,
        1000.0,
        1000.0,
        1000.0,
        1000.0,
        1000.0,
        1000.0,
        1000.0,
        1000.0,
        1000.0,
        1000.0,
        1000.0,
        1000.0,
        1000.0,
        1000.0,
        1000.0,
        1000.0,
        1000.0,
        1000.0,
        1000.0,
        1000.0,
        1000.0,
        1000.0,
        1000.0,
        1000.0,
        1000.0
    ]
}