{
    "steps": [
        16384,
        32768,
        49152,
        65536,
        81920,
        98304,
        114688,
        131072,
        147456,
        163840,
        180224,
        196608,
        212992,
        229376,
        245760,
        262144,
        278528
    ],
    "avg_episodic_reward": [
        -20.469734969385943,
        -16.05163361913108,
        -10.525037963593618,
        -7.529449850387785,
        -1.6081051668415935,
        13.677140961334505,
        18.10555571633441,
        32.14073030670566,
        22.74326681375582,
        57.26088783730427,
        64.37667889333161,
        80.47052228327169,
        74.29983987902762,
        68.01770769249673,
        108.91561485069211,
        109.30236145056924,
        103.75180592588515
    ],
    "avg_episode_length": [
        512.0,
        512.0,
        512.0,
        512.0,
        512.0,
        512.0,
        512.0,
        512.0,
        512.0,
        512.0,
        512.0,
        512.0,
        512.0,
        512.0,
        512.0,
        512.0,
        512.0
    ]
}