{
    "steps": [
        10240,
        20480,
        30720,
        40960,
        51200,
        61440,
        71680,
        81920,
        92160,
        102400,
        112640,
        122880,
        133120,
        143360,
        153600,
        163840,
        174080,
        184320,
        194560,
        204800,
        215040,
        225280,
        235520,
        245760,
        256000,
        266240,
        276480,
        286720,
        296960,
        307200,
        317440,
        327680,
        337920,
        348160,
        358400,
        368640,
        378880,
        389120,
        399360,
        409600,
        419840,
        430080,
        440320,
        450560,
        460800,
        471040,
        481280,
        491520,
        501760,
        512000,
        522240,
        532480,
        542720,
        552960,
        563200,
        573440,
        583680,
        593920,
        604160,
        614400,
        624640,
        634880,
        645120,
        655360,
        665600,
        675840,
        686080,
        696320,
        706560,
        716800,
        727040,
        737280,
        747520,
        757760,
        768000,
        778240,
        788480,
        798720,
        808960,
        819200,
        829440,
        839680,
        849920,
        860160,
        870400,
        880640,
        890880,
        901120,
        911360,
        921600,
        931840,
        942080,
        952320,
        962560,
        972800,
        983040,
        993280
    ],
    "avg_episodic_reward": [
        -203.3548552555236,
        -102.33692397085335,
        -79.88340431854917,
        25.92123528831699,
        33.348051085005835,
        31.21472458329965,
        88.85202083679202,
        229.9961414566783,
        217.53597639202718,
        331.7479587448601,
        131.58678989966995,
        109.12550228735606,
        302.610348755061,
        576.3666844868724,
        683.6682587166088,
        565.6023954565401,
        566.6745862003052,
        715.7311758659127,
        798.3877928804754,
        820.2926335623987,
        860.8118002261018,
        944.1643548070545,
        1025.5437517276457,
        1113.673700463968,
        1021.2911966659536,
        1103.4565920139132,
        1022.0529758840748,
        1126.5948553207677,
        1044.5904477246827,
        1081.5696796544316,
        1269.492539372123,
        1206.3721314124293,
        1279.0400566177696,
        1219.5409309992465,
        1214.5483890130936,
        1152.9185211938964,
        1159.3769195092195,
        1379.6807335578417,
        919.1138976882173,
        1310.4450168702465,
        1303.5245484709055,
        1373.3147560795187,
        1292.1912901595217,
        1434.9308484830312,
        1417.7900420167434,
        1464.4981339847154,
        1463.529556965382,
        1342.2079218913304,
        1526.4406509165715,
        1546.813292692017,
        1187.0287690577973,
        1507.8442299503745,
        1471.6470984192565,
        1509.6964187260974,
        1442.613504155981,
        1316.666229716163,
        1437.8147781426278,
        1568.590991502746,
        1501.1687751691156,
        1555.81998801503,
        1635.5085150996326,
        1627.719749702159,
        1524.6832349669526,
        1750.9798423885645,
        1404.5674345221778,
        1700.3819297031257,
        1561.6023744832912,
        1621.2183876014224,
        1642.4723336685981,
        1535.131652295354,
        1660.4980742893242,
        1700.1838562636358,
        1600.1217149884424,
        1660.57214846624,
        1711.0855540914238,
        1695.08783593949,
        1733.6515022712315,
        1579.939836881727,
        1773.2410048339655,
        1738.4361044351308,
        1758.4178436632842,
        1801.4187008302863,
        1642.3523445261076,
        1640.6625419419174,
        1797.83026309986,
        1858.9616548863455,
        1736.6354332108704,
        1758.6399905590329,
        1752.1515124032303,
        1393.005850359816,
        1811.1618491356098,
        1908.8310276157158,
        1797.2257621677313,
        1896.4898639001676,
        982.6056967420766,
        1802.25643433543,
        1789.5710140730082
    ],
    "avg_episode_length": [
        1000.0,
        1000.0,
        1000.0,
        1000.0,
        1000.0,
        1000.0,
        1000.0,
        1000.0,
        1000.0,
        1000.0,
        1000.0,
        1000.0,
        1000.0,
        1000.0,
        1000.0,
        1000.0,
        1000.0,
        1000.0,
        1000.0,
        1000.0,
        1000.0,
        1000.0,
        1000.0,
        1000.0,
        1000.0,
        1000.0,
        1000.0,
        1000.0,
        1000.0,
        1000.0,
        1000.0,
        1000.0,
        1000.0,
        1000.0,
        1000.0,
        1000.0,
        1000.0,
        1000.0,
        1000.0,
        1000.0,
        1000.0,
        1000.0,
        1000.0,
        1000.0,
        1000.0,
        1000.0,
        1000.0,
        1000.0,
        1000.0,
        1000.0,
        1000.0,
        1000.0,
        1000.0,
        1000.0,
        1000.0,
        1000.0,
        1000.0,
        1000.0,
        1000.0,
        1000.0,
        1000.0,
        1000.0,
        1000.0,
        1000.0,
        1000.0,
        1000.0,
        1000.0,
        1000.0,
        1000.0,
        1000.0,
        1000.0,
        1000.0,
        1000.0,
        1000.0,
        1000.0,
        1000.0,
        1000.0,
        1000.0,
        1000.0,
        1000.0,
        1000.0,
        1000.0,
        1000.0,
        1000.0,
        1000.0,
        1000.0,
        1000.0,
        1000.0,
        1000.0,
        1000.0,
        1000.0,
        1000.0,
        1000.0,
        1000.0,
        1000.0,
        1000.0,
        1000.0
    ]
}