{
    "steps": [
        10240,
        20480,
        30720,
        40960,
        51200,
        61440,
        71680,
        81920,
        92160,
        102400,
        112640,
        122880,
        133120,
        143360,
        153600,
        163840,
        174080,
        184320,
        194560,
        204800,
        215040,
        225280,
        235520,
        245760,
        256000,
        266240,
        276480,
        286720,
        296960,
        307200,
        317440,
        327680,
        337920,
        348160,
        358400,
        368640,
        378880,
        389120,
        399360,
        409600,
        419840,
        430080,
        440320,
        450560,
        460800,
        471040,
        481280,
        491520,
        501760,
        512000,
        522240,
        532480,
        542720,
        552960
    ],
    "avg_episodic_reward": [
        -17.535730848651877,
        -8.952003340238605,
        -5.362275831279921,
        -1.8869528337943793,
        -0.5293145283591314,
        -0.661110210251116,
        11.620134961538483,
        31.685962634285627,
        111.8542752777326,
        101.63025969672805,
        100.16989031654872,
        149.69404004309098,
        118.2693039624899,
        169.6243703793538,
        58.74215722444782,
        140.58340088445217,
        228.80831786620308,
        211.7967361628518,
        151.34791027713575,
        134.45507477933134,
        242.74628892275817,
        144.16723265623406,
        394.1653516599212,
        457.26562634729913,
        426.46262114492157,
        368.40355748382154,
        335.8702549558412,
        347.58577151423106,
        302.9099507926365,
        359.88783880776,
        386.26844798581936,
        330.99588741274,
        382.91558101719016,
        287.5177220044841,
        365.70035665925957,
        423.90578848177057,
        329.9136724398315,
        277.8397808406278,
        407.11670961402655,
        263.4725247141733,
        282.32177832466147,
        315.84124019582475,
        419.9114871940055,
        421.79590715345864,
        424.1726958617386,
        238.71855400696802,
        175.72216055418653,
        399.1737348597946,
        279.837966491913,
        343.05570733791996,
        199.56266807622205,
        387.0995284174753,
        431.8001859638113,
        320.65556674989716
    ],
    "avg_episode_length": [
        512.0,
        512.0,
        512.0,
        512.0,
        512.0,
        512.0,
        512.0,
        512.0,
        512.0,
        512.0,
        512.0,
        512.0,
        512.0,
        512.0,
        512.0,
        512.0,
        512.0,
        512.0,
        512.0,
        512.0,
        512.0,
        512.0,
        512.0,
        512.0,
        512.0,
        512.0,
        512.0,
        512.0,
        512.0,
        512.0,
        512.0,
        512.0,
        512.0,
        512.0,
        512.0,
        512.0,
        512.0,
        512.0,
        512.0,
        512.0,
        512.0,
        512.0,
        512.0,
        512.0,
        512.0,
        512.0,
        512.0,
        512.0,
        512.0,
        512.0,
        512.0,
        512.0,
        512.0,
        512.0
    ]
}