{
    "steps": [
        10240,
        20480,
        30720,
        40960,
        51200,
        61440,
        71680,
        81920,
        92160,
        102400,
        112640,
        122880,
        133120,
        143360,
        153600,
        163840,
        174080,
        184320,
        194560,
        204800,
        215040,
        225280,
        235520,
        245760,
        256000,
        266240,
        276480,
        286720,
        296960,
        307200,
        317440,
        327680,
        337920,
        348160,
        358400,
        368640,
        378880,
        389120,
        399360,
        409600,
        419840,
        430080,
        440320,
        450560,
        460800,
        471040,
        481280,
        491520,
        501760,
        512000,
        522240,
        532480,
        542720,
        552960,
        563200,
        573440,
        583680,
        593920,
        604160,
        614400,
        624640,
        634880,
        645120,
        655360,
        665600,
        675840,
        686080,
        696320,
        706560,
        716800,
        727040,
        737280,
        747520,
        757760,
        768000,
        778240,
        788480,
        798720,
        808960,
        819200,
        829440,
        839680,
        849920,
        860160,
        870400,
        880640,
        890880,
        901120,
        911360,
        921600,
        931840,
        942080,
        952320,
        962560,
        972800,
        983040,
        993280
    ],
    "avg_episodic_reward": [
        -265.2646589901849,
        -348.0981320611639,
        -276.9767714311687,
        -257.9874232562393,
        -266.3430129970218,
        -191.43952718612795,
        -168.91597333134678,
        -194.25530214151942,
        -240.06093887492645,
        -205.34830339343767,
        -140.11677867653816,
        -173.64532026934194,
        -65.57359039501415,
        -101.49546490693963,
        -80.90647224587573,
        -157.19861865774737,
        6.11116475027289,
        -8.721308410273942,
        -21.768336574477317,
        19.915718380049643,
        -92.40805044675965,
        -2.6382777498140766,
        89.66746578702711,
        -20.41058412178425,
        55.54556539689302,
        155.52726341491672,
        192.28355807970826,
        81.47885087302566,
        111.18522343807456,
        108.36254656560632,
        215.27702338924314,
        1.3790528958415358,
        -30.99994619957741,
        175.6661306381156,
        260.37484552712476,
        -104.24581322276453,
        152.39202458926573,
        228.55966099790527,
        286.0625913638276,
        318.05219409633423,
        359.3078287518512,
        370.4841140590912,
        401.19036379906856,
        295.80267558178946,
        502.23591470177143,
        507.0432178892267,
        427.28727742865544,
        568.7834236380475,
        629.9113719088955,
        389.4919984596598,
        682.7472935011656,
        108.29645933755538,
        503.8374259264017,
        730.4773493252976,
        546.3057812515414,
        531.1795438923643,
        662.9646071640609,
        554.9886382389715,
        411.5556679535266,
        623.6862783931881,
        761.4786955364333,
        802.0191934704335,
        830.9102708397098,
        737.2333423192891,
        719.7602467662832,
        920.0673759339439,
        1027.3505251287831,
        919.0274361882471,
        1123.369968353302,
        1077.629977661634,
        1126.8081962318415,
        942.2166535989703,
        1163.4942962377004,
        1088.2886053313055,
        962.1725869042002,
        1037.9035030246134,
        1169.356290441084,
        1239.330698427705,
        838.4173414083258,
        1370.1941222436258,
        1350.6877449326262,
        1005.7175510608133,
        1330.5109434787757,
        1359.3119995228844,
        1344.6976138185428,
        1461.16634393185,
        1445.9139172070422,
        1415.5787555910026,
        1339.3046067688656,
        1413.5766927219092,
        1317.468029157613,
        1363.6094225620689,
        1561.170074149953,
        1464.9972069640153,
        1411.0507799497548,
        1587.0452401589373,
        1432.0763464469933
    ],
    "avg_episode_length": [
        1000.0,
        1000.0,
        1000.0,
        1000.0,
        1000.0,
        1000.0,
        1000.0,
        1000.0,
        1000.0,
        1000.0,
        1000.0,
        1000.0,
        1000.0,
        1000.0,
        1000.0,
        1000.0,
        1000.0,
        1000.0,
        1000.0,
        1000.0,
        1000.0,
        1000.0,
        1000.0,
        1000.0,
        1000.0,
        1000.0,
        1000.0,
        1000.0,
        1000.0,
        1000.0,
        1000.0,
        1000.0,
        1000.0,
        1000.0,
        1000.0,
        1000.0,
        1000.0,
        1000.0,
        1000.0,
        1000.0,
        1000.0,
        1000.0,
        1000.0,
        1000.0,
        1000.0,
        1000.0,
        1000.0,
        1000.0,
        1000.0,
        1000.0,
        1000.0,
        1000.0,
        1000.0,
        1000.0,
        1000.0,
        1000.0,
        1000.0,
        1000.0,
        1000.0,
        1000.0,
        1000.0,
        1000.0,
        1000.0,
        1000.0,
        1000.0,
        1000.0,
        1000.0,
        1000.0,
        1000.0,
        1000.0,
        1000.0,
        1000.0,
        1000.0,
        1000.0,
        1000.0,
        1000.0,
        1000.0,
        1000.0,
        1000.0,
        1000.0,
        1000.0,
        1000.0,
        1000.0,
        1000.0,
        1000.0,
        1000.0,
        1000.0,
        1000.0,
        1000.0,
        1000.0,
        1000.0,
        1000.0,
        1000.0,
        1000.0,
        1000.0,
        1000.0,
        1000.0
    ]
}