{
    "steps": [
        16000,
        32000,
        48000,
        64000,
        80000,
        96000,
        112000,
        128000,
        144000,
        160000,
        176000,
        192000,
        208000,
        224000,
        240000,
        256000,
        272000,
        288000,
        304000,
        320000,
        336000,
        352000,
        368000,
        384000,
        400000,
        416000,
        432000,
        448000,
        464000,
        480000,
        496000,
        512000,
        528000,
        544000,
        560000,
        576000,
        592000,
        608000,
        624000,
        640000,
        656000,
        672000,
        688000,
        704000,
        720000,
        736000,
        752000,
        768000,
        784000,
        800000,
        816000,
        832000,
        848000,
        864000,
        880000,
        896000,
        912000,
        928000,
        944000,
        960000,
        976000,
        992000,
        1008000
    ],
    "avg_episodic_reward": [
        -247.633574000383,
        -218.8343935844398,
        -240.67780837351174,
        -210.36069135949703,
        -180.91720544962462,
        -216.136242302944,
        -191.2176647845269,
        -178.02754154542475,
        -196.9107077879289,
        -185.089944319444,
        -137.8375010554782,
        -173.94532650688052,
        -139.42459711672495,
        -119.61150955704251,
        -124.24607329732764,
        -98.02154837105157,
        -96.29386075772914,
        -90.68715171152246,
        -83.24721467148368,
        -67.75436417486588,
        -82.09330420408924,
        -102.46450678765758,
        -101.4708541462262,
        -73.95962723852233,
        -70.52023487465803,
        -74.662425741492,
        -77.69456710861353,
        -62.05736303690981,
        -78.97818435420676,
        -60.63899862588017,
        -69.4479647020409,
        -66.59743456353092,
        -68.11754206412502,
        -80.09759134965012,
        -58.67607945307251,
        -44.79641638813449,
        -57.281757515121015,
        -36.70259773068881,
        -55.513380361654484,
        -80.43361673612898,
        -43.66512039028649,
        -40.85544266789225,
        -28.796522284834023,
        -57.10991152473021,
        -29.574062156721308,
        -8.082083180275713,
        16.133888059967173,
        -26.055364176411736,
        17.775253189706294,
        -10.744356908696563,
        -34.313440268023,
        -28.09638624979636,
        7.54235705737022,
        1.5398070574833602,
        -28.576683611574012,
        -7.652816508272446,
        11.559210113152758,
        37.09663592933536,
        26.14441758273579,
        -18.17106025153313,
        28.396000675418968,
        -1.6191791420355912,
        -1.6050302262975666
    ],
    "avg_episode_length": [
        1000.0,
        1000.0,
        1000.0,
        1000.0,
        1000.0,
        1000.0,
        1000.0,
        1000.0,
        1000.0,
        1000.0,
        1000.0,
        1000.0,
        1000.0,
        1000.0,
        1000.0,
        1000.0,
        1000.0,
        1000.0,
        1000.0,
        1000.0,
        1000.0,
        1000.0,
        1000.0,
        1000.0,
        1000.0,
        1000.0,
        1000.0,
        1000.0,
        1000.0,
        1000.0,
        1000.0,
        1000.0,
        1000.0,
        1000.0,
        1000.0,
        1000.0,
        1000.0,
        1000.0,
        1000.0,
        1000.0,
        1000.0,
        1000.0,
        1000.0,
        1000.0,
        1000.0,
        1000.0,
        1000.0,
        1000.0,
        1000.0,
        1000.0,
        1000.0,
        1000.0,
        1000.0,
        1000.0,
        1000.0,
        1000.0,
        1000.0,
        1000.0,
        1000.0,
        1000.0,
        1000.0,
        1000.0,
        1000.0
    ]
}