{
    "steps": [
        10240,
        20480,
        30720,
        40960,
        51200,
        61440,
        71680,
        81920,
        92160,
        102400,
        112640,
        122880,
        133120,
        143360,
        153600,
        163840,
        174080,
        184320,
        194560,
        204800,
        215040,
        225280,
        235520,
        245760,
        256000,
        266240,
        276480,
        286720,
        296960,
        307200,
        317440,
        327680,
        337920,
        348160,
        358400,
        368640,
        378880,
        389120,
        399360,
        409600,
        419840,
        430080,
        440320,
        450560,
        460800,
        471040,
        481280,
        491520,
        501760,
        512000,
        522240,
        532480,
        542720,
        552960,
        563200,
        573440,
        583680,
        593920,
        604160,
        614400,
        624640,
        634880,
        645120,
        655360,
        665600,
        675840,
        686080,
        696320,
        706560,
        716800,
        727040,
        737280,
        747520,
        757760,
        768000,
        778240,
        788480,
        798720,
        808960,
        819200,
        829440,
        839680,
        849920,
        860160,
        870400,
        880640,
        890880,
        901120,
        911360,
        921600,
        931840,
        942080,
        952320,
        962560,
        972800,
        983040,
        993280
    ],
    "avg_episodic_reward": [
        214.80300483690087,
        205.68471211333744,
        217.3117046587819,
        228.92893136559525,
        173.98560468884685,
        173.36674064149747,
        199.62792542851685,
        194.48504849761662,
        310.72392032318197,
        278.03642891109416,
        343.3661439188195,
        388.1773773377648,
        354.7037728229935,
        562.8768202446815,
        261.35835211177454,
        232.5613317017568,
        195.3959328636479,
        320.3268263909384,
        277.5567212090211,
        655.4774426852343,
        395.43218292909296,
        389.30377291614997,
        339.29804749839883,
        458.83355309477673,
        572.7155241465493,
        663.985470334654,
        412.53221444912333,
        561.923314110103,
        718.7619727943883,
        null,
        864.6876681474027,
        635.1319078679478,
        752.8741039892202,
        643.4310456976067,
        883.5919290789276,
        694.1342939057432,
        1119.077964804102,
        848.7612270783752,
        899.7189917991088,
        795.1440150755707,
        2166.7007997580013,
        null,
        1272.6460963734314,
        731.7614814387797,
        1265.6359064691558,
        2202.833398638382,
        1137.7579384321575,
        782.8702032315988,
        840.9722299130378,
        1717.9244275170183,
        1060.0943533204152,
        1692.1165992831334,
        null,
        1089.4916292665448,
        2166.8142668650444,
        609.6898505003201,
        1701.1172764363412,
        1171.996532654722,
        486.66839538281465,
        417.7573162306554,
        1040.7153589078841,
        700.2287958842938,
        852.7455199679364,
        779.7821017903843,
        1122.905762542277,
        1266.3773257594075,
        958.8586843830681,
        1115.8038684968308,
        978.2248874620379,
        883.9367709171006,
        1093.5745126636252,
        1048.8885692638105,
        1563.008476887439,
        994.3296353692482,
        1005.0240721297097,
        778.4670339278663,
        null,
        606.9623500959517,
        802.1584038916671,
        817.8731023643977,
        831.7242173313612,
        809.9931430986497,
        892.8474901767488,
        871.7658456545203,
        767.8405639096625,
        789.39735253615,
        599.1059678853759,
        800.3652745272578,
        679.688539295336,
        742.3078026216265,
        1111.286014538175,
        525.7828439606283,
        592.7029557990953,
        1010.7563505671612,
        1541.4474725660734,
        1337.9957284140442,
        816.5179581044181
    ],
    "avg_episode_length": [
        96.83333333333333,
        96.2,
        101.4,
        108.8,
        88.28571428571429,
        89.83333333333333,
        102.0,
        96.0,
        177.5,
        148.0,
        174.0,
        181.5,
        181.0,
        280.0,
        139.75,
        116.8,
        136.0,
        212.5,
        163.33333333333334,
        390.0,
        189.66666666666666,
        166.5,
        151.66666666666666,
        187.0,
        265.5,
        280.0,
        192.0,
        221.0,
        253.66666666666666,
        null,
        287.0,
        227.5,
        257.5,
        199.0,
        279.5,
        232.0,
        358.0,
        292.0,
        300.5,
        252.5,
        740.0,
        null,
        407.0,
        222.33333333333334,
        402.0,
        680.0,
        349.5,
        248.5,
        251.0,
        562.0,
        347.0,
        612.5,
        null,
        352.5,
        740.0,
        218.0,
        561.0,
        379.0,
        173.5,
        142.0,
        345.0,
        226.66666666666666,
        260.0,
        234.5,
        345.0,
        366.0,
        292.5,
        384.0,
        301.5,
        272.5,
        336.0,
        325.0,
        483.0,
        314.5,
        417.0,
        229.5,
        null,
        198.0,
        251.5,
        249.0,
        256.0,
        252.0,
        281.0,
        292.5,
        268.5,
        260.5,
        189.0,
        272.0,
        209.5,
        228.5,
        332.5,
        182.0,
        200.0,
        308.0,
        473.0,
        431.0,
        264.3333333333333
    ]
}