{
    "steps": [
        10240,
        20480,
        30720,
        40960,
        51200,
        61440,
        71680,
        81920,
        92160,
        102400,
        112640,
        122880,
        133120,
        143360,
        153600,
        163840,
        174080,
        184320,
        194560,
        204800,
        215040,
        225280,
        235520,
        245760,
        256000,
        266240,
        276480,
        286720,
        296960,
        307200,
        317440,
        327680,
        337920,
        348160,
        358400,
        368640,
        378880,
        389120,
        399360,
        409600,
        419840,
        430080,
        440320,
        450560,
        460800,
        471040,
        481280,
        491520,
        501760,
        512000,
        522240,
        532480,
        542720,
        552960,
        563200,
        573440,
        583680,
        593920,
        604160,
        614400,
        624640,
        634880,
        645120,
        655360,
        665600,
        675840,
        686080,
        696320,
        706560,
        716800,
        727040,
        737280,
        747520,
        757760,
        768000,
        778240,
        788480,
        798720,
        808960,
        819200,
        829440,
        839680,
        849920,
        860160,
        870400,
        880640,
        890880,
        901120,
        911360,
        921600,
        931840,
        942080,
        952320,
        962560,
        972800,
        983040,
        993280
    ],
    "avg_episodic_reward": [
        24.784662656145777,
        30.64683872099667,
        30.12572528464564,
        34.84513072597049,
        36.50440727284943,
        36.562631592926806,
        34.64008232291373,
        35.47502236415926,
        37.47507781796459,
        42.42012363296183,
        41.6427802719748,
        47.018202446016645,
        50.59815049759209,
        48.93235490134469,
        54.05270636834862,
        52.18579799619104,
        53.08700115813079,
        55.87010753218881,
        54.23403995017145,
        56.661198860640106,
        57.62431890200753,
        59.12054328962288,
        63.65554082327915,
        63.038048581479785,
        63.30936593087401,
        67.75341700037772,
        70.3661027676684,
        68.80170964185695,
        76.69280470739811,
        73.41255965984195,
        77.65719514236055,
        71.78011251025687,
        75.41577298504822,
        83.70028476438401,
        83.4441938663469,
        81.92977216306593,
        81.69335287627186,
        80.54762485937493,
        75.07943341182666,
        72.82088343655161,
        79.2044072243539,
        87.22660644049967,
        87.89539614492787,
        93.29218502072334,
        92.10098960540526,
        95.5236697294204,
        95.68329253248787,
        87.7459694504511,
        97.1789264586908,
        94.88266500645246,
        91.95085437494198,
        92.79326303102349,
        92.27728422599367,
        96.21005879098226,
        93.13147395420862,
        94.0931004647176,
        93.86013750549125,
        99.50192259348782,
        97.28215614335122,
        101.21855825017664,
        99.0504929076192,
        98.37901392865456,
        98.7026659217799,
        94.44707939971698,
        86.46288526184517,
        100.93723558685986,
        103.463345299132,
        100.6659050386842,
        102.00200721745915,
        99.72534477845434,
        101.33159147375095,
        99.5233568402017,
        100.14100955667249,
        106.52464079833999,
        100.4229612805115,
        104.3885049875936,
        104.49308662226258,
        100.88260612401996,
        102.17425708601513,
        107.49185503608615,
        99.93155777853849,
        102.1577752718303,
        100.53355268256419,
        100.8489163505807,
        99.25490984375124,
        92.4127614366864,
        103.97362331201512,
        103.22072367240227,
        104.85993469028432,
        102.55332530264721,
        98.97673590338296,
        103.38463841141763,
        103.03621616737617,
        108.02640997462034,
        105.76841510643325,
        108.94328007778184,
        107.33973758854091
    ],
    "avg_episode_length": [
        1000.0,
        1000.0,
        1000.0,
        1000.0,
        1000.0,
        1000.0,
        1000.0,
        1000.0,
        1000.0,
        1000.0,
        1000.0,
        1000.0,
        1000.0,
        1000.0,
        1000.0,
        1000.0,
        1000.0,
        1000.0,
        1000.0,
        1000.0,
        1000.0,
        1000.0,
        1000.0,
        1000.0,
        1000.0,
        1000.0,
        1000.0,
        1000.0,
        1000.0,
        1000.0,
        1000.0,
        1000.0,
        1000.0,
        1000.0,
        1000.0,
        1000.0,
        1000.0,
        1000.0,
        1000.0,
        1000.0,
        1000.0,
        1000.0,
        1000.0,
        1000.0,
        1000.0,
        1000.0,
        1000.0,
        1000.0,
        1000.0,
        1000.0,
        1000.0,
        1000.0,
        1000.0,
        1000.0,
        1000.0,
        1000.0,
        1000.0,
        1000.0,
        1000.0,
        1000.0,
        1000.0,
        1000.0,
        1000.0,
        1000.0,
        1000.0,
        1000.0,
        1000.0,
        1000.0,
        1000.0,
        1000.0,
        1000.0,
        1000.0,
        1000.0,
        1000.0,
        1000.0,
        1000.0,
        1000.0,
        1000.0,
        1000.0,
        1000.0,
        1000.0,
        1000.0,
        1000.0,
        1000.0,
        1000.0,
        1000.0,
        1000.0,
        1000.0,
        1000.0,
        1000.0,
        1000.0,
        1000.0,
        1000.0,
        1000.0,
        1000.0,
        1000.0,
        1000.0
    ]
}