{
    "steps": [
        16000,
        32000,
        48000,
        64000,
        80000,
        96000,
        112000,
        128000,
        144000,
        160000,
        176000,
        192000,
        208000,
        224000,
        240000,
        256000,
        272000,
        288000,
        304000,
        320000,
        336000,
        352000,
        368000,
        384000,
        400000,
        416000,
        432000,
        448000,
        464000,
        480000,
        496000,
        512000,
        528000,
        544000,
        560000,
        576000,
        592000,
        608000,
        624000,
        640000,
        656000,
        672000,
        688000,
        704000,
        720000,
        736000,
        752000,
        768000,
        784000,
        800000,
        816000,
        832000,
        848000,
        864000,
        880000,
        896000,
        912000,
        928000,
        944000,
        960000,
        976000,
        992000,
        1008000
    ],
    "avg_episodic_reward": [
        -377.3365343414206,
        -358.3265703132346,
        -361.1348387534365,
        -386.0288506655365,
        -347.23068277643415,
        -389.20629518589965,
        -367.7605273137349,
        -365.8327460488656,
        -334.72631068980576,
        -378.37690188312115,
        -333.4111342331571,
        -391.78632788846744,
        -323.90744473969494,
        -349.3889532566068,
        -344.17180654524236,
        -312.98088582156697,
        -330.9573165909289,
        -349.43061757825814,
        -350.66460218166606,
        -330.0696080544785,
        -322.00770006577164,
        -338.8537814360297,
        -329.2213473066921,
        -346.44601237838475,
        -309.39608393612673,
        -343.69306477332924,
        -298.7817264596723,
        -356.8843644449591,
        -320.3828459605125,
        -372.3273341647283,
        -325.2761862356627,
        -297.8844718219758,
        -328.4404186239134,
        -325.28184852871505,
        -303.45944216444826,
        -306.55870519798043,
        -327.9309915268308,
        -311.5889100325516,
        -298.8437714072187,
        -292.79259904750626,
        -332.36847275973906,
        -289.3388224648163,
        -314.2185207661099,
        -305.0715614136752,
        -297.82574958635877,
        -286.4413115374307,
        -291.1001425817343,
        -266.27308871004334,
        -251.6886206743385,
        -296.7704636171059,
        -290.89975942694264,
        -282.4392504630629,
        -314.6092366074377,
        -282.46613660059006,
        -299.33086385892653,
        -275.2241082255653,
        -255.31290368150593,
        -284.23610234798656,
        -275.40214578831717,
        -241.36368335839592,
        -229.50277538870733,
        -254.40861619123731,
        -284.12781592721603
    ],
    "avg_episode_length": [
        1000.0,
        1000.0,
        1000.0,
        1000.0,
        1000.0,
        1000.0,
        1000.0,
        1000.0,
        1000.0,
        1000.0,
        1000.0,
        1000.0,
        1000.0,
        1000.0,
        1000.0,
        1000.0,
        1000.0,
        1000.0,
        1000.0,
        1000.0,
        1000.0,
        1000.0,
        1000.0,
        1000.0,
        1000.0,
        1000.0,
        1000.0,
        1000.0,
        1000.0,
        1000.0,
        1000.0,
        1000.0,
        1000.0,
        1000.0,
        1000.0,
        1000.0,
        1000.0,
        1000.0,
        1000.0,
        1000.0,
        1000.0,
        1000.0,
        1000.0,
        1000.0,
        1000.0,
        1000.0,
        1000.0,
        1000.0,
        1000.0,
        1000.0,
        1000.0,
        1000.0,
        1000.0,
        1000.0,
        1000.0,
        1000.0,
        1000.0,
        1000.0,
        1000.0,
        1000.0,
        1000.0,
        1000.0,
        1000.0
    ]
}