{
    "steps": [
        16000,
        32000,
        48000,
        64000,
        80000,
        96000,
        112000,
        128000,
        144000,
        160000,
        176000,
        192000,
        208000,
        224000,
        240000,
        256000,
        272000,
        288000,
        304000,
        320000,
        336000,
        352000,
        368000,
        384000,
        400000,
        416000,
        432000,
        448000,
        464000,
        480000,
        496000,
        512000,
        528000,
        544000,
        560000,
        576000,
        592000,
        608000,
        624000,
        640000,
        656000,
        672000,
        688000,
        704000,
        720000,
        736000,
        752000,
        768000,
        784000,
        800000,
        816000,
        832000,
        848000,
        864000,
        880000,
        896000,
        912000,
        928000,
        944000,
        960000,
        976000,
        992000,
        1008000
    ],
    "avg_episodic_reward": [
        2.1121953835600094,
        11.872191651529807,
        16.795754760413423,
        17.757012199713593,
        26.372352377134266,
        32.89479515455928,
        38.88989885402377,
        36.053321419343206,
        36.77225266528963,
        40.49720023176485,
        44.82758145574166,
        44.00288902681585,
        42.917735694810005,
        48.79436411650511,
        45.38266565517377,
        49.47532911312983,
        51.98492618871506,
        56.38219362568883,
        61.46978412808973,
        61.976589744408614,
        59.82300639430986,
        60.05649965444249,
        54.649877715080876,
        59.49439439304727,
        61.83302008450668,
        70.65976619864207,
        75.90243822069422,
        76.0581766280619,
        74.59153132130584,
        81.94120098877724,
        78.42254287630647,
        88.10206353381997,
        84.54658623480961,
        95.72391821031806,
        103.58377139609357,
        100.01672601724907,
        108.84762300764373,
        119.61475273159581,
        122.74584946064678,
        130.4869492557368,
        128.96432215631444,
        129.12503335112365,
        130.4351901158836,
        133.18791440751423,
        142.3087903230291,
        146.4099573829385,
        149.33130787254794,
        154.92371426339616,
        161.73185302957756,
        164.73585177882484,
        170.7365316929678,
        177.65059314642414,
        183.46811961967967,
        191.33551132342404,
        193.09849112942067,
        195.5910314211934,
        191.74098044054244,
        191.64628881257525,
        190.04564279030376,
        198.6513488910275,
        200.2181741638343,
        203.55416416539606,
        213.45599546184854
    ],
    "avg_episode_length": [
        1000.0,
        1000.0,
        1000.0,
        1000.0,
        1000.0,
        1000.0,
        1000.0,
        1000.0,
        1000.0,
        1000.0,
        1000.0,
        1000.0,
        1000.0,
        1000.0,
        1000.0,
        1000.0,
        1000.0,
        1000.0,
        1000.0,
        1000.0,
        1000.0,
        1000.0,
        1000.0,
        1000.0,
        1000.0,
        1000.0,
        1000.0,
        1000.0,
        1000.0,
        1000.0,
        1000.0,
        1000.0,
        1000.0,
        1000.0,
        1000.0,
        1000.0,
        1000.0,
        1000.0,
        1000.0,
        1000.0,
        1000.0,
        1000.0,
        1000.0,
        1000.0,
        1000.0,
        1000.0,
        1000.0,
        1000.0,
        1000.0,
        1000.0,
        1000.0,
        1000.0,
        1000.0,
        1000.0,
        1000.0,
        1000.0,
        1000.0,
        1000.0,
        1000.0,
        1000.0,
        1000.0,
        1000.0,
        1000.0
    ]
}