{
    "steps": [
        10240,
        20480,
        30720,
        40960,
        51200,
        61440,
        71680,
        81920,
        92160,
        102400,
        112640,
        122880,
        133120,
        143360,
        153600,
        163840,
        174080,
        184320,
        194560,
        204800,
        215040,
        225280,
        235520,
        245760,
        256000,
        266240,
        276480,
        286720,
        296960,
        307200,
        317440,
        327680,
        337920,
        348160,
        358400,
        368640,
        378880,
        389120,
        399360,
        409600,
        419840,
        430080,
        440320,
        450560,
        460800,
        471040,
        481280,
        491520,
        501760,
        512000,
        522240,
        532480,
        542720,
        552960,
        563200,
        573440,
        583680,
        593920,
        604160,
        614400,
        624640,
        634880,
        645120,
        655360,
        665600,
        675840,
        686080,
        696320,
        706560,
        716800,
        727040,
        737280,
        747520,
        757760,
        768000,
        778240,
        788480,
        798720,
        808960,
        819200,
        829440,
        839680,
        849920,
        860160,
        870400,
        880640,
        890880,
        901120,
        911360,
        921600,
        931840,
        942080,
        952320,
        962560,
        972800,
        983040,
        993280
    ],
    "avg_episodic_reward": [
        -235.34864184633423,
        -27.66721084427091,
        -85.65807377478026,
        -65.14704798312388,
        -61.46275111193829,
        -96.1390575667263,
        -27.39756412465499,
        -49.26748781617807,
        13.691104614179082,
        101.04097926757997,
        142.04248767578804,
        61.648980565714524,
        220.8944540757508,
        316.98392310118084,
        303.5123659155821,
        317.90826347137033,
        376.0818954494149,
        420.8586529785653,
        336.3838767366632,
        489.81718384021207,
        422.09149210171944,
        698.1651044538145,
        708.6699758752104,
        991.989339254259,
        868.9903092476907,
        692.8225162744848,
        1120.745406001478,
        1228.0367743892168,
        791.4727849876956,
        1035.241863866634,
        1415.5890989632035,
        688.3545729187902,
        1005.7136304036492,
        1150.095466490328,
        1275.1970443379519,
        1766.9123265536787,
        1622.5194499598304,
        1421.4372785254563,
        1276.3544751620634,
        1964.1708708804185,
        1587.6569638457536,
        1201.9808662586997,
        1366.9140157523832,
        1845.1802079114348,
        1061.3709243679828,
        2131.3100120416125,
        1661.4434969067559,
        1558.5729123402493,
        2142.365204519273,
        1973.1027576843971,
        1647.2137609504248,
        1818.0085934046165,
        2396.603440863354,
        1275.5777315581527,
        1712.0995141715562,
        2017.5977298648404,
        1732.9016056768583,
        928.9833942126015,
        2467.036131903768,
        1810.6939278717332,
        2201.3693450606393,
        1154.0754594020873,
        2609.1048179863947,
        2449.6148861603197,
        2138.848967803324,
        2585.3746871361045,
        2624.4822328639743,
        2598.8551012796393,
        1801.9400412750642,
        2833.4952051678943,
        2179.0012373119166,
        1291.223826849138,
        2839.12556239568,
        1846.8959255053348,
        1620.3388878130347,
        2629.2818021914522,
        2562.4985643333976,
        2850.213554070262,
        2184.8855629577392,
        2909.9249493043644,
        2760.725975190098,
        2898.579672545863,
        2512.3868080153843,
        3000.788976706487,
        2550.9020628687736,
        2943.1705361942704,
        2152.859090104167,
        2318.004280520776,
        1416.8305276342112,
        1440.930558524933,
        3086.2068436447194,
        3060.629220567076,
        2285.5369503836205,
        2608.264490441057,
        1799.0435375155084,
        2973.72319765598,
        2306.710509974967
    ],
    "avg_episode_length": [
        1000.0,
        1000.0,
        1000.0,
        1000.0,
        1000.0,
        1000.0,
        1000.0,
        1000.0,
        1000.0,
        1000.0,
        1000.0,
        1000.0,
        1000.0,
        1000.0,
        1000.0,
        1000.0,
        1000.0,
        1000.0,
        1000.0,
        1000.0,
        1000.0,
        1000.0,
        1000.0,
        1000.0,
        1000.0,
        1000.0,
        1000.0,
        1000.0,
        1000.0,
        1000.0,
        1000.0,
        1000.0,
        1000.0,
        1000.0,
        1000.0,
        1000.0,
        1000.0,
        1000.0,
        1000.0,
        1000.0,
        1000.0,
        1000.0,
        1000.0,
        1000.0,
        1000.0,
        1000.0,
        1000.0,
        1000.0,
        1000.0,
        1000.0,
        1000.0,
        1000.0,
        1000.0,
        1000.0,
        1000.0,
        1000.0,
        1000.0,
        1000.0,
        1000.0,
        1000.0,
        1000.0,
        1000.0,
        1000.0,
        1000.0,
        1000.0,
        1000.0,
        1000.0,
        1000.0,
        1000.0,
        1000.0,
        1000.0,
        1000.0,
        1000.0,
        1000.0,
        1000.0,
        1000.0,
        1000.0,
        1000.0,
        1000.0,
        1000.0,
        1000.0,
        1000.0,
        1000.0,
        1000.0,
        1000.0,
        1000.0,
        1000.0,
        1000.0,
        1000.0,
        1000.0,
        1000.0,
        1000.0,
        1000.0,
        1000.0,
        1000.0,
        1000.0,
        1000.0
    ]
}