{
    "steps": [
        16000,
        32000,
        48000,
        64000,
        80000,
        96000,
        112000,
        128000,
        144000,
        160000,
        176000,
        192000,
        208000,
        224000,
        240000,
        256000,
        272000,
        288000,
        304000,
        320000,
        336000,
        352000,
        368000,
        384000,
        400000,
        416000,
        432000,
        448000,
        464000,
        480000,
        496000,
        512000,
        528000,
        544000,
        560000,
        576000,
        592000,
        608000,
        624000,
        640000,
        656000,
        672000,
        688000,
        704000,
        720000,
        736000,
        752000,
        768000,
        784000,
        800000,
        816000,
        832000,
        848000,
        864000,
        880000,
        896000,
        912000,
        928000,
        944000,
        960000,
        976000,
        992000,
        1008000
    ],
    "avg_episodic_reward": [
        -377.3365343414206,
        -345.56278892546277,
        -376.56953463472746,
        -365.5979936360236,
        -357.4188625744926,
        -376.29371621439105,
        -375.9962126627714,
        -350.54052086873685,
        -332.5800872109206,
        -342.33006003836636,
        -355.8213897379528,
        -360.5507233180289,
        -370.54415938596173,
        -364.10222648529924,
        -376.17640066054116,
        -361.40155873751667,
        -364.67696813121734,
        -364.49658339384973,
        -345.34790510889263,
        -390.6354631132855,
        -342.54192558670525,
        -311.2605636753377,
        -365.37431122584854,
        -390.5071593752819,
        -364.83134969467983,
        -302.52497589478037,
        -305.3091472212392,
        -347.5335831209601,
        -313.81717391197543,
        -369.4739866099102,
        -341.7969524307572,
        -368.9239890105027,
        -335.0482975582431,
        -297.1720750776091,
        -320.5725345089551,
        -338.70371379026375,
        -354.6036727637445,
        -317.98763844528105,
        -307.8572826509335,
        -296.30103801801533,
        -361.79978081762806,
        -318.10471375289876,
        -317.87983945552645,
        -308.2908218636999,
        -276.8706938895946,
        -367.0013206924775,
        -304.75067628006275,
        -335.90664551629897,
        -331.2725396554875,
        -308.97248593266386,
        -307.7856665515566,
        -308.9660910600919,
        -306.21225322117243,
        -314.25004303609876,
        -303.21585512622846,
        -271.13523410896994,
        -339.8812011702365,
        -324.50084493948464,
        -363.109662816497,
        -296.58198514795055,
        -232.2572730258044,
        -254.31154226131932,
        -289.21328538157843
    ],
    "avg_episode_length": [
        1000.0,
        1000.0,
        1000.0,
        1000.0,
        1000.0,
        1000.0,
        1000.0,
        1000.0,
        1000.0,
        1000.0,
        1000.0,
        1000.0,
        1000.0,
        1000.0,
        1000.0,
        1000.0,
        1000.0,
        1000.0,
        1000.0,
        1000.0,
        1000.0,
        1000.0,
        1000.0,
        1000.0,
        1000.0,
        1000.0,
        1000.0,
        1000.0,
        1000.0,
        1000.0,
        1000.0,
        1000.0,
        1000.0,
        1000.0,
        1000.0,
        1000.0,
        1000.0,
        1000.0,
        1000.0,
        1000.0,
        1000.0,
        1000.0,
        1000.0,
        1000.0,
        1000.0,
        1000.0,
        1000.0,
        1000.0,
        1000.0,
        1000.0,
        1000.0,
        1000.0,
        1000.0,
        1000.0,
        1000.0,
        1000.0,
        1000.0,
        1000.0,
        1000.0,
        1000.0,
        1000.0,
        1000.0,
        1000.0
    ]
}