{
    "steps": [
        10240,
        20480,
        30720,
        40960,
        51200,
        61440,
        71680,
        81920,
        92160,
        102400,
        112640,
        122880,
        133120,
        143360,
        153600,
        163840,
        174080,
        184320,
        194560,
        204800,
        215040,
        225280,
        235520,
        245760,
        256000,
        266240,
        276480,
        286720,
        296960,
        307200,
        317440,
        327680,
        337920,
        348160,
        358400,
        368640,
        378880,
        389120,
        399360,
        409600,
        419840,
        430080,
        440320,
        450560,
        460800,
        471040,
        481280,
        491520,
        501760,
        512000,
        522240,
        532480,
        542720,
        552960,
        563200,
        573440,
        583680,
        593920,
        604160,
        614400,
        624640,
        634880,
        645120,
        655360,
        665600,
        675840,
        686080,
        696320,
        706560,
        716800,
        727040,
        737280,
        747520,
        757760,
        768000,
        778240,
        788480,
        798720,
        808960,
        819200,
        829440,
        839680,
        849920,
        860160,
        870400,
        880640,
        890880,
        901120,
        911360,
        921600,
        931840,
        942080,
        952320,
        962560,
        972800,
        983040,
        993280
    ],
    "avg_episodic_reward": [
        -103.24912890313757,
        -29.047080272590314,
        -124.50950699236836,
        9.411847513087018,
        47.3007092065958,
        134.8192599610623,
        47.99749535133363,
        297.00718513438994,
        377.66679875853515,
        329.07124497618923,
        -76.0906205995777,
        530.1817443986413,
        648.6848490563245,
        636.9330325916478,
        501.9589276299078,
        440.5987985701263,
        739.2692193356108,
        763.284122484555,
        887.3004042448085,
        604.175066915908,
        433.8317382521764,
        763.5900062455199,
        381.30395310235366,
        939.6817592689761,
        916.579744623286,
        1029.61728993869,
        1057.3961951519273,
        1056.6194134391699,
        1069.501559834058,
        1144.0597181097792,
        1171.9408107553081,
        1078.0803694433553,
        697.34933740199,
        1325.3566740951776,
        1212.0996971911109,
        542.3426809211649,
        1362.9793245308288,
        1265.0772477296953,
        1344.7730843813924,
        1424.3438370421654,
        1406.273766898944,
        1347.389037092911,
        1370.3570898524977,
        1438.2684695458945,
        1029.3765723474985,
        810.7752073744263,
        1576.429806539396,
        1545.429357399712,
        1441.3961888417712,
        1550.365359881211,
        1553.1372059776506,
        1440.5460182389647,
        1531.7022513679558,
        1494.456975392234,
        1407.308382263455,
        802.8146964508787,
        1609.5252935733542,
        1610.0013275333977,
        1750.3247747363357,
        1666.7940915177542,
        1761.8907674296472,
        1746.8430004641255,
        1885.0665363276232,
        1857.2375919324268,
        1108.8142076980728,
        1808.2331151589522,
        1762.846330228678,
        1824.5715982290978,
        1854.6253898434993,
        1842.5280453965802,
        1879.203115221988,
        1916.8003915113663,
        1874.130044147922,
        1823.5592896482613,
        1854.192436630952,
        1813.5879344119421,
        1836.4285322191013,
        2000.5921450435853,
        2016.4759078732586,
        1890.2199624986947,
        1959.7249024725602,
        1914.2481557178508,
        154.81237430724838,
        2111.021285550397,
        1937.937708243961,
        2083.5262474849997,
        2036.8294870418522,
        2088.962429275903,
        2148.4699922488817,
        2166.2223088719866,
        2278.9190980714384,
        2102.7079877838905,
        2090.981600126095,
        2098.1520007824274,
        2277.1297955774407,
        2238.384567493648,
        2273.760039614622
    ],
    "avg_episode_length": [
        1000.0,
        1000.0,
        1000.0,
        1000.0,
        1000.0,
        1000.0,
        1000.0,
        1000.0,
        1000.0,
        1000.0,
        1000.0,
        1000.0,
        1000.0,
        1000.0,
        1000.0,
        1000.0,
        1000.0,
        1000.0,
        1000.0,
        1000.0,
        1000.0,
        1000.0,
        1000.0,
        1000.0,
        1000.0,
        1000.0,
        1000.0,
        1000.0,
        1000.0,
        1000.0,
        1000.0,
        1000.0,
        1000.0,
        1000.0,
        1000.0,
        1000.0,
        1000.0,
        1000.0,
        1000.0,
        1000.0,
        1000.0,
        1000.0,
        1000.0,
        1000.0,
        1000.0,
        1000.0,
        1000.0,
        1000.0,
        1000.0,
        1000.0,
        1000.0,
        1000.0,
        1000.0,
        1000.0,
        1000.0,
        1000.0,
        1000.0,
        1000.0,
        1000.0,
        1000.0,
        1000.0,
        1000.0,
        1000.0,
        1000.0,
        1000.0,
        1000.0,
        1000.0,
        1000.0,
        1000.0,
        1000.0,
        1000.0,
        1000.0,
        1000.0,
        1000.0,
        1000.0,
        1000.0,
        1000.0,
        1000.0,
        1000.0,
        1000.0,
        1000.0,
        1000.0,
        1000.0,
        1000.0,
        1000.0,
        1000.0,
        1000.0,
        1000.0,
        1000.0,
        1000.0,
        1000.0,
        1000.0,
        1000.0,
        1000.0,
        1000.0,
        1000.0,
        1000.0
    ]
}