{
    "steps": [
        10029,
        20063,
        30082,
        40087,
        50113,
        60125,
        70139,
        80146,
        90147,
        100159,
        110166,
        120195,
        130215,
        140240,
        150261,
        160311,
        170342,
        180378,
        190391,
        200409,
        210431,
        220451,
        230457,
        240467,
        250492,
        260495,
        270531,
        280600,
        290634,
        300658,
        310680,
        320704,
        330751,
        340759,
        350813,
        360832,
        370861,
        380885,
        390907,
        400926,
        410946,
        421004,
        431040,
        441081,
        451086,
        461098,
        471123,
        481184,
        491199,
        501199,
        511245,
        521298,
        531331,
        541359,
        551363,
        561376,
        571384,
        581399,
        591404,
        601462,
        611477,
        621527,
        631537,
        641551,
        651633,
        661639,
        671694,
        681698,
        691734,
        701770,
        711804,
        721841,
        731870,
        741887,
        751929,
        761982,
        771985,
        781987,
        792006,
        802063,
        812083,
        822083,
        832092,
        842122,
        852122,
        862162,
        872192,
        882206,
        892247,
        902250,
        912270,
        922286,
        932320,
        942322,
        952366,
        962421,
        972440,
        982458,
        992485
    ],
    "avg_episodic_reward": [
        136.7941603173315,
        118.16254067850966,
        120.50426216026574,
        115.83607031559436,
        120.24022965561478,
        129.6015880917007,
        134.35545425894392,
        110.92203539166735,
        108.79142516698394,
        127.31427480178371,
        111.09588250143926,
        132.16990214034377,
        122.64994521101252,
        111.06570665469212,
        101.86475443601098,
        118.06388186542104,
        132.0003520805942,
        122.72917717350208,
        134.45724689320417,
        136.562319823585,
        141.38251410299063,
        138.86933163168518,
        127.35565694007084,
        120.46025297024265,
        108.68879375293315,
        113.56459979674283,
        108.65768399568506,
        162.01169446449563,
        145.89471324749724,
        122.9220870543701,
        115.6344799203227,
        133.64536588553423,
        136.66746589360173,
        166.5864826292049,
        174.1332653577613,
        143.4813058972153,
        136.47077601642235,
        122.58249703820783,
        157.07190665613575,
        154.88519932629475,
        141.44919043635298,
        160.02148431130553,
        157.25120021791096,
        145.74707657407873,
        167.0014961748016,
        131.79785960203637,
        135.76387385452477,
        152.73639477106522,
        159.90975851014147,
        161.97561111039005,
        145.43904067100434,
        127.00971585441495,
        129.54374876059137,
        166.50657744780938,
        153.1183221177316,
        143.34374651170674,
        124.66582456342549,
        140.49439101766117,
        143.39047739763905,
        143.4113340639663,
        164.9490144449743,
        129.5191803513795,
        131.53320348153724,
        164.43734144465878,
        199.62217635649688,
        145.7707063625415,
        136.37033438408548,
        150.5827187410772,
        159.59415214042184,
        131.70982584034218,
        122.45880021618413,
        145.5269499654343,
        152.43715199673815,
        143.7054098692092,
        127.18931604433553,
        143.59867912914672,
        129.68111796376817,
        132.0472840054104,
        138.44016635622773,
        157.32038634898652,
        138.25414403815194,
        120.37318871101641,
        127.32697811323442,
        115.67518637351023,
        127.38793425341187,
        146.21396497969755,
        153.1410315731084,
        146.25413979103877,
        150.68678390950504,
        129.9065770710983,
        115.85019538963994,
        118.1360568759914,
        131.79187865388874,
        118.00318154209033,
        113.53569184713322,
        157.66633517183487,
        148.14050663320066,
        122.66390477931758,
        143.5265455438738
    ],
    "avg_episode_length": [
        14.75,
        12.75,
        13.0,
        12.5,
        13.0,
        14.0,
        14.5,
        12.0,
        11.75,
        13.75,
        12.0,
        14.25,
        13.25,
        12.0,
        11.0,
        12.75,
        14.25,
        13.25,
        14.5,
        14.75,
        15.25,
        15.0,
        13.75,
        13.0,
        11.75,
        12.25,
        11.75,
        17.5,
        15.75,
        13.25,
        12.5,
        14.5,
        14.75,
        18.0,
        18.75,
        15.5,
        14.75,
        13.25,
        17.0,
        16.75,
        15.25,
        17.25,
        17.0,
        15.75,
        18.0,
        14.25,
        14.75,
        16.5,
        17.25,
        17.5,
        15.75,
        13.75,
        14.0,
        18.0,
        16.5,
        15.5,
        13.5,
        15.25,
        15.5,
        15.5,
        17.75,
        14.0,
        14.25,
        17.75,
        21.5,
        15.75,
        14.75,
        16.25,
        17.25,
        14.25,
        13.25,
        15.75,
        16.5,
        15.5,
        13.75,
        15.5,
        14.0,
        14.25,
        15.0,
        17.0,
        15.0,
        13.0,
        13.75,
        12.5,
        13.75,
        15.75,
        16.5,
        15.75,
        16.25,
        14.0,
        12.5,
        12.75,
        14.25,
        12.75,
        12.25,
        17.0,
        16.0,
        13.25,
        15.5
    ]
}