{
    "steps": [
        10240,
        20480,
        30720,
        40960,
        51200,
        61440,
        71680,
        81920,
        92160,
        102400,
        112640,
        122880,
        133120,
        143360,
        153600,
        163840,
        174080,
        184320,
        194560,
        204800,
        215040,
        225280,
        235520,
        245760,
        256000,
        266240,
        276480,
        286720,
        296960,
        307200,
        317440,
        327680,
        337920,
        348160,
        358400,
        368640,
        378880,
        389120,
        399360,
        409600,
        419840,
        430080,
        440320,
        450560,
        460800,
        471040,
        481280,
        491520,
        501760,
        512000,
        522240,
        532480,
        542720,
        552960,
        563200,
        573440,
        583680,
        593920,
        604160,
        614400,
        624640,
        634880,
        645120,
        655360,
        665600,
        675840,
        686080,
        696320,
        706560,
        716800,
        727040,
        737280,
        747520,
        757760,
        768000,
        778240,
        788480,
        798720,
        808960,
        819200,
        829440,
        839680,
        849920,
        860160,
        870400,
        880640,
        890880,
        901120,
        911360,
        921600,
        931840,
        942080,
        952320,
        962560,
        972800,
        983040,
        993280
    ],
    "avg_episodic_reward": [
        -154.75004262968292,
        -91.21926356622095,
        -110.32123350707049,
        -174.59604395884594,
        -135.3717819942351,
        -37.15100315004395,
        -51.53210555123093,
        -132.366109054145,
        -118.25247240856773,
        -64.20924629345025,
        26.440266129884485,
        -71.48214390783505,
        -10.510969950278174,
        -85.68179239647654,
        107.93140716840438,
        100.81764303197033,
        18.946215211026182,
        72.96631374882915,
        134.81550623528818,
        138.38992156433977,
        115.77937422962019,
        91.1127327221142,
        107.03266910083487,
        232.6121244226785,
        273.46356874702843,
        152.18082149735685,
        164.47815294547712,
        169.3382674087182,
        132.16652912850816,
        311.26639257735894,
        445.8749808617681,
        365.2070290343528,
        423.36844787202557,
        411.2403062295831,
        587.0114687173251,
        564.8399000955383,
        653.196491783392,
        515.3216206692852,
        760.751210251302,
        621.5140852260787,
        620.6089814920351,
        424.1472848618398,
        400.3795964993311,
        708.9639332685576,
        1040.8755394113714,
        962.6871013682061,
        1097.82906106141,
        820.8666659229311,
        524.2791230823311,
        417.24919150791857,
        1134.5509058134571,
        874.8318343982049,
        998.4359410237596,
        1154.9181310607858,
        739.1754571999019,
        449.6840622092763,
        1285.9791026854523,
        1010.9790057095654,
        1058.015400318484,
        1279.9059296250537,
        1025.6004688147686,
        687.7156471254291,
        1484.8112065156924,
        1433.648867831909,
        1491.9439551538833,
        1047.9282925145476,
        568.5447762586101,
        1156.62071822593,
        1454.548002701738,
        1557.427911466972,
        1650.830534529805,
        1050.6603277202728,
        1330.1189858467283,
        857.2463163178627,
        1679.7323703633317,
        744.8591971990786,
        1723.682498806494,
        1466.3301289238607,
        1218.508386341919,
        1823.9227863996925,
        1698.8311187076422,
        1076.744088190074,
        1694.743582664023,
        1861.532223586681,
        1220.1224122353362,
        1183.3182950736054,
        691.251373547316,
        1833.3075421601206,
        969.656036059168,
        2002.3926173956095,
        623.9719739914914,
        1405.0206597800677,
        1660.7086422278207,
        922.6439319562588,
        2070.55715453035,
        1503.3283805200808,
        2036.0098442673714
    ],
    "avg_episode_length": [
        1000.0,
        1000.0,
        1000.0,
        1000.0,
        1000.0,
        1000.0,
        1000.0,
        1000.0,
        1000.0,
        1000.0,
        1000.0,
        1000.0,
        1000.0,
        1000.0,
        1000.0,
        1000.0,
        1000.0,
        1000.0,
        1000.0,
        1000.0,
        1000.0,
        1000.0,
        1000.0,
        1000.0,
        1000.0,
        1000.0,
        1000.0,
        1000.0,
        1000.0,
        1000.0,
        1000.0,
        1000.0,
        1000.0,
        1000.0,
        1000.0,
        1000.0,
        1000.0,
        1000.0,
        1000.0,
        1000.0,
        1000.0,
        1000.0,
        1000.0,
        1000.0,
        1000.0,
        1000.0,
        1000.0,
        1000.0,
        1000.0,
        1000.0,
        1000.0,
        1000.0,
        1000.0,
        1000.0,
        1000.0,
        1000.0,
        1000.0,
        1000.0,
        1000.0,
        1000.0,
        1000.0,
        1000.0,
        1000.0,
        1000.0,
        1000.0,
        1000.0,
        1000.0,
        1000.0,
        1000.0,
        1000.0,
        1000.0,
        1000.0,
        1000.0,
        1000.0,
        1000.0,
        1000.0,
        1000.0,
        1000.0,
        1000.0,
        1000.0,
        1000.0,
        1000.0,
        1000.0,
        1000.0,
        1000.0,
        1000.0,
        1000.0,
        1000.0,
        1000.0,
        1000.0,
        1000.0,
        1000.0,
        1000.0,
        1000.0,
        1000.0,
        1000.0,
        1000.0
    ]
}