{
    "steps": [
        64000,
        128000,
        192000,
        256000,
        320000,
        384000,
        448000,
        512000,
        576000,
        640000,
        704000,
        768000,
        832000,
        896000,
        960000,
        1024000
    ],
    "avg_episodic_reward": [
        -5.379658813917301,
        -5.072374401694439,
        1.9199916432061555,
        3.1952539860224993,
        10.918506007751088,
        15.73116076709697,
        24.312671097322134,
        30.469050410453505,
        34.38370818652815,
        38.11005131708543,
        45.57034957729713,
        48.73958619211355,
        49.472054885837636,
        51.29506495399786,
        57.193918973265625,
        58.303529823888454
    ],
    "avg_episode_length": [
        1000.0,
        1000.0,
        1000.0,
        1000.0,
        1000.0,
        1000.0,
        1000.0,
        1000.0,
        1000.0,
        1000.0,
        1000.0,
        1000.0,
        1000.0,
        1000.0,
        1000.0,
        1000.0
    ]
}