{
    "steps": [
        10240,
        20480,
        30720,
        40960,
        51200,
        61440,
        71680,
        81920,
        92160,
        102400,
        112640,
        122880,
        133120,
        143360,
        153600,
        163840,
        174080,
        184320,
        194560,
        204800,
        215040,
        225280,
        235520,
        245760,
        256000,
        266240,
        276480,
        286720,
        296960,
        307200,
        317440,
        327680,
        337920,
        348160,
        358400,
        368640,
        378880,
        389120,
        399360,
        409600,
        419840,
        430080,
        440320,
        450560,
        460800,
        471040,
        481280,
        491520,
        501760,
        512000,
        522240,
        532480,
        542720,
        552960,
        563200,
        573440,
        583680,
        593920,
        604160,
        614400,
        624640,
        634880,
        645120,
        655360,
        665600,
        675840,
        686080,
        696320,
        706560,
        716800,
        727040,
        737280,
        747520,
        757760,
        768000,
        778240,
        788480,
        798720,
        808960,
        819200,
        829440,
        839680,
        849920,
        860160,
        870400,
        880640,
        890880,
        901120,
        911360,
        921600,
        931840,
        942080,
        952320,
        962560,
        972800,
        983040,
        993280
    ],
    "avg_episodic_reward": [
        153.54098768793747,
        299.6889221931045,
        266.2089772846628,
        402.0877446203972,
        285.46486471884236,
        293.3361659034709,
        400.8211532113955,
        427.3587140953924,
        308.8308058104911,
        349.4411231129291,
        410.34508842632385,
        1101.451792954946,
        985.5770230395949,
        171.9894948845859,
        141.1919324942882,
        184.54511171310142,
        306.4355547453206,
        305.93849609535056,
        354.4934170689177,
        606.3159291383532,
        1179.4437439879086,
        1904.2082768892726,
        null,
        386.7748866641002,
        1357.3877810064803,
        9354.26446322028,
        528.2534937374353,
        1196.7660093040913,
        null,
        2002.2117180284852,
        4424.22927348812,
        6142.342541861179,
        275.1626836678025,
        310.98822846963594,
        894.082088587141,
        395.340623644613,
        null,
        274.13420946005726,
        824.0035118319291,
        963.6603506285181,
        698.3859089418244,
        1403.5125722750863,
        9320.516169649034,
        1742.606779682779,
        3697.549371780053,
        null,
        3852.6902590949535,
        2118.3254566843066,
        null,
        1313.8122481381158,
        8787.851078990065,
        null,
        7442.663970657123,
        9333.749521258114,
        9335.336936373124,
        1197.2977355927276,
        null,
        null,
        829.7522764368545,
        4454.544659616496,
        6763.970701866567,
        4494.532859641235,
        null,
        3429.831534304127,
        null,
        3476.837793734967,
        3471.704945665937,
        6701.50857278978,
        7870.744463218123,
        2463.9599792997597,
        4730.458969013073,
        2852.513484232363,
        null,
        null,
        null,
        556.7406036904631,
        492.74638288206654,
        null,
        1443.694304196677,
        null,
        2505.276616561655,
        null,
        null,
        9353.124776894547,
        9356.380420426958,
        3145.3696909989267,
        null,
        9349.01301979648,
        null,
        9354.207862625955,
        1511.9198702359354,
        null,
        null,
        8553.051962617938,
        9352.281784845376,
        null,
        9355.532951279978
    ],
    "avg_episode_length": [
        16.6,
        32.3125,
        28.72222222222222,
        43.25,
        30.764705882352942,
        31.625,
        43.09090909090909,
        45.90909090909091,
        33.333333333333336,
        37.642857142857146,
        44.09090909090909,
        118.0,
        105.8,
        18.62962962962963,
        15.294117647058824,
        20.0,
        33.125,
        33.0625,
        38.214285714285715,
        65.125,
        126.5,
        204.33333333333334,
        null,
        41.583333333333336,
        145.33333333333334,
        1000.0,
        56.77777777777778,
        128.5,
        null,
        214.66666666666666,
        475.0,
        659.0,
        29.647058823529413,
        33.46666666666667,
        95.8,
        42.63636363636363,
        null,
        29.647058823529413,
        88.5,
        103.5,
        75.0,
        150.25,
        1000.0,
        187.0,
        396.5,
        null,
        413.0,
        227.33333333333334,
        null,
        141.0,
        942.0,
        null,
        798.0,
        1000.0,
        1000.0,
        128.5,
        null,
        null,
        89.33333333333333,
        478.0,
        727.0,
        483.0,
        null,
        368.0,
        null,
        372.6666666666667,
        372.0,
        718.0,
        844.0,
        264.5,
        506.5,
        305.5,
        null,
        null,
        null,
        59.77777777777778,
        53.0,
        null,
        155.0,
        null,
        268.6666666666667,
        null,
        null,
        1000.0,
        1000.0,
        336.5,
        null,
        1000.0,
        null,
        1000.0,
        162.33333333333334,
        null,
        null,
        915.0,
        1000.0,
        null,
        1000.0
    ]
}