{
    "steps": [
        16000,
        32000,
        48000,
        64000,
        80000,
        96000,
        112000,
        128000,
        144000,
        160000,
        176000,
        192000,
        208000,
        224000,
        240000,
        256000,
        272000,
        288000,
        304000,
        320000,
        336000,
        352000,
        368000,
        384000,
        400000,
        416000,
        432000,
        448000,
        464000,
        480000,
        496000,
        512000,
        528000,
        544000,
        560000,
        576000,
        592000,
        608000,
        624000,
        640000,
        656000,
        672000,
        688000,
        704000,
        720000,
        736000,
        752000,
        768000,
        784000,
        800000,
        816000,
        832000,
        848000,
        864000,
        880000,
        896000,
        912000,
        928000,
        944000,
        960000,
        976000,
        992000,
        1008000
    ],
    "avg_episodic_reward": [
        -247.633574000383,
        -242.10958111060773,
        -173.88211906769092,
        -212.3445200979312,
        -196.06876962402703,
        -215.83337450587237,
        -232.311881783636,
        -211.72222791473786,
        -198.00396728049327,
        -183.74838063287484,
        -179.78803183274044,
        -190.33840158085383,
        -182.39976216391085,
        -182.9655724295929,
        -168.71383426421392,
        -162.0311049260257,
        -180.9113356547814,
        -185.59439766313128,
        -149.16783288907567,
        -160.948973503451,
        -122.53978697596521,
        -137.29995907297956,
        -102.9829846375513,
        -116.11300618323014,
        -117.07579163305272,
        -118.27518451764227,
        -108.07072890836868,
        -108.98178797694658,
        -96.71315689452459,
        -91.19062508353363,
        -83.60406003462788,
        -65.5191621162421,
        -67.89535229655453,
        -64.81643993312196,
        -111.9484208073187,
        -83.02162459042489,
        -64.97814866800988,
        -79.17490977487674,
        -53.169254186427295,
        -52.238373508583614,
        -53.241192070737576,
        -35.309193461914845,
        -65.54076889163917,
        -55.17626991971446,
        -51.91290638931571,
        -26.063134584129486,
        -57.202135029202594,
        -72.35748745540593,
        -31.544132025997573,
        -36.39411836173679,
        -15.823598591400213,
        -14.383279411819723,
        -15.623613305960482,
        -14.738398543978665,
        1.899045238109788,
        6.080178504102586,
        -48.003261313960174,
        -5.489973766840288,
        19.540688950045404,
        -13.493436051104457,
        12.621162362209681,
        1.4506807922287575,
        -29.593934687039773
    ],
    "avg_episode_length": [
        1000.0,
        1000.0,
        1000.0,
        1000.0,
        1000.0,
        1000.0,
        1000.0,
        1000.0,
        1000.0,
        1000.0,
        1000.0,
        1000.0,
        1000.0,
        1000.0,
        1000.0,
        1000.0,
        1000.0,
        1000.0,
        1000.0,
        1000.0,
        1000.0,
        1000.0,
        1000.0,
        1000.0,
        1000.0,
        1000.0,
        1000.0,
        1000.0,
        1000.0,
        1000.0,
        1000.0,
        1000.0,
        1000.0,
        1000.0,
        1000.0,
        1000.0,
        1000.0,
        1000.0,
        1000.0,
        1000.0,
        1000.0,
        1000.0,
        1000.0,
        1000.0,
        1000.0,
        1000.0,
        1000.0,
        1000.0,
        1000.0,
        1000.0,
        1000.0,
        1000.0,
        1000.0,
        1000.0,
        1000.0,
        1000.0,
        1000.0,
        1000.0,
        1000.0,
        1000.0,
        1000.0,
        1000.0,
        1000.0
    ]
}