{
    "steps": [
        10240,
        20480,
        30720,
        40960,
        51200,
        61440,
        71680,
        81920,
        92160,
        102400,
        112640,
        122880,
        133120,
        143360,
        153600,
        163840,
        174080,
        184320,
        194560,
        204800,
        215040,
        225280,
        235520,
        245760,
        256000,
        266240,
        276480,
        286720,
        296960,
        307200,
        317440,
        327680,
        337920,
        348160,
        358400,
        368640,
        378880,
        389120,
        399360,
        409600,
        419840,
        430080,
        440320,
        450560,
        460800,
        471040,
        481280,
        491520,
        501760,
        512000,
        522240,
        532480,
        542720,
        552960,
        563200,
        573440,
        583680,
        593920,
        604160,
        614400,
        624640,
        634880,
        645120,
        655360,
        665600,
        675840,
        686080,
        696320,
        706560,
        716800,
        727040,
        737280,
        747520,
        757760,
        768000,
        778240,
        788480,
        798720,
        808960,
        819200,
        829440,
        839680,
        849920,
        860160,
        870400,
        880640,
        890880,
        901120,
        911360,
        921600,
        931840,
        942080,
        952320,
        962560,
        972800,
        983040,
        993280
    ],
    "avg_episodic_reward": [
        36.18189838438365,
        168.79095355463832,
        302.1088378090786,
        292.85088584305424,
        289.19361249693884,
        288.9279343134632,
        288.78518143019807,
        285.71677628579386,
        335.31099715753146,
        371.42312292827035,
        364.80055495580626,
        381.0319325851851,
        388.7527899343188,
        401.7188785653529,
        430.0611906541435,
        429.3152943258967,
        431.6480069705383,
        447.98450305409426,
        454.9473381025883,
        467.31098852552253,
        477.3955799255366,
        512.4009034654905,
        535.5761621553032,
        561.4663368029454,
        620.25286850479,
        841.8716435844104,
        1014.5291533807258,
        1111.8196442705614,
        699.1747806545765,
        902.5606501296649,
        705.9847114720999,
        982.8184653155804,
        1082.2834609104452,
        829.3372236416461,
        908.6461771624168,
        1185.5528858386167,
        928.6544889604346,
        941.9166454748726,
        824.6090367912802,
        1880.3525534005737,
        1238.5677634454228,
        984.407461355794,
        1247.2600872098544,
        1199.0397699419075,
        1044.855562467378,
        1152.526818502209,
        1117.195929607486,
        1192.416459069867,
        1034.080368579749,
        961.4987870469291,
        1030.0449862269265,
        1443.0548311876078,
        1119.244008160118,
        1292.8231177116877,
        861.5742108858739,
        1168.282776664621,
        1274.4156777981098,
        1420.7727824285234,
        1716.700684377171,
        818.2055590948728,
        1151.1295503412098,
        1695.99298009719,
        1247.6212060653475,
        1276.4847830708968,
        2088.7103520018736,
        962.9725623387257,
        893.4464868245553,
        1142.9623488725979,
        1406.0548030963905,
        1849.0392974260003,
        1272.8936380735092,
        1379.2267953482328,
        1682.865279943347,
        974.4702383937529,
        1207.6194707945301,
        2130.4762251192897,
        1333.0392024434987,
        2086.513567258864,
        1739.3396657634046,
        2219.4484118529203,
        1631.1577173627422,
        1832.775417451202,
        1648.0738534652237,
        1226.1454136384277,
        1625.8172977456218,
        1506.9107180052606,
        1346.0650796298796,
        1141.511897461578,
        1338.709768003037,
        1247.3923240111646,
        1758.577042775245,
        1687.9265739292453,
        2179.115952104762,
        1657.0349956579348,
        1795.408443872771,
        3444.0685979762948,
        2836.0635150644166
    ],
    "avg_episode_length": [
        86.69565217391305,
        200.7,
        238.71428571428572,
        183.41666666666666,
        174.5,
        167.16666666666666,
        166.66666666666666,
        159.6153846153846,
        176.58333333333334,
        190.1,
        178.83333333333334,
        185.72727272727272,
        188.0909090909091,
        185.0,
        202.9,
        193.8,
        189.0909090909091,
        191.8181818181818,
        190.0909090909091,
        195.63636363636363,
        194.36363636363637,
        209.9,
        217.22222222222223,
        226.44444444444446,
        239.0,
        390.4,
        455.3333333333333,
        443.2,
        273.0,
        388.4,
        274.125,
        369.6,
        407.4,
        299.7142857142857,
        326.3333333333333,
        452.0,
        320.7142857142857,
        338.6666666666667,
        296.57142857142856,
        681.6666666666666,
        427.8,
        342.8333333333333,
        434.4,
        420.2,
        373.4,
        404.3333333333333,
        381.2,
        415.4,
        350.5,
        341.5,
        345.5,
        493.4,
        371.0,
        439.2,
        286.1666666666667,
        382.0,
        422.0,
        489.0,
        568.25,
        281.0,
        366.8,
        582.6,
        401.8,
        426.2,
        716.6666666666666,
        312.42857142857144,
        300.875,
        357.8333333333333,
        438.0,
        616.6666666666666,
        397.2,
        413.6,
        502.5,
        306.6,
        366.0,
        738.6666666666666,
        408.8,
        647.0,
        519.25,
        660.6666666666666,
        538.4,
        565.5,
        486.75,
        375.6,
        520.25,
        474.5,
        413.4,
        350.0,
        527.5,
        379.0,
        519.5,
        727.0,
        636.0,
        496.0,
        524.75,
        1000.0,
        857.0
    ]
}