{
    "steps": [
        10240,
        20480,
        30720,
        40960,
        51200,
        61440,
        71680,
        81920,
        92160,
        102400,
        112640,
        122880,
        133120,
        143360,
        153600,
        163840,
        174080,
        184320,
        194560,
        204800,
        215040,
        225280,
        235520,
        245760,
        256000,
        266240,
        276480,
        286720,
        296960,
        307200,
        317440,
        327680,
        337920,
        348160,
        358400,
        368640,
        378880,
        389120,
        399360,
        409600,
        419840,
        430080,
        440320,
        450560,
        460800,
        471040,
        481280,
        491520,
        501760,
        512000,
        522240,
        532480,
        542720,
        552960,
        563200,
        573440,
        583680,
        593920,
        604160,
        614400,
        624640,
        634880,
        645120,
        655360,
        665600,
        675840,
        686080,
        696320,
        706560,
        716800,
        727040,
        737280,
        747520,
        757760,
        768000,
        778240,
        788480,
        798720,
        808960,
        819200,
        829440,
        839680,
        849920,
        860160,
        870400,
        880640,
        890880,
        901120,
        911360,
        921600,
        931840,
        942080,
        952320,
        962560,
        972800,
        983040,
        993280
    ],
    "avg_episodic_reward": [
        -325.7725154097231,
        -345.64047852677106,
        -361.9673333688777,
        -344.4554195019015,
        -301.85473756573333,
        -264.462428010373,
        -220.3083318892438,
        -268.31579530385,
        -176.2404961503685,
        -209.51840649749084,
        -150.76071855027973,
        -18.631407341232624,
        -214.79332505247777,
        -160.22970159976413,
        -58.6573671518505,
        -31.12027122914401,
        -91.41579268043797,
        148.18697114501427,
        -30.997531651268964,
        32.6677228922686,
        218.17075002934735,
        224.341599199939,
        393.3191575370672,
        142.07338140421012,
        165.02919139699557,
        490.38152106997313,
        89.40634788828885,
        295.3224723398403,
        497.98367945856705,
        787.8819397800879,
        229.03960978611332,
        223.41148329644295,
        334.19356429549646,
        859.9116443579524,
        509.24627880904336,
        411.6752977392196,
        608.8568508855758,
        799.4038187623989,
        913.1755846204694,
        952.134303941199,
        788.0800847895493,
        959.1220339377669,
        1058.1409128798834,
        989.7297221604327,
        1110.1573031411833,
        926.2934417427109,
        1201.9449831284655,
        1322.2082687209888,
        1294.4671675918378,
        1199.4190904174043,
        1348.829386027289,
        1405.4987816745606,
        1603.547890265993,
        1506.8548375303953,
        1614.324128803606,
        1781.2096442159352,
        1401.0071069791288,
        1667.489350151625,
        1357.9350708957654,
        2103.8534638357846,
        1569.5787059944817,
        2278.0492531913096,
        2245.3712656123885,
        2342.0321523261528,
        2273.4413690327847,
        1504.9186676953452,
        2233.523531604478,
        1911.8814786471785,
        1668.5408600876008,
        1977.1064750296757,
        2359.8274588486624,
        2136.10677356384,
        2427.0585062963564,
        2448.193061191792,
        2225.666252416246,
        2655.281981436144,
        2245.9458855277126,
        2720.668241706787,
        2779.0362041313756,
        2795.423300137203,
        2815.0347939877083,
        2740.144484070982,
        2974.919233501807,
        2972.6501372708017,
        2013.013421310858,
        2934.258715536933,
        2982.235651456859,
        2948.237962812116,
        3094.7384159341614,
        2348.273827842621,
        1850.3830817525482,
        2335.534013537822,
        3106.026142655034,
        3150.304544298329,
        2394.5564820704626,
        2897.0258136652196,
        3111.859204460767
    ],
    "avg_episode_length": [
        1000.0,
        1000.0,
        1000.0,
        1000.0,
        1000.0,
        1000.0,
        1000.0,
        1000.0,
        1000.0,
        1000.0,
        1000.0,
        1000.0,
        1000.0,
        1000.0,
        1000.0,
        1000.0,
        1000.0,
        1000.0,
        1000.0,
        1000.0,
        1000.0,
        1000.0,
        1000.0,
        1000.0,
        1000.0,
        1000.0,
        1000.0,
        1000.0,
        1000.0,
        1000.0,
        1000.0,
        1000.0,
        1000.0,
        1000.0,
        1000.0,
        1000.0,
        1000.0,
        1000.0,
        1000.0,
        1000.0,
        1000.0,
        1000.0,
        1000.0,
        1000.0,
        1000.0,
        1000.0,
        1000.0,
        1000.0,
        1000.0,
        1000.0,
        1000.0,
        1000.0,
        1000.0,
        1000.0,
        1000.0,
        1000.0,
        1000.0,
        1000.0,
        1000.0,
        1000.0,
        1000.0,
        1000.0,
        1000.0,
        1000.0,
        1000.0,
        1000.0,
        1000.0,
        1000.0,
        1000.0,
        1000.0,
        1000.0,
        1000.0,
        1000.0,
        1000.0,
        1000.0,
        1000.0,
        1000.0,
        1000.0,
        1000.0,
        1000.0,
        1000.0,
        1000.0,
        1000.0,
        1000.0,
        1000.0,
        1000.0,
        1000.0,
        1000.0,
        1000.0,
        1000.0,
        1000.0,
        1000.0,
        1000.0,
        1000.0,
        1000.0,
        1000.0,
        1000.0
    ]
}