{
    "steps": [
        16000,
        32000,
        48000,
        64000,
        80000,
        96000,
        112000,
        128000,
        144000,
        160000,
        176000,
        192000,
        208000,
        224000,
        240000,
        256000,
        272000,
        288000,
        304000,
        320000,
        336000,
        352000,
        368000,
        384000,
        400000,
        416000,
        432000,
        448000,
        464000,
        480000,
        496000,
        512000,
        528000,
        544000,
        560000,
        576000,
        592000,
        608000,
        624000,
        640000,
        656000,
        672000,
        688000,
        704000,
        720000,
        736000,
        752000,
        768000,
        784000,
        800000,
        816000,
        832000,
        848000,
        864000,
        880000,
        896000,
        912000,
        928000,
        944000,
        960000,
        976000,
        992000,
        1008000
    ],
    "avg_episodic_reward": [
        -252.5599063568098,
        -229.71383969530865,
        -237.30673595190916,
        -227.77157675979402,
        -205.88957958214564,
        -193.0145080545165,
        -199.2684982348178,
        -187.30435504407882,
        -150.45539631138115,
        -157.50874885384488,
        -166.25866409867814,
        -147.84945963333584,
        -165.53663433542206,
        -142.61862557258584,
        -124.880617335981,
        -156.90280176304674,
        -129.6301671061144,
        -139.56069633762633,
        -123.16313265202484,
        -99.57822153207535,
        -92.9447656275957,
        -109.67818196468056,
        -96.03414097849554,
        -129.46754740464155,
        -72.73572112697043,
        -121.90283048937013,
        -100.42060053500501,
        -65.19986801612743,
        -84.75226432967645,
        -84.98476370024379,
        -87.3872387134717,
        -60.754536328565635,
        -83.8575316309589,
        -81.60069422944427,
        -46.252809688875175,
        -76.56358527640779,
        -32.624948296613724,
        -59.560686420883314,
        -60.58943474140487,
        -37.34052379462122,
        -40.77596040659775,
        -43.0554893388262,
        -57.60927790963464,
        -46.38777254208249,
        -47.17811031898174,
        -49.2455076178566,
        -20.21516903992085,
        -9.899234148939865,
        -42.263091389863405,
        -51.809822552022055,
        -17.586277332251097,
        -21.837394804737734,
        -29.61896964506176,
        -7.805937088865965,
        -5.517984180363534,
        -7.4631651301505535,
        -8.83266244056456,
        -7.144610629363131,
        -16.651785707109767,
        -36.4701348684856,
        15.065283459488729,
        11.21767120087458,
        -6.79137078287721
    ],
    "avg_episode_length": [
        1000.0,
        1000.0,
        1000.0,
        1000.0,
        1000.0,
        1000.0,
        1000.0,
        1000.0,
        1000.0,
        1000.0,
        1000.0,
        1000.0,
        1000.0,
        1000.0,
        1000.0,
        1000.0,
        1000.0,
        1000.0,
        1000.0,
        1000.0,
        1000.0,
        1000.0,
        1000.0,
        1000.0,
        1000.0,
        1000.0,
        1000.0,
        1000.0,
        1000.0,
        1000.0,
        1000.0,
        1000.0,
        1000.0,
        1000.0,
        1000.0,
        1000.0,
        1000.0,
        1000.0,
        1000.0,
        1000.0,
        1000.0,
        1000.0,
        1000.0,
        1000.0,
        1000.0,
        1000.0,
        1000.0,
        1000.0,
        1000.0,
        1000.0,
        1000.0,
        1000.0,
        1000.0,
        1000.0,
        1000.0,
        1000.0,
        1000.0,
        1000.0,
        1000.0,
        1000.0,
        1000.0,
        1000.0,
        1000.0
    ]
}