{
    "steps": [
        16000,
        32000,
        48000,
        64000,
        80000,
        96000,
        112000,
        128000,
        144000,
        160000,
        176000,
        192000,
        208000,
        224000,
        240000,
        256000,
        272000,
        288000,
        304000,
        320000,
        336000,
        352000,
        368000,
        384000,
        400000,
        416000,
        432000,
        448000,
        464000,
        480000,
        496000,
        512000,
        528000,
        544000,
        560000,
        576000,
        592000,
        608000,
        624000,
        640000,
        656000,
        672000,
        688000,
        704000,
        720000,
        736000,
        752000,
        768000,
        784000,
        800000,
        816000,
        832000,
        848000,
        864000,
        880000,
        896000,
        912000,
        928000,
        944000,
        960000,
        976000,
        992000,
        1008000
    ],
    "avg_episodic_reward": [
        -377.3365343414206,
        -373.54241448875314,
        -363.2074259793413,
        -396.5887084914739,
        -358.30896029722686,
        -363.9995748862691,
        -403.4837199258984,
        -359.7489912778584,
        -356.7449035151933,
        -364.4328188218107,
        -347.3010775204815,
        -351.6823947811149,
        -358.6162429025816,
        -366.8774321653581,
        -363.48935237004423,
        -363.30732699234795,
        -352.265470323543,
        -380.05761654342496,
        -362.7833272733426,
        -326.88042384778555,
        -336.12133195957875,
        -336.5026376128451,
        -328.38662864970524,
        -339.84991534368885,
        -374.6558383652839,
        -353.96539699709956,
        -321.3139003712132,
        -328.4870385870884,
        -318.44373548949693,
        -354.26447385304385,
        -325.18682706632643,
        -300.89188200323974,
        -341.4258669788039,
        -305.55660168616737,
        -343.55112361076215,
        -310.29808623917097,
        -360.26159785153664,
        -346.080109706225,
        -325.03771136117507,
        -357.33319179136436,
        -359.45597928506675,
        -325.0123117753815,
        -351.3418129837613,
        -339.0246658834663,
        -389.14921522962175,
        -344.5093039847898,
        -318.9226673365543,
        -325.688553640279,
        -311.69805880295905,
        -340.87971961269193,
        -348.2403255270567,
        -309.0037500635133,
        -334.6113405195921,
        -348.9410602303401,
        -341.9293611408867,
        -301.4123818234124,
        -337.1068604272174,
        -308.82741336518495,
        -300.2452329905025,
        -312.64972625287277,
        -306.13554454905693,
        -313.63571598537965,
        -280.75860042243465
    ],
    "avg_episode_length": [
        1000.0,
        1000.0,
        1000.0,
        1000.0,
        1000.0,
        1000.0,
        1000.0,
        1000.0,
        1000.0,
        1000.0,
        1000.0,
        1000.0,
        1000.0,
        1000.0,
        1000.0,
        1000.0,
        1000.0,
        1000.0,
        1000.0,
        1000.0,
        1000.0,
        1000.0,
        1000.0,
        1000.0,
        1000.0,
        1000.0,
        1000.0,
        1000.0,
        1000.0,
        1000.0,
        1000.0,
        1000.0,
        1000.0,
        1000.0,
        1000.0,
        1000.0,
        1000.0,
        1000.0,
        1000.0,
        1000.0,
        1000.0,
        1000.0,
        1000.0,
        1000.0,
        1000.0,
        1000.0,
        1000.0,
        1000.0,
        1000.0,
        1000.0,
        1000.0,
        1000.0,
        1000.0,
        1000.0,
        1000.0,
        1000.0,
        1000.0,
        1000.0,
        1000.0,
        1000.0,
        1000.0,
        1000.0,
        1000.0
    ]
}