{
    "steps": [
        64000,
        128000,
        192000,
        256000,
        320000,
        384000,
        448000,
        512000,
        576000,
        640000,
        704000,
        768000,
        832000,
        896000,
        960000,
        1024000
    ],
    "avg_episodic_reward": [
        0.29102380739593403,
        8.67867248838108,
        21.61356631495495,
        28.43675816089793,
        40.75140344784847,
        43.35871446588801,
        46.25353827838945,
        52.25967834734497,
        52.82281506071672,
        60.99795812002189,
        63.49352085373718,
        65.04056355068876,
        73.71859196314654,
        76.5263123404986,
        80.92822055537442,
        86.87556334784925
    ],
    "avg_episode_length": [
        1000.0,
        1000.0,
        1000.0,
        1000.0,
        1000.0,
        1000.0,
        1000.0,
        1000.0,
        1000.0,
        1000.0,
        1000.0,
        1000.0,
        1000.0,
        1000.0,
        1000.0,
        1000.0
    ]
}