{
    "steps": [
        64000,
        128000,
        192000,
        256000,
        320000,
        384000
    ],
    "avg_episodic_reward": [
        0.29102380739593403,
        8.67867248838108,
        21.61356631495495,
        28.43675816089793,
        40.75140344784847,
        43.35871446588801
    ],
    "avg_episode_length": [
        1000.0,
        1000.0,
        1000.0,
        1000.0,
        1000.0,
        1000.0
    ]
}