{
    "steps": [
        16000,
        32000,
        48000,
        64000,
        80000,
        96000,
        112000,
        128000,
        144000,
        160000,
        176000,
        192000,
        208000,
        224000,
        240000,
        256000,
        272000,
        288000,
        304000,
        320000,
        336000,
        352000,
        368000,
        384000,
        400000,
        416000,
        432000,
        448000,
        464000,
        480000,
        496000,
        512000,
        528000,
        544000,
        560000,
        576000,
        592000,
        608000,
        624000,
        640000,
        656000,
        672000,
        688000,
        704000,
        720000,
        736000,
        752000,
        768000,
        784000,
        800000,
        816000,
        832000,
        848000,
        864000,
        880000,
        896000,
        912000,
        928000,
        944000,
        960000,
        976000,
        992000,
        1008000
    ],
    "avg_episodic_reward": [
        -357.17675251335083,
        -341.9882119277904,
        -369.20340395376843,
        -402.67158210926095,
        -380.16496360997644,
        -387.54114546208353,
        -381.61168236411993,
        -371.31643970529944,
        -363.29916131370663,
        -349.2814678931571,
        -320.563646726051,
        -375.56532813676466,
        -349.8339589818552,
        -357.15999467657537,
        -321.59251626759385,
        -325.0816582625521,
        -297.9523315823941,
        -303.29094719919783,
        -317.64302987546756,
        -334.56690519403855,
        -324.5349356217401,
        -296.8958316648592,
        -309.9705899075951,
        -320.22375569747146,
        -308.5002757123003,
        -301.48218694625234,
        -310.8218589981461,
        -292.8191698013586,
        -309.8973131836741,
        -301.3857591411762,
        -298.8950448057347,
        -317.82492442766653,
        -302.2061988536478,
        -327.99090707797416,
        -333.3880790450697,
        -270.20772153706275,
        -304.0236000964786,
        -280.09625666398676,
        -277.09161739153745,
        -271.05433309064574,
        -274.67104097111866,
        -309.2575258193496,
        -275.74099296324493,
        -268.2571544263824,
        -208.83691079429187,
        -247.93068919915032,
        -249.77436737785462,
        -263.71968455580213,
        -259.21599489131734,
        -259.3186008522669,
        -280.9675290166313,
        -281.13338452121604,
        -315.981218126891,
        -205.82851236631944,
        -244.78058732093814,
        -250.37253749354983,
        -272.879465855229,
        -286.423433921648,
        -228.40578607708494,
        -298.46699640247544,
        -285.3380287726979,
        -212.8742242547669,
        -233.20193091636662
    ],
    "avg_episode_length": [
        1000.0,
        1000.0,
        1000.0,
        1000.0,
        1000.0,
        1000.0,
        1000.0,
        1000.0,
        1000.0,
        1000.0,
        1000.0,
        1000.0,
        1000.0,
        1000.0,
        1000.0,
        1000.0,
        1000.0,
        1000.0,
        1000.0,
        1000.0,
        1000.0,
        1000.0,
        1000.0,
        1000.0,
        1000.0,
        1000.0,
        1000.0,
        1000.0,
        1000.0,
        1000.0,
        1000.0,
        1000.0,
        1000.0,
        1000.0,
        1000.0,
        1000.0,
        1000.0,
        1000.0,
        1000.0,
        1000.0,
        1000.0,
        1000.0,
        1000.0,
        1000.0,
        1000.0,
        1000.0,
        1000.0,
        1000.0,
        1000.0,
        1000.0,
        1000.0,
        1000.0,
        1000.0,
        1000.0,
        1000.0,
        1000.0,
        1000.0,
        1000.0,
        1000.0,
        1000.0,
        1000.0,
        1000.0,
        1000.0
    ]
}