{
    "steps": [
        16000,
        32000,
        48000,
        64000,
        80000,
        96000,
        112000,
        128000,
        144000,
        160000,
        176000,
        192000,
        208000,
        224000,
        240000,
        256000,
        272000,
        288000,
        304000,
        320000,
        336000,
        352000,
        368000,
        384000,
        400000,
        416000,
        432000,
        448000,
        464000,
        480000,
        496000,
        512000,
        528000,
        544000,
        560000,
        576000,
        592000,
        608000,
        624000,
        640000,
        656000,
        672000,
        688000,
        704000,
        720000,
        736000,
        752000,
        768000,
        784000,
        800000,
        816000,
        832000,
        848000,
        864000,
        880000,
        896000,
        912000,
        928000,
        944000,
        960000,
        976000,
        992000,
        1008000
    ],
    "avg_episodic_reward": [
        -377.3365343414206,
        -370.7569685466029,
        -362.0923990121199,
        -385.9229081035474,
        -359.51606818178067,
        -405.24820338921927,
        -371.1699834841016,
        -365.35519513633926,
        -355.5238240256336,
        -385.18447508995337,
        -385.15828581923665,
        -325.4135871304131,
        -331.40038099956325,
        -360.312256516136,
        -340.558567517741,
        -335.18564498274816,
        -340.64666439055264,
        -350.1210276022315,
        -319.61393506598347,
        -355.64292636258455,
        -367.3116361449016,
        -365.29390849902074,
        -315.34167563876565,
        -341.5256085461349,
        -348.63569758343897,
        -321.1858822382427,
        -309.22058440125414,
        -354.0530944680583,
        -335.99682337075967,
        -308.1815577054445,
        -325.2009103892515,
        -318.57655624644553,
        -294.85912922918715,
        -334.03819381820665,
        -332.0912682682898,
        -322.9434322454904,
        -294.9962895974869,
        -318.9083932068511,
        -326.57870223960543,
        -283.8479450318051,
        -279.8793320371363,
        -287.5773540279705,
        -332.1791774716186,
        -345.178995518031,
        -300.4404890478706,
        -325.33496862001005,
        -283.0665775370047,
        -285.2235358970933,
        -326.40572817597047,
        -315.32570309828816,
        -317.54756121053276,
        -329.57209487557395,
        -293.6339664137822,
        -303.46953313281466,
        -313.5063733994251,
        -334.9681698767183,
        -283.6669714397619,
        -304.44567765973767,
        -250.44107264797958,
        -296.02838541632593,
        -366.00657179052064,
        -300.0804742598032,
        -266.37384658497206
    ],
    "avg_episode_length": [
        1000.0,
        1000.0,
        1000.0,
        1000.0,
        1000.0,
        1000.0,
        1000.0,
        1000.0,
        1000.0,
        1000.0,
        1000.0,
        1000.0,
        1000.0,
        1000.0,
        1000.0,
        1000.0,
        1000.0,
        1000.0,
        1000.0,
        1000.0,
        1000.0,
        1000.0,
        1000.0,
        1000.0,
        1000.0,
        1000.0,
        1000.0,
        1000.0,
        1000.0,
        1000.0,
        1000.0,
        1000.0,
        1000.0,
        1000.0,
        1000.0,
        1000.0,
        1000.0,
        1000.0,
        1000.0,
        1000.0,
        1000.0,
        1000.0,
        1000.0,
        1000.0,
        1000.0,
        1000.0,
        1000.0,
        1000.0,
        1000.0,
        1000.0,
        1000.0,
        1000.0,
        1000.0,
        1000.0,
        1000.0,
        1000.0,
        1000.0,
        1000.0,
        1000.0,
        1000.0,
        1000.0,
        1000.0,
        1000.0
    ]
}