{
    "steps": [
        10240,
        20480,
        30720,
        40960,
        51200,
        61440,
        71680,
        81920,
        92160,
        102400,
        112640,
        122880,
        133120,
        143360,
        153600,
        163840,
        174080,
        184320,
        194560,
        204800,
        215040,
        225280,
        235520,
        245760,
        256000,
        266240,
        276480,
        286720,
        296960,
        307200,
        317440,
        327680,
        337920,
        348160,
        358400,
        368640,
        378880,
        389120,
        399360,
        409600,
        419840,
        430080,
        440320,
        450560,
        460800,
        471040,
        481280,
        491520,
        501760,
        512000,
        522240,
        532480,
        542720,
        552960,
        563200,
        573440,
        583680,
        593920,
        604160,
        614400,
        624640,
        634880,
        645120,
        655360,
        665600,
        675840,
        686080,
        696320,
        706560,
        716800,
        727040,
        737280,
        747520,
        757760,
        768000,
        778240,
        788480,
        798720,
        808960,
        819200,
        829440,
        839680,
        849920,
        860160,
        870400,
        880640,
        890880,
        901120,
        911360,
        921600,
        931840,
        942080,
        952320,
        962560,
        972800,
        983040,
        993280
    ],
    "avg_episodic_reward": [
        -432.8918041851185,
        -294.7122795750711,
        -267.89465030363544,
        -276.8690545542174,
        -315.8687342008811,
        -215.11015429623495,
        -218.45127800346043,
        -190.93992158201422,
        -83.82569146114051,
        -105.97829334517364,
        -23.919784234623062,
        34.29838386465465,
        35.50564371127712,
        128.00068509335563,
        301.53448821651364,
        312.0737151154115,
        60.86868354418539,
        421.01282303449955,
        380.92331204455354,
        343.4668502704538,
        563.0547614327679,
        443.68554031248465,
        561.8217301547287,
        641.8547570787656,
        711.4613245116088,
        794.5891579297402,
        807.2715253894079,
        838.6677954045075,
        783.2203520269074,
        964.7387991312451,
        921.5030435001469,
        1014.794955593715,
        1052.2881383017984,
        998.9258637078725,
        1014.1878240220678,
        962.3047928731611,
        494.1974340167691,
        1089.30759414953,
        1154.1962896474297,
        1182.1747554662452,
        1262.1594345349163,
        1278.629168082191,
        1260.1354407893195,
        1179.6289391868934,
        1295.5586392768732,
        1290.8716331342184,
        1241.2254728884034,
        1323.213356755536,
        1331.7509774155274,
        1292.6905562399588,
        1310.263390454276,
        1395.957196879387,
        1280.261348813727,
        1252.5914118387334,
        1321.925898260718,
        1383.3158348475417,
        1347.7149750228623,
        1394.266331766414,
        1402.068407430304,
        1357.3972383623718,
        1389.6137290930947,
        1341.52201368854,
        1304.0601712630314,
        1357.1363968041223,
        1346.5352558245017,
        1353.3739124428453,
        1360.9533992693168,
        1381.83218655353,
        1400.2027003682401,
        1370.1102570269486,
        1471.8104858279603,
        1013.6881911675284,
        1442.7812206453104,
        1435.6713263108309,
        1397.5123645885653,
        1303.1104422693147,
        1310.35881985824,
        1425.7952644274906,
        1374.5063773184647,
        1463.8449175433298,
        1422.2500383116944,
        1420.5684323371966,
        1484.680575009099,
        1456.66748282136,
        1398.5890261143222,
        1429.9134973008065,
        1457.0236949123919,
        1484.7931967140587,
        1453.6338847448976,
        1468.9499778507666,
        1426.5273117169245,
        1427.672161308195,
        1463.794286644235,
        1445.6388491665857,
        1384.400645804176,
        1406.7921970326522,
        1465.963075535356
    ],
    "avg_episode_length": [
        1000.0,
        1000.0,
        1000.0,
        1000.0,
        1000.0,
        1000.0,
        1000.0,
        1000.0,
        1000.0,
        1000.0,
        1000.0,
        1000.0,
        1000.0,
        1000.0,
        1000.0,
        1000.0,
        1000.0,
        1000.0,
        1000.0,
        1000.0,
        1000.0,
        1000.0,
        1000.0,
        1000.0,
        1000.0,
        1000.0,
        1000.0,
        1000.0,
        1000.0,
        1000.0,
        1000.0,
        1000.0,
        1000.0,
        1000.0,
        1000.0,
        1000.0,
        1000.0,
        1000.0,
        1000.0,
        1000.0,
        1000.0,
        1000.0,
        1000.0,
        1000.0,
        1000.0,
        1000.0,
        1000.0,
        1000.0,
        1000.0,
        1000.0,
        1000.0,
        1000.0,
        1000.0,
        1000.0,
        1000.0,
        1000.0,
        1000.0,
        1000.0,
        1000.0,
        1000.0,
        1000.0,
        1000.0,
        1000.0,
        1000.0,
        1000.0,
        1000.0,
        1000.0,
        1000.0,
        1000.0,
        1000.0,
        1000.0,
        1000.0,
        1000.0,
        1000.0,
        1000.0,
        1000.0,
        1000.0,
        1000.0,
        1000.0,
        1000.0,
        1000.0,
        1000.0,
        1000.0,
        1000.0,
        1000.0,
        1000.0,
        1000.0,
        1000.0,
        1000.0,
        1000.0,
        1000.0,
        1000.0,
        1000.0,
        1000.0,
        1000.0,
        1000.0,
        1000.0
    ]
}