{
    "steps": [
        12000,
        24000,
        36000,
        48000,
        60000,
        72000,
        84000,
        96000,
        108000,
        120000,
        132000,
        144000,
        156000,
        168000,
        180000,
        192000,
        204000,
        216000,
        228000,
        240000,
        252000,
        264000,
        276000,
        288000,
        300000,
        312000,
        324000,
        336000,
        348000,
        360000,
        372000,
        384000,
        396000,
        408000,
        420000,
        432000,
        444000,
        456000,
        468000,
        480000,
        492000,
        504000,
        516000,
        528000,
        540000,
        552000,
        564000,
        576000,
        588000,
        600000,
        612000,
        624000,
        636000,
        648000,
        660000,
        672000,
        684000,
        696000,
        708000,
        720000,
        732000,
        744000,
        756000,
        768000,
        780000,
        792000,
        804000,
        816000,
        828000,
        840000,
        852000,
        864000,
        876000,
        888000,
        900000,
        912000,
        924000,
        936000,
        948000,
        960000,
        972000,
        984000,
        996000
    ],
    "avg_episodic_reward": [
        2.333473269282581,
        13.921783947037895,
        15.761607835209546,
        22.50018563755404,
        34.32387335927896,
        43.095874304770234,
        35.35100284939091,
        42.475900091716234,
        39.12980868815834,
        35.44532502359968,
        55.14708105909529,
        62.2670465587375,
        59.01736526238099,
        84.04097428286025,
        93.416033691771,
        93.72536281541659,
        97.8860710948416,
        98.56449927153392,
        82.14894006252895,
        92.27840102924088,
        87.37168496265943,
        94.44098681307244,
        73.94535445754694,
        61.974300153580266,
        56.169643518439045,
        65.76299486194272,
        91.60654211004822,
        92.09779575470675,
        94.55484497787701,
        100.59941844656493,
        101.70144102441816,
        107.21163240481968,
        113.28066396993009,
        138.5337577706842,
        128.65713857871614,
        140.984263079035,
        150.00591577296927,
        152.4777797350393,
        149.07214811511426,
        162.71793735687038,
        155.79611332142088,
        145.17746846075534,
        164.62164793802333,
        167.82798234470528,
        171.3475231295922,
        182.09628939860735,
        183.2369556672096,
        195.34165507376485,
        195.52946450003665,
        201.95212012031507,
        213.23315518042878,
        216.18924062541367,
        220.21572207464428,
        219.82651673955732,
        236.1712977280278,
        228.25043289839817,
        230.20610185657023,
        242.3709616083617,
        246.61529248714967,
        250.59243195776196,
        257.24719835181486,
        257.9434963722255,
        260.2758810452798,
        257.05987684786265,
        263.79523247123535,
        254.448871175673,
        252.52814940045369,
        260.22649169641306,
        262.124926440686,
        267.7079890300766,
        275.18439661500986,
        265.0847750222338,
        270.56522354816934,
        273.3892998730077,
        270.6094332698332,
        274.6990872040266,
        279.61444723399325,
        278.7206388852079,
        278.9078351548654,
        276.5817882749593,
        282.40596911774816,
        284.7135279803334,
        280.39224923509244
    ],
    "avg_episode_length": [
        1000.0,
        1000.0,
        1000.0,
        1000.0,
        1000.0,
        1000.0,
        1000.0,
        1000.0,
        1000.0,
        1000.0,
        1000.0,
        1000.0,
        1000.0,
        1000.0,
        1000.0,
        1000.0,
        1000.0,
        1000.0,
        1000.0,
        1000.0,
        1000.0,
        1000.0,
        1000.0,
        1000.0,
        1000.0,
        1000.0,
        1000.0,
        1000.0,
        1000.0,
        1000.0,
        1000.0,
        1000.0,
        1000.0,
        1000.0,
        1000.0,
        1000.0,
        1000.0,
        1000.0,
        1000.0,
        1000.0,
        1000.0,
        1000.0,
        1000.0,
        1000.0,
        1000.0,
        1000.0,
        1000.0,
        1000.0,
        1000.0,
        1000.0,
        1000.0,
        1000.0,
        1000.0,
        1000.0,
        1000.0,
        1000.0,
        1000.0,
        1000.0,
        1000.0,
        1000.0,
        1000.0,
        1000.0,
        1000.0,
        1000.0,
        1000.0,
        1000.0,
        1000.0,
        1000.0,
        1000.0,
        1000.0,
        1000.0,
        1000.0,
        1000.0,
        1000.0,
        1000.0,
        1000.0,
        1000.0,
        1000.0,
        1000.0,
        1000.0,
        1000.0,
        1000.0,
        1000.0
    ]
}