{
    "steps": [
        10240,
        20480,
        30720,
        40960,
        51200,
        61440,
        71680,
        81920,
        92160,
        102400,
        112640,
        122880,
        133120,
        143360,
        153600,
        163840,
        174080,
        184320,
        194560,
        204800,
        215040,
        225280,
        235520,
        245760,
        256000,
        210432,
        220672,
        230912,
        241152,
        251392,
        261632,
        271872,
        282112,
        292352,
        302592,
        312832,
        323072,
        333312,
        343552,
        353792,
        364032,
        374272,
        384512,
        394752,
        404992,
        415232,
        425472,
        435712,
        445952,
        456192,
        466432,
        476672,
        486912,
        497152,
        507392,
        517632,
        527872,
        538112,
        548352,
        558592,
        568832,
        579072,
        589312,
        599552,
        609792,
        620032,
        630272,
        640512,
        650752,
        660992,
        671232,
        681472,
        691712,
        701952,
        712192,
        722432,
        732672,
        742912,
        753152,
        763392,
        773632,
        783872,
        794112,
        804352,
        814592,
        824832,
        835072,
        845312,
        855552,
        865792,
        876032,
        886272,
        896512,
        906752,
        916992,
        927232,
        937472,
        947712,
        957952,
        968192,
        978432,
        988672,
        998912
    ],
    "avg_episodic_reward": [
        153.54098768793747,
        299.6889221931045,
        266.2089772846628,
        402.0877446203972,
        285.46486471884236,
        293.3361659034709,
        400.8211532113955,
        427.3587140953924,
        308.8308058104911,
        349.4411231129291,
        410.34508842632385,
        1101.451792954946,
        985.5770230395949,
        171.9894948845859,
        141.1919324942882,
        184.54511171310142,
        306.4355547453206,
        305.93849609535056,
        354.4934170689177,
        606.3159291383532,
        1179.4437439879086,
        1904.2082768892726,
        null,
        386.7748866641002,
        1357.3877810064803,
        484.36838542053755,
        508.44389828039414,
        554.3262875128855,
        1043.7827828769373,
        1387.3027024452283,
        121.92813503027087,
        155.85366792967804,
        174.2994441707949,
        185.26867900124535,
        166.62562195331725,
        162.67715027592925,
        178.56267701259245,
        163.66869260463062,
        177.7902814276052,
        196.04349277375547,
        183.27171384639954,
        272.7674035607559,
        223.23974612212987,
        269.23975044076667,
        260.50653898665934,
        221.8256467383625,
        251.19318720301004,
        284.95865155299737,
        285.6631629958468,
        327.2626890152192,
        262.830404892022,
        329.2558195983141,
        322.96288451542415,
        498.2732976599409,
        378.9470916701361,
        433.2720636059482,
        373.9790668934241,
        641.4034793682877,
        481.12683372202673,
        490.27335175893205,
        787.6151111578507,
        1214.138335598885,
        1174.5936363731062,
        1391.7528848747909,
        970.5770359781404,
        1150.082867972252,
        1334.8085115732388,
        1228.5154591218818,
        3828.8321886916933,
        160.18019468138974,
        171.26391688853093,
        187.09388075588217,
        230.31564138941357,
        207.6676923852415,
        284.88660784029037,
        284.127769692986,
        456.1816443661279,
        318.0222694948353,
        440.8192604196511,
        892.2189693861324,
        388.1489105294859,
        530.7894120959031,
        716.6803884393788,
        300.0616678738361,
        522.4669302047819,
        1448.296084723622,
        752.0298276410867,
        934.2837588193976,
        750.4697317658529,
        1420.1891197050209,
        2000.1297391428443,
        2572.231641619089,
        271.7114541884961,
        363.7746396024902,
        460.50498175935024,
        1565.2030880381233,
        571.3372387886716,
        1394.9913120308222,
        null,
        7085.721138516438,
        3587.8064930761843,
        4032.900889089945,
        3679.3229104083985
    ],
    "avg_episode_length": [
        16.6,
        32.3125,
        28.72222222222222,
        43.25,
        30.764705882352942,
        31.625,
        43.09090909090909,
        45.90909090909091,
        33.333333333333336,
        37.642857142857146,
        44.09090909090909,
        118.0,
        105.8,
        18.62962962962963,
        15.294117647058824,
        20.0,
        33.125,
        33.0625,
        38.214285714285715,
        65.125,
        126.5,
        204.33333333333334,
        null,
        41.583333333333336,
        145.33333333333334,
        52.1,
        54.77777777777778,
        59.666666666666664,
        112.2,
        149.0,
        13.23076923076923,
        16.9,
        18.925925925925927,
        20.115384615384617,
        18.071428571428573,
        17.666666666666668,
        19.384615384615383,
        17.75862068965517,
        19.26923076923077,
        21.291666666666668,
        19.88,
        29.555555555555557,
        24.238095238095237,
        29.176470588235293,
        28.263157894736842,
        24.047619047619047,
        27.263157894736842,
        30.875,
        30.9375,
        35.42857142857143,
        28.470588235294116,
        35.642857142857146,
        34.92857142857143,
        53.8,
        41.0,
        46.8,
        40.416666666666664,
        69.14285714285714,
        51.9,
        52.9,
        84.83333333333333,
        130.75,
        126.4,
        149.75,
        104.5,
        124.0,
        143.75,
        132.4,
        412.0,
        17.379310344827587,
        18.59259259259259,
        20.24,
        24.95,
        22.52173913043478,
        30.88235294117647,
        30.823529411764707,
        49.3,
        34.46666666666667,
        47.666666666666664,
        96.33333333333333,
        42.0,
        57.285714285714285,
        77.25,
        32.529411764705884,
        56.44444444444444,
        156.0,
        81.16666666666667,
        100.83333333333333,
        81.0,
        153.0,
        215.5,
        277.0,
        29.41176470588235,
        39.23076923076923,
        49.54545454545455,
        168.0,
        61.42857142857143,
        149.66666666666666,
        null,
        760.0,
        385.0,
        433.0,
        395.0
    ]
}