{
    "steps": [
        10240,
        20480,
        30720,
        40960,
        51200,
        61440,
        71680,
        81920,
        92160,
        102400,
        112640,
        122880,
        133120,
        143360,
        153600,
        163840,
        174080,
        184320,
        194560,
        204800,
        215040,
        225280,
        235520,
        245760,
        256000,
        266240,
        276480,
        286720,
        296960,
        307200,
        317440,
        327680,
        337920,
        348160,
        358400,
        368640,
        378880,
        389120,
        399360,
        409600,
        419840,
        430080,
        440320,
        450560,
        460800,
        471040,
        481280,
        491520,
        501760,
        512000,
        522240,
        532480,
        542720,
        552960,
        563200,
        573440,
        583680,
        593920,
        604160,
        614400,
        624640,
        634880,
        645120,
        655360,
        665600,
        675840,
        686080,
        696320,
        706560,
        716800,
        727040,
        737280,
        747520,
        757760,
        768000,
        778240,
        788480,
        798720,
        808960,
        819200,
        829440,
        839680,
        849920,
        860160,
        870400,
        880640,
        890880,
        901120,
        911360,
        921600,
        931840,
        942080,
        952320,
        962560,
        972800,
        983040,
        993280
    ],
    "avg_episodic_reward": [
        -262.25867707305054,
        -388.85631437621237,
        -373.59951452296264,
        -353.0388189551828,
        -339.07228574732983,
        -282.2049477636564,
        -249.5695747998044,
        -286.53968936448234,
        -180.06899718341057,
        -147.01791969787902,
        -79.98616427763045,
        -22.012227757625936,
        83.27583356202919,
        130.6207315586778,
        148.21868290777215,
        72.97753391568864,
        359.39562096519705,
        357.33125815426297,
        364.67037993143254,
        299.1784620169134,
        546.0686413585514,
        596.1970979142973,
        419.0173762575274,
        537.8062683279014,
        366.567232674905,
        553.8465436483291,
        658.6125633257694,
        208.52736501163716,
        624.0411507073677,
        699.6021365864937,
        763.0321336304648,
        460.9778999942307,
        770.9626844240031,
        744.0859957623755,
        769.1869614260258,
        788.3490112505474,
        697.5879457840709,
        625.240941681933,
        755.7899292765682,
        845.6683049378444,
        841.2707392305697,
        844.7220986963679,
        815.9843799107631,
        874.455664950035,
        851.514531000175,
        901.2811095585171,
        887.1228142023067,
        932.9599689293345,
        921.9469054464828,
        926.6958948407796,
        932.2461824478544,
        783.3804128361423,
        971.0976491963152,
        964.4993383299956,
        1035.872627743538,
        980.40373965321,
        870.2489534204564,
        1055.09651239916,
        974.0127793891118,
        1028.2684083903882,
        1080.997059758109,
        986.2562223858413,
        1083.270719688777,
        1025.2613822199314,
        1065.567224796921,
        1062.0974610955736,
        1114.2136883190642,
        1037.396625612657,
        1041.4848756634278,
        1074.511684825167,
        1109.155934072238,
        1123.141661309268,
        1152.3949479050705,
        1171.3412024501797,
        1142.0826970679366,
        1174.1098218811478,
        1116.8789274672044,
        1212.092794021792,
        1196.8288045734714,
        1219.769821067085,
        1158.4149631125697,
        1161.5001254284791,
        1113.7761969245025,
        1130.3033241232051,
        1213.132583782048,
        1282.0633297527793,
        1183.6064907120597,
        1260.9065430688906,
        1323.4645656722832,
        1283.9860662278668,
        1249.7915189118191,
        1145.2995156080751,
        1232.9321914953864,
        1281.262175755688,
        1239.3104786932709,
        1197.8628544161222,
        1266.5698075564674
    ],
    "avg_episode_length": [
        1000.0,
        1000.0,
        1000.0,
        1000.0,
        1000.0,
        1000.0,
        1000.0,
        1000.0,
        1000.0,
        1000.0,
        1000.0,
        1000.0,
        1000.0,
        1000.0,
        1000.0,
        1000.0,
        1000.0,
        1000.0,
        1000.0,
        1000.0,
        1000.0,
        1000.0,
        1000.0,
        1000.0,
        1000.0,
        1000.0,
        1000.0,
        1000.0,
        1000.0,
        1000.0,
        1000.0,
        1000.0,
        1000.0,
        1000.0,
        1000.0,
        1000.0,
        1000.0,
        1000.0,
        1000.0,
        1000.0,
        1000.0,
        1000.0,
        1000.0,
        1000.0,
        1000.0,
        1000.0,
        1000.0,
        1000.0,
        1000.0,
        1000.0,
        1000.0,
        1000.0,
        1000.0,
        1000.0,
        1000.0,
        1000.0,
        1000.0,
        1000.0,
        1000.0,
        1000.0,
        1000.0,
        1000.0,
        1000.0,
        1000.0,
        1000.0,
        1000.0,
        1000.0,
        1000.0,
        1000.0,
        1000.0,
        1000.0,
        1000.0,
        1000.0,
        1000.0,
        1000.0,
        1000.0,
        1000.0,
        1000.0,
        1000.0,
        1000.0,
        1000.0,
        1000.0,
        1000.0,
        1000.0,
        1000.0,
        1000.0,
        1000.0,
        1000.0,
        1000.0,
        1000.0,
        1000.0,
        1000.0,
        1000.0,
        1000.0,
        1000.0,
        1000.0,
        1000.0
    ]
}