{
    "steps": [
        16000,
        32000,
        48000,
        64000,
        80000,
        96000,
        112000,
        128000,
        144000,
        160000,
        176000,
        192000,
        208000,
        224000,
        240000,
        256000,
        272000,
        288000,
        304000,
        320000,
        336000,
        352000,
        368000,
        384000,
        400000,
        416000,
        432000,
        448000,
        464000,
        480000,
        496000,
        512000,
        528000,
        544000,
        560000,
        576000,
        592000,
        608000,
        624000,
        640000,
        656000,
        672000,
        688000,
        704000,
        720000,
        736000,
        752000,
        768000,
        784000,
        800000,
        816000,
        832000,
        848000,
        864000,
        880000,
        896000,
        912000,
        928000,
        944000,
        960000,
        976000,
        992000,
        1008000
    ],
    "avg_episodic_reward": [
        -387.91760844214224,
        -361.2924865691584,
        -365.855285034585,
        -368.21403223643205,
        -358.6857936201977,
        -390.3857364912865,
        -372.63978075654063,
        -375.72491531134193,
        -346.29176425036513,
        -344.9992433553877,
        -374.7009641231077,
        -377.70138563225385,
        -351.2069864682541,
        -321.7427537037384,
        -356.79327456724377,
        -372.09411826096283,
        -337.8696186984888,
        -361.64432927737687,
        -348.2344200625638,
        -347.12774197541273,
        -334.56057452628625,
        -383.67638831534373,
        -334.58450003880444,
        -349.7432657790911,
        -349.99088790605947,
        -334.41084208101086,
        -345.2833790007546,
        -344.2479247924011,
        -335.5722299701373,
        -322.90741486977106,
        -297.36519111416766,
        -319.8249016940273,
        -320.65694113351014,
        -329.2180104829374,
        -359.371660477414,
        -338.5612093488493,
        -335.2068810240264,
        -343.2709561653717,
        -329.17789900269736,
        -300.07548374432463,
        -319.009048901093,
        -314.18878219704186,
        -332.5729854580363,
        -315.07745715545536,
        -335.11145178968917,
        -331.25317712053743,
        -313.06702492333716,
        -318.2887209964946,
        -382.7429574162703,
        -321.3609079058715,
        -312.1347695920555,
        -325.27080862319275,
        -330.852899126529,
        -343.5146168388308,
        -318.3912100256842,
        -299.340891503215,
        -280.816661804301,
        -266.1483153149801,
        -300.0785631108903,
        -268.3328125146973,
        -288.22314414368566,
        -312.80589489981253,
        -273.7520473776173
    ],
    "avg_episode_length": [
        1000.0,
        1000.0,
        1000.0,
        1000.0,
        1000.0,
        1000.0,
        1000.0,
        1000.0,
        1000.0,
        1000.0,
        1000.0,
        1000.0,
        1000.0,
        1000.0,
        1000.0,
        1000.0,
        1000.0,
        1000.0,
        1000.0,
        1000.0,
        1000.0,
        1000.0,
        1000.0,
        1000.0,
        1000.0,
        1000.0,
        1000.0,
        1000.0,
        1000.0,
        1000.0,
        1000.0,
        1000.0,
        1000.0,
        1000.0,
        1000.0,
        1000.0,
        1000.0,
        1000.0,
        1000.0,
        1000.0,
        1000.0,
        1000.0,
        1000.0,
        1000.0,
        1000.0,
        1000.0,
        1000.0,
        1000.0,
        1000.0,
        1000.0,
        1000.0,
        1000.0,
        1000.0,
        1000.0,
        1000.0,
        1000.0,
        1000.0,
        1000.0,
        1000.0,
        1000.0,
        1000.0,
        1000.0,
        1000.0
    ]
}