{
    "steps": [
        10240,
        20480,
        30720,
        40960,
        51200,
        61440,
        71680,
        81920,
        92160,
        102400,
        112640,
        122880,
        133120,
        143360,
        153600,
        163840,
        174080,
        184320,
        194560,
        204800,
        215040,
        225280,
        235520,
        245760,
        256000,
        266240,
        276480,
        286720,
        296960,
        307200,
        317440,
        327680,
        337920,
        348160,
        358400,
        368640,
        378880,
        389120,
        399360,
        409600,
        419840,
        430080,
        440320,
        450560,
        460800,
        471040,
        481280,
        491520,
        501760,
        512000,
        522240,
        532480,
        542720,
        552960,
        563200,
        573440,
        583680,
        593920,
        604160,
        614400,
        624640,
        634880,
        645120,
        655360,
        665600,
        675840,
        686080,
        696320,
        706560,
        716800,
        727040,
        737280,
        747520,
        757760,
        768000,
        778240,
        788480,
        798720,
        808960,
        819200,
        829440,
        839680,
        849920,
        860160,
        870400,
        880640,
        890880,
        901120,
        911360,
        921600,
        931840,
        942080,
        952320,
        962560,
        972800,
        983040,
        993280
    ],
    "avg_episodic_reward": [
        -238.6492126546496,
        -150.82750911916432,
        -86.35701060631315,
        -55.363010337842816,
        23.575376790058392,
        -137.17801572643967,
        25.44548705333265,
        -1.4568734346243488,
        7.171641484106443,
        -3.7546244546947634,
        24.59572894441729,
        175.62038506746845,
        79.89562978530307,
        46.76343993964122,
        24.29742063352809,
        182.92438022243,
        270.33678117791374,
        236.0359916596324,
        215.04400052941526,
        215.7752845598119,
        215.05251792413813,
        174.97627654954493,
        155.75912408385148,
        231.766287536613,
        261.21083596745365,
        270.856303650775,
        261.849009662433,
        304.6310552332435,
        363.2658920432998,
        313.5566994621946,
        226.67243069437455,
        286.8447968200949,
        414.8695671193388,
        499.3230575278577,
        379.6394732204768,
        487.17104696097533,
        501.85763679665484,
        407.5121621150615,
        448.0921355575978,
        631.1291716964549,
        838.5233673754044,
        599.8654465263589,
        736.0984885983421,
        723.9786565384516,
        696.5879435716988,
        586.8045732993029,
        672.9404641875399,
        943.9738057234033,
        618.3341501154933,
        741.9047850034294,
        840.520561877059,
        769.638293130492,
        1075.4712846156058,
        912.8630554731523,
        877.1438337454281,
        545.5578545245094,
        983.0780512616257,
        1090.3534658775181,
        896.8415131822155,
        991.7151470173844,
        927.4640949488721,
        1089.2650880115152,
        1323.804367799539,
        808.5879667756558,
        1516.1925701966074,
        1250.2155888368882,
        1537.194882844614,
        1428.2091385973304,
        1047.4101498926434,
        1290.7217432305915,
        1612.5328628810068,
        965.8613904629178,
        1433.1102313540364,
        1040.7188252396309,
        1436.6757021607316,
        1741.0450368277666,
        1407.063621319057,
        1554.1761055847905,
        1504.7542282401312,
        1476.7574795775395,
        1111.6463192714045,
        1361.7452603835522,
        1719.482728346727,
        1996.975291833044,
        1978.358728508504,
        1798.2174107816559,
        1975.7034924949262,
        1828.142184827465,
        2040.453479364633,
        2010.7970138484875,
        1033.4479897948472,
        1320.2901962493793,
        2009.4512206163201,
        1632.3180735707297,
        1677.1843089456902,
        1528.5090311837864,
        1616.4699394369327
    ],
    "avg_episode_length": [
        1000.0,
        1000.0,
        1000.0,
        1000.0,
        1000.0,
        1000.0,
        1000.0,
        1000.0,
        1000.0,
        1000.0,
        1000.0,
        1000.0,
        1000.0,
        1000.0,
        1000.0,
        1000.0,
        1000.0,
        1000.0,
        1000.0,
        1000.0,
        1000.0,
        1000.0,
        1000.0,
        1000.0,
        1000.0,
        1000.0,
        1000.0,
        1000.0,
        1000.0,
        1000.0,
        1000.0,
        1000.0,
        1000.0,
        1000.0,
        1000.0,
        1000.0,
        1000.0,
        1000.0,
        1000.0,
        1000.0,
        1000.0,
        1000.0,
        1000.0,
        1000.0,
        1000.0,
        1000.0,
        1000.0,
        1000.0,
        1000.0,
        1000.0,
        1000.0,
        1000.0,
        1000.0,
        1000.0,
        1000.0,
        1000.0,
        1000.0,
        1000.0,
        1000.0,
        1000.0,
        1000.0,
        1000.0,
        1000.0,
        1000.0,
        1000.0,
        1000.0,
        1000.0,
        1000.0,
        1000.0,
        1000.0,
        1000.0,
        1000.0,
        1000.0,
        1000.0,
        1000.0,
        1000.0,
        1000.0,
        1000.0,
        1000.0,
        1000.0,
        1000.0,
        1000.0,
        1000.0,
        1000.0,
        1000.0,
        1000.0,
        1000.0,
        1000.0,
        1000.0,
        1000.0,
        1000.0,
        1000.0,
        1000.0,
        1000.0,
        1000.0,
        1000.0,
        1000.0
    ]
}