{
    "steps": [
        16000,
        32000,
        48000,
        64000,
        80000,
        96000,
        112000,
        128000,
        144000,
        160000,
        176000,
        192000,
        208000,
        224000,
        240000,
        256000,
        272000,
        288000,
        304000,
        320000,
        336000,
        352000,
        368000,
        384000,
        400000,
        416000,
        432000,
        448000,
        464000,
        480000,
        496000,
        512000,
        528000,
        544000,
        560000,
        576000,
        592000,
        608000,
        624000,
        640000,
        656000,
        672000,
        688000,
        704000,
        720000,
        736000,
        752000,
        768000,
        784000,
        800000,
        816000,
        832000,
        848000,
        864000,
        880000,
        896000,
        912000,
        928000,
        944000,
        960000,
        976000,
        992000,
        1008000
    ],
    "avg_episodic_reward": [
        -357.17675251335083,
        -379.05299083261434,
        -345.28170557788985,
        -368.2723117137917,
        -376.83466180377764,
        -390.02698569525023,
        -361.6209611552753,
        -327.21255226045406,
        -353.7811981682392,
        -367.8044458608805,
        -366.89171020421935,
        -366.88432203947053,
        -364.71080741804667,
        -355.65823093933795,
        -351.06630485183996,
        -286.65735726102264,
        -262.9019574226633,
        -349.4698633973924,
        -329.5776231530109,
        -363.86610404885243,
        -331.23156701346375,
        -284.66778010747674,
        -338.9459083632831,
        -284.75419817730847,
        -331.01200156962454,
        -292.0012955944393,
        -343.68404443518614,
        -299.2005047956683,
        -302.7820259995468,
        -293.84416652606217,
        -312.55569582823557,
        -292.6022864770408,
        -328.58166752368993,
        -349.78889929879404,
        -320.9733362248503,
        -315.6662215925902,
        -299.4214488015693,
        -278.8287738367858,
        -307.64609019970015,
        -308.76030045873694,
        -332.5706808153752,
        -308.9851432567501,
        -335.3165801381504,
        -270.3788568152224,
        -291.8984911734233,
        -262.7413000977247,
        -298.73230264727937,
        -294.13137557660133,
        -281.8736245221906,
        -277.7216460456549,
        -318.1820219892479,
        -309.21968554232797,
        -332.462889739769,
        -274.3796183682388,
        -303.8294871794752,
        -335.8979106138808,
        -274.8695680033802,
        -267.53423083897894,
        -320.4187694516652,
        -296.62122397765336,
        -283.9468142457746,
        -284.98422143341224,
        -328.6308342604929
    ],
    "avg_episode_length": [
        1000.0,
        1000.0,
        1000.0,
        1000.0,
        1000.0,
        1000.0,
        1000.0,
        1000.0,
        1000.0,
        1000.0,
        1000.0,
        1000.0,
        1000.0,
        1000.0,
        1000.0,
        1000.0,
        1000.0,
        1000.0,
        1000.0,
        1000.0,
        1000.0,
        1000.0,
        1000.0,
        1000.0,
        1000.0,
        1000.0,
        1000.0,
        1000.0,
        1000.0,
        1000.0,
        1000.0,
        1000.0,
        1000.0,
        1000.0,
        1000.0,
        1000.0,
        1000.0,
        1000.0,
        1000.0,
        1000.0,
        1000.0,
        1000.0,
        1000.0,
        1000.0,
        1000.0,
        1000.0,
        1000.0,
        1000.0,
        1000.0,
        1000.0,
        1000.0,
        1000.0,
        1000.0,
        1000.0,
        1000.0,
        1000.0,
        1000.0,
        1000.0,
        1000.0,
        1000.0,
        1000.0,
        1000.0,
        1000.0
    ]
}