{
    "steps": [
        16000,
        32000,
        48000,
        64000,
        80000,
        96000,
        112000,
        128000,
        144000,
        160000,
        176000,
        192000,
        208000,
        224000,
        240000,
        256000,
        272000,
        288000,
        304000,
        320000,
        336000,
        352000,
        368000,
        384000,
        400000,
        416000,
        432000,
        448000,
        464000,
        480000,
        496000,
        512000,
        528000,
        544000,
        560000,
        576000,
        592000,
        608000,
        624000,
        640000,
        656000,
        652000,
        664000,
        676000,
        688000,
        700000,
        712000,
        724000,
        736000,
        748000,
        760000,
        772000
    ],
    "avg_episodic_reward": [
        8.369717087055966,
        11.818008510841096,
        22.20770909203295,
        24.306610459804777,
        32.79183455929311,
        34.631780571353346,
        34.221778039176044,
        38.64458884783615,
        45.27302321029839,
        42.811805948637115,
        46.23254142412271,
        42.209152564203265,
        51.489497027612295,
        55.451604438742635,
        52.492533776424,
        56.64695224498381,
        46.99115890802326,
        50.54247938276494,
        46.72150413827085,
        47.62075590625654,
        53.9822987669193,
        52.448661110108404,
        49.84156024400197,
        60.14339272337094,
        57.173143829609145,
        57.95470006445023,
        57.50172622514444,
        49.30819966619667,
        58.37274719681725,
        61.89789957426409,
        63.02634257506198,
        71.47964209463888,
        58.417467402251745,
        60.300326010656335,
        67.67316342173899,
        72.24016491389642,
        75.02607192560598,
        76.18747201951953,
        75.98517953208697,
        79.91409828325021,
        87.5654229015681,
        60.84945951808281,
        49.41393353515576,
        74.81692454084352,
        80.61168744484009,
        87.70211253144338,
        96.39228447666729,
        92.97006398331243,
        73.90888123660562,
        101.8608205708442,
        88.54351615462264,
        95.03866151334802
    ],
    "avg_episode_length": [
        1000.0,
        1000.0,
        1000.0,
        1000.0,
        1000.0,
        1000.0,
        1000.0,
        1000.0,
        1000.0,
        1000.0,
        1000.0,
        1000.0,
        1000.0,
        1000.0,
        1000.0,
        1000.0,
        1000.0,
        1000.0,
        1000.0,
        1000.0,
        1000.0,
        1000.0,
        1000.0,
        1000.0,
        1000.0,
        1000.0,
        1000.0,
        1000.0,
        1000.0,
        1000.0,
        1000.0,
        1000.0,
        1000.0,
        1000.0,
        1000.0,
        1000.0,
        1000.0,
        1000.0,
        1000.0,
        1000.0,
        1000.0,
        1000.0,
        1000.0,
        1000.0,
        1000.0,
        1000.0,
        1000.0,
        1000.0,
        1000.0,
        1000.0,
        1000.0,
        1000.0
    ]
}