{
    "steps": [
        12000,
        24000,
        36000,
        48000,
        60000,
        72000,
        84000,
        96000,
        108000,
        120000,
        132000,
        144000,
        156000,
        168000,
        180000,
        192000,
        204000,
        216000,
        228000,
        240000,
        252000,
        264000,
        276000,
        288000,
        300000,
        312000,
        324000,
        336000,
        348000,
        360000,
        372000,
        384000,
        396000,
        408000,
        420000,
        432000,
        444000,
        456000,
        468000,
        480000,
        492000,
        504000,
        516000,
        528000,
        540000,
        552000,
        564000,
        576000,
        588000,
        600000,
        612000,
        624000,
        636000,
        648000,
        660000,
        672000,
        684000,
        696000,
        708000,
        720000,
        732000,
        744000,
        756000,
        768000,
        780000,
        792000,
        804000,
        816000,
        828000,
        840000,
        852000,
        864000,
        876000,
        888000,
        900000,
        912000,
        924000,
        936000,
        948000,
        960000,
        972000,
        984000,
        996000
    ],
    "avg_episodic_reward": [
        9.77796459130119,
        13.862573839143245,
        25.910802378517598,
        46.52869521972235,
        45.13543518125512,
        46.037145148616375,
        59.04207020452388,
        74.64892105492042,
        71.54659364716692,
        95.25461000272301,
        104.91253809566061,
        108.97648260115541,
        117.78342757835887,
        121.40194910977577,
        100.4428223346802,
        125.99239232171493,
        115.90075201825734,
        125.7583414971997,
        132.0132919861739,
        150.48782614160797,
        131.55746344461556,
        125.8225039724546,
        145.5620288884644,
        154.48460168660503,
        170.2437360115262,
        165.21728396957616,
        172.03499827137895,
        151.27096252062552,
        144.88832771416537,
        149.82387178855217,
        143.8808717998713,
        156.13894695108982,
        163.82470695328198,
        160.91822676191558,
        182.58065113161987,
        196.50057910386357,
        193.11724686680202,
        197.1951821784954,
        181.33172734101367,
        195.31570501262436,
        203.00385582104286,
        208.57455772916083,
        201.10867569284835,
        207.56540082997083,
        208.0065773848243,
        224.20352499416512,
        219.59372140596048,
        227.99024389738778,
        239.17667405491795,
        231.0770273280757,
        238.63352719942895,
        239.7133675454592,
        236.91253621378522,
        245.68265387271094,
        247.1916623161867,
        250.27141400875448,
        239.5147124586425,
        250.05133181700572,
        256.43997468162314,
        254.10297049673352,
        256.99087114808106,
        262.16619449452736,
        262.61538076060845,
        265.0118438938211,
        263.2691447882059,
        265.30659424659893,
        269.04585861340655,
        265.1139088640048,
        280.12683409204095,
        272.9991874163662,
        270.9628860687267,
        272.4067676038864,
        273.0813259520826,
        277.35007353478625,
        283.1084899550553,
        284.89252848074295,
        286.12535184733366,
        280.6689376043035,
        279.97336132252536,
        283.0814609216529,
        276.3801209978861,
        277.96947724682536,
        281.8766181597612
    ],
    "avg_episode_length": [
        1000.0,
        1000.0,
        1000.0,
        1000.0,
        1000.0,
        1000.0,
        1000.0,
        1000.0,
        1000.0,
        1000.0,
        1000.0,
        1000.0,
        1000.0,
        1000.0,
        1000.0,
        1000.0,
        1000.0,
        1000.0,
        1000.0,
        1000.0,
        1000.0,
        1000.0,
        1000.0,
        1000.0,
        1000.0,
        1000.0,
        1000.0,
        1000.0,
        1000.0,
        1000.0,
        1000.0,
        1000.0,
        1000.0,
        1000.0,
        1000.0,
        1000.0,
        1000.0,
        1000.0,
        1000.0,
        1000.0,
        1000.0,
        1000.0,
        1000.0,
        1000.0,
        1000.0,
        1000.0,
        1000.0,
        1000.0,
        1000.0,
        1000.0,
        1000.0,
        1000.0,
        1000.0,
        1000.0,
        1000.0,
        1000.0,
        1000.0,
        1000.0,
        1000.0,
        1000.0,
        1000.0,
        1000.0,
        1000.0,
        1000.0,
        1000.0,
        1000.0,
        1000.0,
        1000.0,
        1000.0,
        1000.0,
        1000.0,
        1000.0,
        1000.0,
        1000.0,
        1000.0,
        1000.0,
        1000.0,
        1000.0,
        1000.0,
        1000.0,
        1000.0,
        1000.0,
        1000.0
    ]
}