{
    "steps": [
        11120,
        23018,
        33704,
        46573,
        62814,
        82104,
        92922,
        104692,
        115987,
        127015,
        138274,
        150224,
        162331,
        173783,
        185911,
        197972,
        210704,
        223250,
        236078,
        247753,
        260347,
        272880,
        284759,
        296517,
        310655,
        322574,
        336117,
        349830,
        362382,
        376435,
        390539,
        404883,
        417072,
        430739,
        443821,
        456395,
        470185,
        484456,
        496987,
        509872,
        523565,
        536380,
        549651,
        561482,
        573651,
        586699,
        599916,
        611637,
        624507,
        638920,
        653384,
        666014,
        678251,
        692269,
        706047,
        720797,
        710897,
        722486,
        735904,
        749102,
        759351,
        770521,
        781094
    ],
    "avg_episodic_reward": [
        19.853934820667114,
        41.0232637331648,
        60.55220266172729,
        87.75988025025153,
        142.88882430306933,
        202.5518313331748,
        213.88235201432366,
        210.6768667419594,
        217.21473112036853,
        202.359704628322,
        221.43874544819153,
        245.19527201357803,
        264.94980222587606,
        253.22573326636441,
        250.65092440029227,
        270.7424254137202,
        279.854326263121,
        288.71920181361116,
        280.05372497284577,
        271.0767113544067,
        274.93461693106053,
        279.9054152093486,
        280.71411347858725,
        285.7968589725851,
        290.57724187197755,
        287.06049808429805,
        301.1368208597763,
        310.19576995308245,
        298.1407765051698,
        308.1397411444849,
        307.1238644072872,
        318.3137573718973,
        290.9391241868142,
        284.1311009108723,
        312.17079427454655,
        299.84032130373885,
        328.3231352755654,
        301.70854222537804,
        302.32486858570405,
        306.0333964818548,
        303.4136094175026,
        306.3426592615342,
        316.5293171642202,
        297.43381937905934,
        283.5783676735463,
        306.131623698005,
        316.87365895751475,
        295.52508278907146,
        313.58341242542605,
        319.2377996745977,
        317.2163845062811,
        311.2558789143727,
        297.8664033130333,
        332.37558110427324,
        325.8883985327346,
        336.2372755372017,
        326.92307194116876,
        292.7488963069458,
        352.4155651202793,
        320.66945984901395,
        331.32466434665116,
        292.3425799687759,
        364.6301591183134
    ],
    "avg_episode_length": [
        40.96875,
        68.859375,
        85.921875,
        110.53125,
        134.703125,
        160.453125,
        169.03125,
        183.90625,
        176.484375,
        172.3125,
        175.921875,
        186.71875,
        189.171875,
        178.9375,
        189.5,
        188.453125,
        198.9375,
        196.03125,
        200.4375,
        182.421875,
        196.78125,
        195.828125,
        185.609375,
        183.71875,
        220.90625,
        186.234375,
        211.609375,
        214.265625,
        196.125,
        219.578125,
        220.375,
        224.125,
        190.453125,
        213.546875,
        204.40625,
        196.46875,
        215.46875,
        222.984375,
        195.796875,
        201.328125,
        213.953125,
        200.234375,
        207.359375,
        184.859375,
        190.140625,
        203.875,
        206.515625,
        183.140625,
        201.09375,
        225.203125,
        226.0,
        197.34375,
        191.203125,
        219.03125,
        215.28125,
        230.46875,
        223.6875,
        172.5,
        229.0625,
        201.875,
        207.125,
        190.75,
        239.0625
    ]
}