{
    "steps": [
        16000,
        32000,
        48000,
        64000,
        80000,
        96000,
        112000,
        128000,
        144000,
        160000,
        176000,
        192000,
        208000,
        224000,
        240000,
        256000,
        272000,
        288000,
        304000,
        320000,
        336000,
        352000,
        368000,
        384000,
        400000,
        416000,
        432000,
        448000,
        464000,
        480000,
        496000,
        512000,
        528000,
        544000,
        560000,
        576000,
        592000,
        608000,
        624000,
        640000,
        656000,
        672000,
        688000,
        704000,
        720000,
        736000,
        752000,
        768000,
        784000,
        800000,
        816000,
        832000,
        848000,
        864000,
        880000,
        896000,
        912000,
        928000,
        944000,
        960000,
        976000,
        992000,
        1008000
    ],
    "avg_episodic_reward": [
        -247.633574000383,
        -211.39878114847676,
        -210.06100652255876,
        -241.63459632267325,
        -207.05256903832185,
        -232.290125625419,
        -195.39566354621675,
        -212.57918129087523,
        -209.44787314607692,
        -222.05410872714037,
        -184.49971391912555,
        -188.28678327016937,
        -164.38530577614011,
        -172.1945693099127,
        -189.80248640190229,
        -182.7875761300941,
        -154.0370940610645,
        -168.2763248428783,
        -183.51536671479388,
        -175.5826404016192,
        -149.82714994925897,
        -142.62738843305712,
        -145.18529168137525,
        -161.45187543931263,
        -139.68339160215046,
        -155.15517423578888,
        -145.15760094368048,
        -129.22031380152882,
        -155.41810970638713,
        -116.40736870814101,
        -140.08091282835,
        -153.02254696403628,
        -104.51866947558024,
        -117.62782487821616,
        -114.14038524710452,
        -88.05295166472051,
        -114.49445334323647,
        -89.46231420082069,
        -91.43477599291398,
        -88.34095307726167,
        -83.08671047219856,
        -95.76005242639519,
        -63.50663132717036,
        -73.40093122245028,
        -63.80119859513193,
        -79.52118153698561,
        -55.33596428774584,
        -65.73820198946083,
        -82.80076871829382,
        -61.08075789740393,
        -51.85808998662989,
        -50.96422254416062,
        -83.00365941818976,
        -53.29024057999874,
        -39.11750306163559,
        -57.41781540643625,
        -58.57616342570559,
        -45.983831251238385,
        -33.87516414627384,
        -48.221817283692246,
        -57.077668265902744,
        -52.54781428683934,
        -60.86888630433498
    ],
    "avg_episode_length": [
        1000.0,
        1000.0,
        1000.0,
        1000.0,
        1000.0,
        1000.0,
        1000.0,
        1000.0,
        1000.0,
        1000.0,
        1000.0,
        1000.0,
        1000.0,
        1000.0,
        1000.0,
        1000.0,
        1000.0,
        1000.0,
        1000.0,
        1000.0,
        1000.0,
        1000.0,
        1000.0,
        1000.0,
        1000.0,
        1000.0,
        1000.0,
        1000.0,
        1000.0,
        1000.0,
        1000.0,
        1000.0,
        1000.0,
        1000.0,
        1000.0,
        1000.0,
        1000.0,
        1000.0,
        1000.0,
        1000.0,
        1000.0,
        1000.0,
        1000.0,
        1000.0,
        1000.0,
        1000.0,
        1000.0,
        1000.0,
        1000.0,
        1000.0,
        1000.0,
        1000.0,
        1000.0,
        1000.0,
        1000.0,
        1000.0,
        1000.0,
        1000.0,
        1000.0,
        1000.0,
        1000.0,
        1000.0,
        1000.0
    ]
}