{
    "steps": [
        12288,
        24576,
        36864,
        49152,
        61440,
        73728,
        86016,
        98304,
        110592,
        122880,
        135168,
        147456,
        159744,
        172032,
        184320,
        196608,
        208896,
        221184,
        233472,
        245760,
        258048,
        270336,
        282624,
        294912,
        307200,
        319488,
        331776,
        344064,
        356352,
        368640,
        380928,
        393216,
        405504,
        417792,
        430080,
        442368,
        454656,
        466944,
        479232,
        491520,
        503808
    ],
    "avg_episodic_reward": [
        -47.12779530035277,
        -46.26782430527301,
        -70.70101690680562,
        -73.31923437120787,
        -70.95385522630121,
        -71.3135059548049,
        -65.42709577158894,
        -52.05845197580043,
        -27.14464389907277,
        -20.750181627515822,
        -24.362362319097514,
        -46.24928474737738,
        -15.703992707056946,
        -23.16738544193487,
        -24.696087343495467,
        -18.931393650351115,
        -26.564579604963587,
        -35.5913783156577,
        -42.96144696555031,
        -34.814009200784554,
        -32.339666303500486,
        -34.67667742891196,
        -26.656827605594103,
        -39.00385231332539,
        -21.075901799955,
        -18.566105915479994,
        -11.1523264170891,
        -27.69300868529037,
        -37.40017699641452,
        -26.163297862938105,
        -39.68276455772702,
        -28.84415727459537,
        -19.252258032705075,
        -9.087416946136198,
        -22.6973825480267,
        -11.133502431403734,
        -7.809915346497538,
        -34.7649247915207,
        -19.258931073999808,
        0.3833942851950951,
        -16.040533944839275
    ],
    "avg_episode_length": [
        1000.0,
        1000.0,
        1000.0,
        1000.0,
        1000.0,
        1000.0,
        1000.0,
        1000.0,
        1000.0,
        1000.0,
        1000.0,
        1000.0,
        1000.0,
        1000.0,
        1000.0,
        1000.0,
        1000.0,
        1000.0,
        1000.0,
        1000.0,
        1000.0,
        1000.0,
        1000.0,
        1000.0,
        1000.0,
        1000.0,
        1000.0,
        1000.0,
        1000.0,
        1000.0,
        1000.0,
        1000.0,
        1000.0,
        1000.0,
        1000.0,
        1000.0,
        1000.0,
        1000.0,
        1000.0,
        1000.0,
        1000.0
    ]
}