{
    "steps": [
        12000,
        24000,
        36000,
        48000,
        60000,
        72000,
        84000,
        96000,
        108000,
        120000,
        132000,
        144000,
        156000,
        168000,
        180000,
        192000,
        204000,
        216000,
        228000,
        240000,
        252000,
        264000,
        276000,
        288000,
        300000,
        312000,
        324000,
        336000,
        348000,
        360000,
        372000,
        384000,
        396000,
        408000,
        420000,
        432000,
        444000,
        456000,
        468000,
        480000,
        492000,
        504000,
        516000,
        528000,
        540000,
        552000,
        564000,
        576000,
        588000,
        600000,
        612000,
        624000,
        636000,
        648000,
        660000,
        672000,
        684000,
        696000,
        708000,
        720000,
        732000,
        744000,
        756000,
        768000,
        780000,
        792000,
        804000,
        816000,
        828000,
        840000,
        852000,
        864000,
        876000,
        888000,
        900000,
        912000,
        924000,
        936000,
        948000,
        960000,
        972000,
        984000,
        996000
    ],
    "avg_episodic_reward": [
        25.10610039401284,
        15.932367634527266,
        27.500910094376444,
        38.947176853034875,
        26.22743759645192,
        25.42666505515022,
        29.667517746149734,
        29.052017036720525,
        38.24854606136777,
        32.8908353061841,
        38.93383880244089,
        44.24011433733867,
        40.193326738475385,
        59.19002307933614,
        66.348555850724,
        62.67542745985606,
        65.30464672747851,
        74.8331579724267,
        77.63453373826533,
        82.51235047061033,
        73.52400499789519,
        80.21094200197827,
        81.05020806419928,
        85.76373921661533,
        82.06763854753855,
        87.60752213287591,
        81.22138849007048,
        99.61842639699175,
        106.33009436662236,
        83.33303894666435,
        94.89032180877386,
        102.86138864833272,
        103.43218873929891,
        116.62724409401066,
        102.47176405874663,
        109.19810232015968,
        122.48690146461672,
        107.12320207489365,
        137.00954514957553,
        137.5644090879086,
        128.02967976340426,
        131.52862407168433,
        129.7919258143425,
        115.32889724850699,
        130.7734269705648,
        135.5455341741221,
        162.66698911277643,
        161.5417694557923,
        167.55112865790196,
        164.02343530376714,
        176.63546850382969,
        164.97945674601374,
        178.445939864023,
        176.5993959730752,
        186.86995143040102,
        182.90414705417112,
        182.5684026277512,
        190.1650556951863,
        188.92443371538982,
        188.93029278058452,
        197.9898303222867,
        188.08101994665134,
        194.08194454272035,
        194.70806553722906,
        200.35923155672265,
        205.35329477411761,
        211.95273027606015,
        208.58518717875424,
        215.76051212044547,
        218.7012286568298,
        215.55341988847832,
        225.53968920535863,
        230.00234086448702,
        231.49230474108006,
        228.71999966852604,
        230.55734677756158,
        222.6891249661889,
        227.90564404512654,
        233.51645146338674,
        229.66597953570013,
        230.69475827387853,
        235.97178109751133,
        235.64765862090707
    ],
    "avg_episode_length": [
        1000.0,
        1000.0,
        1000.0,
        1000.0,
        1000.0,
        1000.0,
        1000.0,
        1000.0,
        1000.0,
        1000.0,
        1000.0,
        1000.0,
        1000.0,
        1000.0,
        1000.0,
        1000.0,
        1000.0,
        1000.0,
        1000.0,
        1000.0,
        1000.0,
        1000.0,
        1000.0,
        1000.0,
        1000.0,
        1000.0,
        1000.0,
        1000.0,
        1000.0,
        1000.0,
        1000.0,
        1000.0,
        1000.0,
        1000.0,
        1000.0,
        1000.0,
        1000.0,
        1000.0,
        1000.0,
        1000.0,
        1000.0,
        1000.0,
        1000.0,
        1000.0,
        1000.0,
        1000.0,
        1000.0,
        1000.0,
        1000.0,
        1000.0,
        1000.0,
        1000.0,
        1000.0,
        1000.0,
        1000.0,
        1000.0,
        1000.0,
        1000.0,
        1000.0,
        1000.0,
        1000.0,
        1000.0,
        1000.0,
        1000.0,
        1000.0,
        1000.0,
        1000.0,
        1000.0,
        1000.0,
        1000.0,
        1000.0,
        1000.0,
        1000.0,
        1000.0,
        1000.0,
        1000.0,
        1000.0,
        1000.0,
        1000.0,
        1000.0,
        1000.0,
        1000.0,
        1000.0
    ]
}