{
    "steps": [
        10240,
        20480,
        30720,
        40960,
        51200,
        61440,
        71680,
        81920,
        92160,
        102400,
        112640,
        122880,
        133120,
        143360,
        153600,
        163840,
        174080,
        184320,
        194560,
        204800,
        215040,
        225280,
        235520,
        245760,
        256000,
        266240,
        276480,
        286720,
        296960,
        307200,
        317440,
        327680,
        337920,
        348160,
        358400,
        368640,
        378880,
        389120,
        399360,
        409600,
        419840,
        410112,
        420352,
        430592,
        440832,
        451072,
        461312,
        471552,
        481792,
        492032,
        502272,
        512512,
        522752,
        532992,
        543232,
        553472,
        563712,
        573952,
        584192,
        594432,
        604672,
        614912,
        625152,
        635392,
        645632,
        655872,
        666112,
        676352,
        686592,
        696832,
        707072,
        717312,
        727552,
        737792,
        748032,
        758272,
        768512,
        778752,
        788992,
        799232,
        809472,
        819712,
        829952,
        840192,
        850432,
        860672,
        870912,
        881152,
        891392,
        901632,
        911872,
        922112,
        932352,
        942592,
        952832,
        963072,
        973312,
        983552,
        910336,
        920576,
        930816,
        941056,
        951296,
        961536,
        971776,
        982016,
        992256
    ],
    "avg_episodic_reward": [
        129.4463124123792,
        157.0605467869638,
        241.39513618917152,
        310.6313130740717,
        417.8258788552119,
        379.0530539990599,
        1216.108288934655,
        1610.522819803892,
        1804.0039462594548,
        1429.9609310901737,
        5120.02092920463,
        3729.0169133095424,
        null,
        null,
        9334.463686471368,
        9095.005486650754,
        null,
        2777.7378698102784,
        null,
        4157.600094643648,
        null,
        9336.45872409552,
        8222.521176747652,
        null,
        9324.801009689083,
        null,
        2618.8097623081508,
        3309.376673110428,
        null,
        1102.1839474432047,
        1687.2065995245378,
        1493.4196853546134,
        3810.306920590125,
        null,
        496.418789474233,
        4585.029502422294,
        3605.9536665316987,
        3486.588058995748,
        4808.049963083245,
        4664.175447932558,
        null,
        null,
        null,
        3589.425385905628,
        null,
        null,
        9325.341451768332,
        9338.136035278018,
        null,
        null,
        913.364128705949,
        2267.5936466212893,
        8192.332285681969,
        5614.330791173729,
        null,
        null,
        null,
        1408.0048970102503,
        4789.191607016047,
        9334.155199791065,
        3114.3237237393737,
        null,
        null,
        null,
        9333.982833577706,
        null,
        null,
        9336.333656861078,
        null,
        null,
        null,
        null,
        4975.51227327337,
        9327.29740013618,
        null,
        8417.688332585498,
        null,
        null,
        1427.1362034179886,
        null,
        null,
        9345.010367652463,
        9347.422621854625,
        785.6549978936897,
        9346.488941054562,
        null,
        null,
        null,
        null,
        1759.7277526710827,
        5125.277861827343,
        9347.939987109012,
        9347.571799963347,
        9345.92055264556,
        null,
        null,
        null,
        9344.252267161222,
        9346.926704319136,
        9337.317824909815,
        null,
        null,
        null,
        null,
        9341.453273063624,
        null,
        null
    ],
    "avg_episode_length": [
        14.027777777777779,
        17.032258064516128,
        26.1,
        33.53333333333333,
        45.0,
        40.81818181818182,
        130.75,
        173.0,
        193.66666666666666,
        153.5,
        549.0,
        400.0,
        null,
        null,
        1000.0,
        975.0,
        null,
        298.0,
        null,
        445.5,
        null,
        1000.0,
        881.0,
        null,
        1000.0,
        null,
        281.0,
        355.0,
        null,
        118.33333333333333,
        181.0,
        160.33333333333334,
        408.5,
        null,
        53.5,
        492.0,
        387.0,
        374.0,
        516.0,
        501.0,
        null,
        null,
        null,
        385.0,
        null,
        null,
        1000.0,
        1000.0,
        null,
        null,
        98.0,
        243.0,
        879.0,
        602.0,
        null,
        null,
        null,
        151.0,
        513.0,
        1000.0,
        334.0,
        null,
        null,
        null,
        1000.0,
        null,
        null,
        1000.0,
        null,
        null,
        null,
        null,
        533.5,
        1000.0,
        null,
        903.0,
        null,
        null,
        153.0,
        null,
        null,
        1000.0,
        1000.0,
        84.33333333333333,
        1000.0,
        null,
        null,
        null,
        null,
        188.5,
        548.5,
        1000.0,
        1000.0,
        1000.0,
        null,
        null,
        null,
        1000.0,
        1000.0,
        1000.0,
        null,
        null,
        null,
        null,
        1000.0,
        null,
        null
    ]
}