{
    "steps": [
        10240,
        20480,
        30720,
        40960,
        51200,
        61440,
        71680,
        81920,
        92160,
        102400,
        112640,
        122880,
        133120,
        143360,
        153600,
        163840,
        174080,
        184320,
        194560,
        204800,
        215040,
        225280,
        235520,
        245760,
        256000,
        266240,
        276480,
        286720,
        296960,
        307200,
        317440,
        327680,
        337920,
        348160,
        358400,
        368640,
        378880,
        389120,
        399360,
        409600,
        419840,
        430080,
        440320,
        450560,
        460800,
        471040,
        481280,
        491520,
        501760,
        512000,
        522240,
        532480,
        542720,
        552960,
        563200,
        573440,
        583680,
        593920,
        604160,
        614400,
        624640,
        634880,
        645120,
        655360,
        665600,
        675840,
        686080,
        696320,
        706560,
        716800,
        727040,
        737280,
        747520,
        757760,
        768000,
        778240,
        788480,
        798720,
        808960,
        819200,
        829440,
        839680,
        849920,
        860160,
        870400,
        880640,
        890880,
        901120,
        911360,
        921600,
        931840,
        942080,
        952320,
        962560,
        972800,
        983040,
        993280
    ],
    "avg_episodic_reward": [
        -219.16646455362002,
        -86.13843468177697,
        -125.2919227306818,
        -115.39161411871115,
        -68.98604867829,
        -120.5235782803299,
        -113.08580504932041,
        -15.166233328636359,
        -60.8591745791834,
        24.223640624692692,
        -30.401411097556924,
        -55.260577439275664,
        -1.1200097657525916,
        65.95027116294068,
        93.16243932826066,
        115.20636996774388,
        157.24043421001323,
        102.75407600507273,
        222.42568008379283,
        220.95644853797785,
        301.4285391129079,
        26.752563599905834,
        109.62306279436001,
        201.030824707846,
        113.88233128406314,
        9.78091196042952,
        241.82170285928473,
        -1.3621636870835587,
        103.86048672685392,
        396.2986776994855,
        202.09212610781918,
        364.0278992050014,
        380.93515009619244,
        326.6122812379738,
        273.92689554950596,
        399.91727620269717,
        486.76553946157577,
        500.5086377708683,
        401.08007353435386,
        290.3646446325167,
        607.0953645607639,
        420.9570132626329,
        548.3655543850573,
        455.912045301117,
        741.94478274414,
        641.8370209296648,
        542.6658772299826,
        833.7839729414977,
        818.5068770256771,
        835.3349794506336,
        829.8067074840937,
        687.6656345552366,
        1015.1307592821393,
        986.6237327117522,
        840.4100376819633,
        944.4783462513553,
        920.2223792432981,
        790.4267483602125,
        1293.6641832203727,
        1184.3899584336737,
        765.6875488308208,
        851.8974132862045,
        1491.2662858668436,
        962.4073574685954,
        1181.95703462388,
        1143.9615475163444,
        1271.9420587257227,
        715.6185320735719,
        1572.028427684618,
        1111.7143823005558,
        1238.9885070661337,
        1052.5267955621387,
        1024.2720901108569,
        1140.0726686125972,
        1241.0287337384254,
        1648.1902683452245,
        1191.953958069449,
        1511.0230831945682,
        1484.0279613067096,
        1633.2062410105882,
        1094.2913974962757,
        1209.967842442385,
        1739.2794870710177,
        900.4276915299804,
        1267.7855806743778,
        1889.5836387774134,
        1450.5815342798514,
        1867.5594940767398,
        1692.390240653529,
        1724.9988691043998,
        1997.8703330324317,
        1299.8227494203807,
        795.5739284015898,
        1242.8828990558327,
        1364.9986663788854,
        1637.754587900389,
        965.1556493687933
    ],
    "avg_episode_length": [
        1000.0,
        1000.0,
        1000.0,
        1000.0,
        1000.0,
        1000.0,
        1000.0,
        1000.0,
        1000.0,
        1000.0,
        1000.0,
        1000.0,
        1000.0,
        1000.0,
        1000.0,
        1000.0,
        1000.0,
        1000.0,
        1000.0,
        1000.0,
        1000.0,
        1000.0,
        1000.0,
        1000.0,
        1000.0,
        1000.0,
        1000.0,
        1000.0,
        1000.0,
        1000.0,
        1000.0,
        1000.0,
        1000.0,
        1000.0,
        1000.0,
        1000.0,
        1000.0,
        1000.0,
        1000.0,
        1000.0,
        1000.0,
        1000.0,
        1000.0,
        1000.0,
        1000.0,
        1000.0,
        1000.0,
        1000.0,
        1000.0,
        1000.0,
        1000.0,
        1000.0,
        1000.0,
        1000.0,
        1000.0,
        1000.0,
        1000.0,
        1000.0,
        1000.0,
        1000.0,
        1000.0,
        1000.0,
        1000.0,
        1000.0,
        1000.0,
        1000.0,
        1000.0,
        1000.0,
        1000.0,
        1000.0,
        1000.0,
        1000.0,
        1000.0,
        1000.0,
        1000.0,
        1000.0,
        1000.0,
        1000.0,
        1000.0,
        1000.0,
        1000.0,
        1000.0,
        1000.0,
        1000.0,
        1000.0,
        1000.0,
        1000.0,
        1000.0,
        1000.0,
        1000.0,
        1000.0,
        1000.0,
        1000.0,
        1000.0,
        1000.0,
        1000.0,
        1000.0
    ]
}