{
    "steps": [
        10039,
        20364,
        30410,
        40511,
        50888,
        60950,
        71178,
        81644,
        91748,
        101989,
        112051,
        122369,
        132683,
        142753,
        153310,
        163541,
        173904,
        184393,
        194452,
        204480,
        214694,
        224957,
        235032,
        245342,
        255562,
        265682,
        275836,
        285996,
        296222,
        306594,
        316972,
        327061,
        337499,
        347619,
        357882,
        368150,
        378608,
        389039,
        399090,
        409162,
        419183,
        429607,
        439936,
        449982,
        459982,
        470376,
        480685,
        490721,
        500974,
        511233,
        521384,
        531806,
        541831,
        552194,
        562540,
        572744,
        583013,
        593161,
        603185,
        613419,
        623841,
        634176,
        644619,
        654628,
        664693,
        674952,
        685361,
        695538,
        705755,
        716108,
        726271,
        736497,
        746730,
        756999,
        767438,
        777438,
        787783,
        797802,
        808078,
        818289,
        828585,
        838716,
        848817,
        858884,
        869268,
        879570,
        889626,
        899806,
        910115,
        920154,
        930237,
        940584,
        950814,
        961154,
        971251,
        981395,
        991714
    ],
    "avg_episodic_reward": [
        168.9900817523518,
        247.83438920840914,
        283.1639674233503,
        265.3733770119581,
        253.8327037504343,
        303.3972699425356,
        282.2846310524565,
        281.41526858839416,
        292.10697441411446,
        281.3496294371408,
        247.27215962893965,
        292.6002657391117,
        286.3308888954354,
        342.118497708522,
        346.26948207020314,
        294.4953356416934,
        279.44996659148586,
        291.92489943373187,
        291.5290483469328,
        305.8048036104276,
        259.92355743029384,
        277.41521246478214,
        293.6163540160313,
        288.3124576896528,
        261.0223014734471,
        285.2320782835275,
        237.99651780461147,
        288.4037896833732,
        302.79153150286896,
        260.1238627676421,
        262.604625845575,
        292.46279400679015,
        327.4997144818463,
        272.3109163475116,
        275.5824772259753,
        259.00111840346807,
        269.6710783261566,
        264.43895696014744,
        240.59928473867322,
        248.2199296596214,
        247.34513238920562,
        247.34186334299514,
        233.57139749700036,
        250.2562656481507,
        286.00340684625235,
        270.89693808774234,
        250.98678571398779,
        255.92570677555437,
        253.293057236333,
        251.7325828827747,
        244.48685594518014,
        273.16332244349576,
        250.57164588993516,
        259.5493202164687,
        230.80903387587404,
        304.3878933371094,
        275.5235558121029,
        270.5928251300634,
        268.94988841532233,
        296.73589360874905,
        254.42461223454166,
        264.4962973822524,
        260.79892451762527,
        267.8874014795036,
        239.82074773930918,
        269.49441637138943,
        284.5324916987938,
        254.7201422985899,
        267.83038556929307,
        264.02027314249125,
        244.49894462574682,
        243.06659493038984,
        235.28747660042976,
        238.9713566608615,
        287.44279286973693,
        273.636277971361,
        249.4099471968085,
        258.61867021718353,
        203.31340323040337,
        233.40188785915805,
        242.61362448488757,
        230.17211868670796,
        225.02841939510938,
        256.644339819951,
        254.92335154712413,
        234.09734682499243,
        247.61122563670085,
        283.22040548858706,
        237.87419098283635,
        307.6440158327296,
        259.894670566831,
        219.14932752489597,
        250.60531793681005,
        260.9027683269532,
        224.82263504967432,
        239.92565177256483,
        253.1257161395306
    ],
    "avg_episode_length": [
        18.3125,
        26.8125,
        30.5625,
        28.625,
        27.4375,
        32.6875,
        30.4375,
        30.375,
        31.5,
        30.375,
        26.75,
        31.5625,
        30.875,
        36.8125,
        37.25,
        31.75,
        30.125,
        31.4375,
        31.4375,
        32.9375,
        28.0625,
        29.9375,
        31.625,
        31.0625,
        28.1875,
        30.75,
        25.75,
        31.125,
        32.625,
        28.0625,
        28.375,
        31.5625,
        35.25,
        29.375,
        29.75,
        28.0,
        29.125,
        28.5625,
        26.0,
        26.8125,
        26.75,
        26.75,
        25.25,
        27.0625,
        30.875,
        29.25,
        27.0625,
        27.6875,
        27.375,
        27.1875,
        26.4375,
        29.5,
        27.0625,
        28.0625,
        25.0,
        32.8125,
        29.75,
        29.25,
        29.0625,
        32.0,
        27.5,
        28.5625,
        28.1875,
        28.9375,
        25.9375,
        29.0625,
        30.6875,
        27.5,
        28.9375,
        28.5,
        26.4375,
        26.25,
        25.4375,
        25.875,
        31.0,
        29.5625,
        26.9375,
        28.0,
        22.0,
        25.25,
        26.25,
        24.875,
        24.375,
        27.75,
        27.5,
        25.3125,
        26.75,
        30.625,
        25.75,
        33.1875,
        28.0625,
        23.6875,
        27.125,
        28.1875,
        24.375,
        25.9375,
        27.375
    ]
}