{
    "steps": [
        10240,
        20480,
        30720,
        40960,
        51200,
        61440,
        71680,
        81920,
        92160,
        102400,
        112640,
        122880,
        133120,
        143360,
        153600,
        163840,
        174080,
        184320,
        194560,
        204800,
        215040,
        225280,
        235520,
        245760,
        256000,
        266240,
        276480,
        286720,
        296960,
        307200,
        317440,
        327680,
        337920,
        348160,
        358400,
        368640,
        378880,
        389120,
        399360,
        409600,
        419840,
        430080,
        440320,
        450560,
        460800,
        471040,
        481280,
        491520,
        501760,
        512000,
        522240,
        532480,
        542720,
        552960,
        563200,
        573440,
        583680,
        593920,
        604160,
        614400,
        624640,
        634880,
        645120,
        655360,
        665600,
        675840,
        686080,
        696320,
        706560,
        716800,
        727040,
        737280,
        747520,
        757760,
        768000,
        778240,
        788480,
        798720,
        808960,
        819200,
        829440,
        839680,
        849920,
        860160,
        870400,
        880640,
        890880,
        901120,
        911360,
        921600,
        931840,
        942080,
        952320,
        962560,
        972800,
        983040,
        993280
    ],
    "avg_episodic_reward": [
        -166.57213778391454,
        -93.04528908582584,
        -53.61303419480208,
        68.28205336040652,
        10.76729057569099,
        90.62073551207351,
        159.89877990084318,
        208.64901692160475,
        91.17809857637083,
        374.48798728129145,
        510.2003528596531,
        472.55142430792745,
        562.9746367125283,
        744.1151648731909,
        567.8409769092771,
        819.6741940028212,
        787.0110041948719,
        959.0631716847121,
        904.1354126759034,
        891.3256037655356,
        1029.097477391654,
        1019.8698352270603,
        1065.9673739522987,
        1246.1533536994316,
        1155.9109603691513,
        1211.0030116420883,
        1352.8771734124734,
        1280.2512652240907,
        1387.9918754810737,
        1477.2793084924276,
        1619.9155432553625,
        1688.84677625542,
        1723.2032474413404,
        1717.3488536479886,
        1865.1772248590742,
        1855.647112990604,
        2014.3108044948008,
        2031.8277033337479,
        1994.7919903253346,
        2018.1809721129184,
        1988.4014528579949,
        2218.1677736903393,
        2093.518721438079,
        2360.0364540495602,
        2351.4315674087684,
        2263.670640597187,
        1890.6256628564975,
        1665.4222647320614,
        2383.1635041097334,
        2347.412926421895,
        480.73795466525235,
        2528.37911715536,
        2491.4422091669685,
        1668.0731114689015,
        2556.3870630990295,
        2472.6098341720417,
        2706.2763750096788,
        2688.062824814223,
        2621.3042695904337,
        2569.288201597174,
        2669.744137424739,
        2756.1480482101515,
        1317.207187730865,
        2662.251251359829,
        2722.6015773795903,
        2695.3734040866193,
        1215.83810255139,
        2321.758861317233,
        2405.0053042642494,
        2716.384227008087,
        2263.4080252773424,
        2450.3969476516268,
        2904.203628154317,
        2806.3485536332837,
        2822.069893928701,
        2899.2981480934955,
        2911.3158329746693,
        2928.0259553532605,
        2046.4388077503138,
        2980.637295311417,
        2689.7897012056806,
        2998.7888093030415,
        2975.3493799112393,
        2977.214480031679,
        2956.2063097184614,
        2985.270413932969,
        3074.6948000477796,
        2948.392455817653,
        3041.1776154719673,
        3071.5150911120204,
        3016.9132689361472,
        3034.637836929287,
        3073.4975074950735,
        2353.410036454402,
        3112.763306787533,
        3051.925046494583,
        3087.949169635021
    ],
    "avg_episode_length": [
        1000.0,
        1000.0,
        1000.0,
        1000.0,
        1000.0,
        1000.0,
        1000.0,
        1000.0,
        1000.0,
        1000.0,
        1000.0,
        1000.0,
        1000.0,
        1000.0,
        1000.0,
        1000.0,
        1000.0,
        1000.0,
        1000.0,
        1000.0,
        1000.0,
        1000.0,
        1000.0,
        1000.0,
        1000.0,
        1000.0,
        1000.0,
        1000.0,
        1000.0,
        1000.0,
        1000.0,
        1000.0,
        1000.0,
        1000.0,
        1000.0,
        1000.0,
        1000.0,
        1000.0,
        1000.0,
        1000.0,
        1000.0,
        1000.0,
        1000.0,
        1000.0,
        1000.0,
        1000.0,
        1000.0,
        1000.0,
        1000.0,
        1000.0,
        1000.0,
        1000.0,
        1000.0,
        1000.0,
        1000.0,
        1000.0,
        1000.0,
        1000.0,
        1000.0,
        1000.0,
        1000.0,
        1000.0,
        1000.0,
        1000.0,
        1000.0,
        1000.0,
        1000.0,
        1000.0,
        1000.0,
        1000.0,
        1000.0,
        1000.0,
        1000.0,
        1000.0,
        1000.0,
        1000.0,
        1000.0,
        1000.0,
        1000.0,
        1000.0,
        1000.0,
        1000.0,
        1000.0,
        1000.0,
        1000.0,
        1000.0,
        1000.0,
        1000.0,
        1000.0,
        1000.0,
        1000.0,
        1000.0,
        1000.0,
        1000.0,
        1000.0,
        1000.0,
        1000.0
    ]
}