{
    "steps": [
        10240,
        20480,
        30720,
        40960,
        51200,
        61440,
        71680,
        81920,
        92160,
        102400,
        112640,
        122880,
        133120,
        143360,
        153600,
        163840,
        174080,
        184320,
        194560,
        204800,
        215040,
        225280,
        235520,
        245760,
        256000,
        266240,
        276480,
        286720,
        296960,
        307200,
        317440,
        327680,
        337920,
        348160,
        358400,
        368640,
        378880,
        389120,
        399360,
        409600,
        419840,
        430080,
        440320,
        450560,
        460800,
        471040,
        481280,
        491520,
        501760,
        512000,
        522240,
        532480,
        542720,
        552960,
        563200,
        573440,
        583680,
        593920,
        604160,
        614400,
        624640,
        634880,
        645120,
        655360,
        665600,
        675840,
        686080,
        696320,
        706560,
        716800,
        727040,
        737280,
        747520,
        757760,
        768000,
        778240,
        788480,
        798720,
        808960,
        819200,
        829440,
        839680,
        849920,
        860160,
        870400,
        880640,
        890880,
        901120,
        911360,
        921600,
        931840,
        942080,
        952320,
        962560,
        972800,
        983040,
        993280
    ],
    "avg_episodic_reward": [
        20.691431805282505,
        31.03961659966605,
        32.56503613124632,
        38.97496432316973,
        38.634752173911686,
        36.73994842584375,
        38.75528225755434,
        39.92966043440737,
        42.90826120285964,
        42.978177908130064,
        45.90586655171284,
        47.68192801308605,
        50.00790318427618,
        50.85121094369381,
        53.61103656349107,
        56.40484419710835,
        62.201004861920055,
        63.1144469426468,
        68.12495114801393,
        69.75715738920297,
        71.23287259340977,
        74.2625255601498,
        75.58546898366026,
        74.38088805021644,
        77.5162762973519,
        83.41308577862418,
        80.62556389713671,
        77.74577837220747,
        81.36874682589713,
        80.69787215359781,
        84.4912045081122,
        86.70863146739364,
        86.7455465109175,
        88.38489059451238,
        89.67042797282531,
        93.97442459275945,
        94.86432866678,
        95.27529414571539,
        89.30331832275044,
        91.18757710511721,
        92.87766067466845,
        92.00381512007476,
        85.11764356930718,
        93.52401401403381,
        95.13185268817512,
        96.55460682392761,
        97.94415542215638,
        98.07072303877183,
        92.72352356996038,
        94.14978067673815,
        90.5196597475774,
        89.28848334681192,
        92.93850437390378,
        92.214368299706,
        97.04107597543592,
        99.40082669573181,
        96.40725891822296,
        97.84576820427057,
        98.53812813050143,
        96.76806774982865,
        97.07587140057609,
        97.97691941211178,
        98.71762185583921,
        98.35055095426748,
        96.62852340052648,
        97.5938663453777,
        98.49527208916479,
        103.0722146611364,
        104.80894596239207,
        111.45410522551697,
        107.0195462443778,
        104.65332211107837,
        104.94905527311266,
        106.42097925901487,
        100.50460084100422,
        101.2034784951459,
        102.06616308334026,
        107.17025012469722,
        103.71775300235271,
        107.96466284522722,
        105.55842557820473,
        107.84481330228894,
        102.53122051991411,
        106.5784237546851,
        95.05969956335551,
        101.18704744334023,
        88.96871959899283,
        109.34891111699972,
        104.1366949858882,
        105.24999888254217,
        108.01500508572651,
        106.47471872016581,
        101.12118454816503,
        105.8575912764107,
        107.1142394811771,
        106.69750988387734,
        99.52131915248185
    ],
    "avg_episode_length": [
        1000.0,
        1000.0,
        1000.0,
        1000.0,
        1000.0,
        1000.0,
        1000.0,
        1000.0,
        1000.0,
        1000.0,
        1000.0,
        1000.0,
        1000.0,
        1000.0,
        1000.0,
        1000.0,
        1000.0,
        1000.0,
        1000.0,
        1000.0,
        1000.0,
        1000.0,
        1000.0,
        1000.0,
        1000.0,
        1000.0,
        1000.0,
        1000.0,
        1000.0,
        1000.0,
        1000.0,
        1000.0,
        1000.0,
        1000.0,
        1000.0,
        1000.0,
        1000.0,
        1000.0,
        1000.0,
        1000.0,
        1000.0,
        1000.0,
        1000.0,
        1000.0,
        1000.0,
        1000.0,
        1000.0,
        1000.0,
        1000.0,
        1000.0,
        1000.0,
        1000.0,
        1000.0,
        1000.0,
        1000.0,
        1000.0,
        1000.0,
        1000.0,
        1000.0,
        1000.0,
        1000.0,
        1000.0,
        1000.0,
        1000.0,
        1000.0,
        1000.0,
        1000.0,
        1000.0,
        1000.0,
        1000.0,
        1000.0,
        1000.0,
        1000.0,
        1000.0,
        1000.0,
        1000.0,
        1000.0,
        1000.0,
        1000.0,
        1000.0,
        1000.0,
        1000.0,
        1000.0,
        1000.0,
        1000.0,
        1000.0,
        1000.0,
        1000.0,
        1000.0,
        1000.0,
        1000.0,
        1000.0,
        1000.0,
        1000.0,
        1000.0,
        1000.0,
        1000.0
    ]
}