{
    "steps": [
        11081,
        24060,
        36000,
        49529,
        60062,
        73429,
        87515,
        105323,
        115410,
        127443,
        139873,
        154900,
        172485,
        192539,
        220244,
        240123,
        271448,
        305038,
        341420,
        383003,
        421504,
        462216,
        513794,
        558983,
        615457,
        671877,
        732565,
        792051,
        855691,
        916055,
        980055,
        1038540
    ],
    "avg_episodic_reward": [
        43.859230942735394,
        80.35763029783175,
        89.77163051466299,
        103.3097941982036,
        111.03104263353165,
        128.77391460778338,
        136.4821198524206,
        155.08699633210182,
        183.87862427512476,
        200.11055648532994,
        204.1219204684945,
        248.8826250875837,
        281.04921933931047,
        334.86741069788394,
        423.0142407815992,
        327.09821550084536,
        489.80402835219684,
        530.2614896863878,
        565.4330360116678,
        672.3610448567092,
        586.3441362201604,
        660.4115315854369,
        796.393474628042,
        727.5393152212894,
        873.4651508462357,
        900.1098873912065,
        939.9398497369693,
        946.7210841887406,
        993.059819431496,
        959.513145909074,
        1004.9555945636218,
        931.7236889187789
    ],
    "avg_episode_length": [
        37.296875,
        56.84375,
        64.4375,
        76.6875,
        84.796875,
        106.171875,
        113.078125,
        133.46875,
        157.609375,
        188.015625,
        194.21875,
        234.796875,
        274.765625,
        313.34375,
        432.890625,
        310.609375,
        489.453125,
        524.84375,
        568.46875,
        649.734375,
        601.578125,
        636.125,
        805.90625,
        706.078125,
        882.40625,
        881.5625,
        948.25,
        929.46875,
        994.375,
        943.1875,
        1000.0,
        913.828125
    ]
}