{
    "steps": [
        10240,
        20480,
        30720,
        40960,
        51200,
        61440,
        71680,
        81920,
        92160,
        102400,
        112640,
        122880,
        133120,
        143360,
        153600,
        163840,
        174080,
        184320,
        194560,
        204800,
        215040,
        225280,
        235520,
        245760,
        256000,
        266240,
        276480,
        286720,
        296960,
        307200,
        317440,
        327680,
        337920,
        348160,
        358400,
        368640,
        378880,
        389120,
        399360,
        409600,
        419840,
        430080,
        440320,
        450560,
        460800,
        471040,
        481280,
        491520,
        501760,
        512000,
        522240,
        532480,
        542720,
        552960,
        563200,
        573440,
        583680,
        593920,
        604160,
        614400,
        624640,
        634880,
        645120,
        655360,
        665600,
        675840,
        686080,
        696320,
        706560,
        716800,
        727040,
        737280,
        747520,
        757760,
        768000,
        778240,
        788480,
        798720,
        808960,
        819200,
        829440,
        839680,
        849920,
        860160,
        870400,
        880640,
        890880,
        901120,
        911360,
        921600,
        931840,
        942080,
        952320,
        962560,
        972800,
        983040,
        993280
    ],
    "avg_episodic_reward": [
        -458.43207844528797,
        -275.8833268960527,
        -287.6550865601557,
        -237.49905872564727,
        -214.588285842865,
        -243.12074759262538,
        -239.1797104743314,
        -242.13750694859505,
        -196.918015230028,
        -122.64324977802531,
        -105.55654274492066,
        -106.77763496524193,
        -71.18521518108224,
        52.57025175480331,
        53.08351383560353,
        107.48085623468504,
        169.44825803735304,
        96.32568272044647,
        217.56121042373798,
        272.59387365855696,
        388.65527915917875,
        361.46000994649603,
        461.13451035552623,
        500.4298947620362,
        272.7312913398054,
        571.1352056299907,
        649.794623237977,
        669.0391475427589,
        638.3832394267457,
        685.7829202012206,
        640.8341393473629,
        724.7847101084853,
        679.8956398883972,
        798.5019780829648,
        831.7091050907175,
        862.4152452955126,
        856.0610954433575,
        856.7912823764677,
        993.370969143217,
        977.1825650874546,
        932.8476156432798,
        924.0690090177795,
        934.6654824323143,
        961.7885683729057,
        1020.0908694004079,
        1045.5238712381763,
        1009.4463517185372,
        1130.1622889240966,
        1070.4326075396154,
        1069.7315605465776,
        1029.4991571595378,
        1099.113118894939,
        1117.2107266325997,
        1114.9653944815213,
        1058.1025384107797,
        1099.197251034001,
        1104.312801900784,
        1093.2802054745148,
        1119.8156216221319,
        1109.6110293971794,
        1057.4758737146756,
        1097.9827871074472,
        1147.3938611019726,
        1153.034222368003,
        1158.7896339973354,
        1108.2589673580603,
        1103.0348683038187,
        1179.141000811699,
        1042.3240034221135,
        1103.5359746971235,
        1101.7681363048455,
        1124.093564253337,
        1138.8853735896437,
        1078.5619481844972,
        1145.1645850438051,
        1189.6838639308849,
        1182.4373026279773,
        1158.9044422830532,
        1132.408633205942,
        1115.502716444645,
        1097.1207309445717,
        1106.9163184863405,
        1061.433701330414,
        1208.3415254497293,
        1125.28431088551,
        1244.9656065762924,
        1193.713797165838,
        1200.8197922512923,
        1214.5580432920633,
        1231.1031577789317,
        1162.3824400753633,
        1235.4357715598196,
        1225.2418730600427,
        1157.7591575325564,
        1136.149329240337,
        1188.607650893021,
        1177.1992858119695
    ],
    "avg_episode_length": [
        1000.0,
        1000.0,
        1000.0,
        1000.0,
        1000.0,
        1000.0,
        1000.0,
        1000.0,
        1000.0,
        1000.0,
        1000.0,
        1000.0,
        1000.0,
        1000.0,
        1000.0,
        1000.0,
        1000.0,
        1000.0,
        1000.0,
        1000.0,
        1000.0,
        1000.0,
        1000.0,
        1000.0,
        1000.0,
        1000.0,
        1000.0,
        1000.0,
        1000.0,
        1000.0,
        1000.0,
        1000.0,
        1000.0,
        1000.0,
        1000.0,
        1000.0,
        1000.0,
        1000.0,
        1000.0,
        1000.0,
        1000.0,
        1000.0,
        1000.0,
        1000.0,
        1000.0,
        1000.0,
        1000.0,
        1000.0,
        1000.0,
        1000.0,
        1000.0,
        1000.0,
        1000.0,
        1000.0,
        1000.0,
        1000.0,
        1000.0,
        1000.0,
        1000.0,
        1000.0,
        1000.0,
        1000.0,
        1000.0,
        1000.0,
        1000.0,
        1000.0,
        1000.0,
        1000.0,
        1000.0,
        1000.0,
        1000.0,
        1000.0,
        1000.0,
        1000.0,
        1000.0,
        1000.0,
        1000.0,
        1000.0,
        1000.0,
        1000.0,
        1000.0,
        1000.0,
        1000.0,
        1000.0,
        1000.0,
        1000.0,
        1000.0,
        1000.0,
        1000.0,
        1000.0,
        1000.0,
        1000.0,
        1000.0,
        1000.0,
        1000.0,
        1000.0,
        1000.0
    ]
}