{
    "steps": [
        10240,
        20480,
        30720,
        40960,
        51200,
        61440,
        71680,
        81920,
        92160,
        102400,
        112640,
        122880,
        133120,
        143360,
        153600,
        163840,
        174080,
        184320,
        194560,
        204800,
        215040,
        225280,
        235520,
        245760,
        256000,
        266240,
        276480,
        286720,
        296960,
        307200,
        317440,
        327680,
        337920,
        348160,
        358400,
        368640,
        378880,
        389120,
        399360,
        409600,
        419840,
        430080,
        440320,
        450560,
        460800,
        471040,
        481280,
        491520,
        501760,
        512000,
        522240,
        532480,
        542720,
        552960,
        563200,
        573440,
        583680,
        593920,
        604160,
        614400,
        624640,
        634880,
        645120,
        655360,
        665600,
        675840,
        686080,
        696320,
        706560,
        716800,
        727040,
        737280,
        747520,
        757760,
        768000,
        778240,
        788480,
        798720,
        808960,
        819200,
        829440,
        839680,
        849920,
        860160,
        870400,
        880640,
        890880,
        901120,
        911360,
        921600,
        931840,
        942080,
        952320,
        962560,
        972800,
        983040,
        993280
    ],
    "avg_episodic_reward": [
        175.8732083387836,
        251.7041911839399,
        283.81963833616896,
        315.831138563755,
        288.90957449954414,
        341.2900161705878,
        420.6043641493652,
        401.37852158680363,
        788.9260862911575,
        301.1467679675644,
        690.3722058245331,
        124.35608792119797,
        143.9907385285653,
        156.32327312082654,
        260.7825036709748,
        292.9839844537202,
        443.35286784452546,
        675.6075215264809,
        623.8613980810496,
        855.7968786638925,
        981.6161612832827,
        3057.607807787306,
        147.5986440194102,
        2541.938024810734,
        1669.9104269005313,
        318.0114754293384,
        223.92422481442802,
        256.720200137064,
        306.0408828136584,
        489.5426229628149,
        478.94665590285575,
        574.5208732713983,
        142.61925483397826,
        9353.145440723873,
        9351.219799368831,
        194.5034441292688,
        511.1439493015141,
        423.2230332364019,
        871.5382071912826,
        3955.8172017025126,
        2676.936518648007,
        220.90961197455982,
        1093.8112588901545,
        9347.595142055485,
        null,
        null,
        1149.8031603198249,
        4758.185374605636,
        1211.0665603342156,
        757.8597988582524,
        9346.146335261865,
        5938.425710746108,
        null,
        null,
        9348.266707914428,
        null,
        2310.579740268647,
        556.6211501046679,
        null,
        9348.932767159418,
        null,
        1606.2037616102007,
        null,
        9356.174729733857,
        454.8311491219701,
        null,
        1399.9309878706756,
        9351.42879525343,
        null,
        null,
        null,
        null,
        null,
        8697.577260867074,
        1669.995846545115,
        4796.90587379914,
        null,
        null,
        null,
        null,
        null,
        2652.7885097945023,
        5645.508556330291,
        null,
        null,
        4496.094852943882,
        null,
        253.93612718164673,
        null,
        9356.224887150485,
        null,
        null,
        9356.998789336021,
        null,
        9355.440681412336,
        null,
        9355.438973560922
    ],
    "avg_episode_length": [
        19.03846153846154,
        27.166666666666668,
        30.6875,
        34.06666666666667,
        31.235294117647058,
        36.84615384615385,
        45.36363636363637,
        43.27272727272727,
        84.83333333333333,
        32.5625,
        74.375,
        13.545454545454545,
        15.727272727272727,
        17.033333333333335,
        28.263157894736842,
        31.625,
        47.63636363636363,
        72.42857142857143,
        67.0,
        91.83333333333333,
        105.4,
        327.5,
        16.03125,
        272.0,
        179.0,
        34.266666666666666,
        24.38095238095238,
        27.77777777777778,
        33.0,
        52.55555555555556,
        51.4,
        61.625,
        15.515151515151516,
        1000.0,
        1000.0,
        21.08,
        54.888888888888886,
        45.54545454545455,
        93.66666666666667,
        424.0,
        287.0,
        23.952380952380953,
        117.25,
        1000.0,
        null,
        null,
        123.6,
        509.5,
        129.83333333333334,
        81.42857142857143,
        1000.0,
        636.0,
        null,
        null,
        1000.0,
        null,
        247.5,
        59.833333333333336,
        null,
        1000.0,
        null,
        172.33333333333334,
        null,
        1000.0,
        48.90909090909091,
        null,
        150.0,
        1000.0,
        null,
        null,
        null,
        null,
        null,
        932.0,
        179.0,
        513.0,
        null,
        null,
        null,
        null,
        null,
        284.0,
        604.0,
        null,
        null,
        481.5,
        null,
        27.42105263157895,
        null,
        1000.0,
        null,
        null,
        1000.0,
        null,
        1000.0,
        null,
        1000.0
    ]
}