{
    "steps": [
        16000,
        32000,
        48000,
        64000,
        80000,
        96000,
        112000,
        128000,
        144000,
        160000,
        176000,
        192000,
        208000,
        224000,
        240000,
        256000,
        272000,
        288000,
        304000,
        320000,
        336000,
        352000,
        368000,
        384000,
        400000,
        416000,
        432000,
        448000,
        464000,
        480000,
        496000,
        512000,
        528000,
        544000,
        560000,
        576000,
        592000,
        608000,
        624000,
        640000,
        656000,
        672000,
        688000,
        704000,
        720000,
        736000,
        752000,
        768000,
        784000,
        800000,
        816000,
        832000,
        848000,
        864000,
        880000,
        896000,
        912000,
        928000,
        944000,
        960000,
        976000,
        992000,
        1008000
    ],
    "avg_episodic_reward": [
        -357.17675251335083,
        -378.11461891724696,
        -358.2772630671035,
        -392.0939024649966,
        -386.1328900326663,
        -371.1185632044302,
        -373.69824272532776,
        -324.13925690516015,
        -373.78505860441055,
        -404.3561303878423,
        -348.15413742698877,
        -353.4461797769708,
        -376.1312369822374,
        -361.0753487078966,
        -308.1861284051622,
        -355.16850609446885,
        -363.91607535124916,
        -369.19779203288465,
        -341.26809220103183,
        -349.33734685293996,
        -387.1278867594922,
        -319.0627400363066,
        -292.5290279865691,
        -295.91193440907824,
        -316.1036818200751,
        -246.61079184350638,
        -345.1022318394614,
        -299.18642038733157,
        -293.98253489737544,
        -333.04385164396615,
        -301.92167175106954,
        -326.83134102522854,
        -318.8242359257457,
        -316.4765144880529,
        -319.52391762446655,
        -271.7479732213808,
        -312.8736915007523,
        -328.04114922717486,
        -302.91456723999585,
        -275.2608478053803,
        -267.9381322511396,
        -283.07173677260124,
        -242.1733891155077,
        -226.21214812140838,
        -249.3192840455181,
        -273.2446378436157,
        -307.0142200392304,
        -274.6867558257226,
        -276.40799974476687,
        -272.75820767748536,
        -241.97238035915984,
        -222.9363126641183,
        -276.1338924276205,
        -214.04343434382943,
        -299.8453673504189,
        -184.52722128485425,
        -224.15940302369657,
        -314.91111726793224,
        -226.60460151815377,
        -240.78388319009514,
        -222.51307747814866,
        -189.57332889004192,
        -280.497172843578
    ],
    "avg_episode_length": [
        1000.0,
        1000.0,
        1000.0,
        1000.0,
        1000.0,
        1000.0,
        1000.0,
        1000.0,
        1000.0,
        1000.0,
        1000.0,
        1000.0,
        1000.0,
        1000.0,
        1000.0,
        1000.0,
        1000.0,
        1000.0,
        1000.0,
        1000.0,
        1000.0,
        1000.0,
        1000.0,
        1000.0,
        1000.0,
        1000.0,
        1000.0,
        1000.0,
        1000.0,
        1000.0,
        1000.0,
        1000.0,
        1000.0,
        1000.0,
        1000.0,
        1000.0,
        1000.0,
        1000.0,
        1000.0,
        1000.0,
        1000.0,
        1000.0,
        1000.0,
        1000.0,
        1000.0,
        1000.0,
        1000.0,
        1000.0,
        1000.0,
        1000.0,
        1000.0,
        1000.0,
        1000.0,
        1000.0,
        1000.0,
        1000.0,
        1000.0,
        1000.0,
        1000.0,
        1000.0,
        1000.0,
        1000.0,
        1000.0
    ]
}