{
    "steps": [
        16000,
        32000,
        48000,
        64000,
        80000,
        96000,
        112000,
        128000,
        144000,
        160000,
        176000,
        192000,
        208000,
        224000,
        240000,
        256000,
        272000,
        288000,
        304000,
        320000,
        336000,
        352000,
        368000,
        384000,
        400000,
        416000,
        432000,
        448000,
        464000,
        480000,
        496000,
        512000,
        528000,
        544000,
        560000,
        576000,
        592000,
        608000,
        624000,
        640000,
        656000,
        672000,
        688000,
        704000,
        720000,
        736000,
        752000,
        768000,
        784000,
        800000,
        816000,
        832000,
        848000,
        864000,
        880000,
        896000,
        912000,
        928000,
        944000,
        960000,
        976000,
        992000,
        1008000
    ],
    "avg_episodic_reward": [
        -252.5599063568098,
        -241.00917575693376,
        -248.41437813803708,
        -207.34468833321853,
        -239.58653701900033,
        -208.66371404489823,
        -232.09848656237128,
        -194.92423533557084,
        -204.03623323099066,
        -222.32033176495582,
        -181.37467578970515,
        -199.5466537942595,
        -174.5655982684092,
        -163.26700363461964,
        -178.61270695119137,
        -180.76656510870964,
        -172.89672857165255,
        -155.9233384385521,
        -151.33256834719776,
        -132.7822798270126,
        -147.11049736412835,
        -128.20703538496207,
        -133.42857227781747,
        -123.3867301944945,
        -101.75684014004885,
        -87.32028274677805,
        -93.32025847331522,
        -96.9899633004865,
        -100.72887728092181,
        -105.58743316875102,
        -76.64218141794623,
        -120.66662090613548,
        -101.71034439243778,
        -87.17453831595645,
        -82.55234176192725,
        -62.1487508655958,
        -71.98287878189797,
        -88.94659969073038,
        -72.69319477450917,
        -103.54827059660036,
        -79.00306471853101,
        -96.0829603782739,
        -70.75272451822825,
        -82.483380282397,
        -59.85933597273048,
        -64.132820121548,
        -60.30922346004641,
        -48.14570901213753,
        -57.281097941605395,
        -64.37718218279679,
        -69.72943845665687,
        -55.63659064103651,
        -29.41355846698817,
        -50.097259925776484,
        -35.01907217997279,
        -51.78881454769642,
        -40.18243516112126,
        -18.584977372208186,
        -46.554913062352526,
        -31.74714526959756,
        -15.076177443078004,
        -55.562462789644734,
        -46.29298427768603
    ],
    "avg_episode_length": [
        1000.0,
        1000.0,
        1000.0,
        1000.0,
        1000.0,
        1000.0,
        1000.0,
        1000.0,
        1000.0,
        1000.0,
        1000.0,
        1000.0,
        1000.0,
        1000.0,
        1000.0,
        1000.0,
        1000.0,
        1000.0,
        1000.0,
        1000.0,
        1000.0,
        1000.0,
        1000.0,
        1000.0,
        1000.0,
        1000.0,
        1000.0,
        1000.0,
        1000.0,
        1000.0,
        1000.0,
        1000.0,
        1000.0,
        1000.0,
        1000.0,
        1000.0,
        1000.0,
        1000.0,
        1000.0,
        1000.0,
        1000.0,
        1000.0,
        1000.0,
        1000.0,
        1000.0,
        1000.0,
        1000.0,
        1000.0,
        1000.0,
        1000.0,
        1000.0,
        1000.0,
        1000.0,
        1000.0,
        1000.0,
        1000.0,
        1000.0,
        1000.0,
        1000.0,
        1000.0,
        1000.0,
        1000.0,
        1000.0
    ]
}