{
    "steps": [
        16000,
        32000,
        48000,
        64000,
        80000,
        96000,
        112000,
        128000,
        144000,
        160000,
        176000,
        192000,
        208000,
        224000,
        240000,
        256000,
        272000,
        288000,
        304000,
        320000,
        336000,
        352000,
        368000,
        384000,
        400000,
        416000,
        432000,
        448000,
        464000,
        480000,
        496000,
        512000,
        528000,
        544000,
        560000,
        576000,
        592000,
        608000,
        624000,
        640000,
        656000,
        672000,
        688000,
        704000,
        720000,
        736000,
        752000,
        768000,
        784000,
        800000,
        816000,
        832000,
        848000,
        864000,
        880000,
        896000,
        912000,
        928000,
        944000,
        960000,
        976000,
        992000,
        1008000
    ],
    "avg_episodic_reward": [
        -387.91760844214224,
        -358.73424301417685,
        -371.6484718489037,
        -372.9660372158526,
        -354.319881706231,
        -375.4121887641042,
        -368.82072878328233,
        -347.7147392591703,
        -387.79806879789,
        -367.4400460264162,
        -367.28126449870393,
        -361.248671553377,
        -335.9842651367575,
        -367.25331039758896,
        -330.5658020557281,
        -330.35862587581715,
        -328.56758643548324,
        -381.81092567271827,
        -321.0662634805159,
        -336.8510549643627,
        -357.78946092242603,
        -336.4375739938246,
        -358.1861651773126,
        -324.8274681414277,
        -407.1230898708732,
        -346.8974180883247,
        -345.4087041545126,
        -342.58539592622526,
        -352.94918532497434,
        -361.64885606472495,
        -344.4706968067855,
        -314.443276832445,
        -338.0546883191339,
        -333.49531954351755,
        -342.0137283951244,
        -365.32128873188776,
        -325.981168287366,
        -322.0953830121272,
        -352.2427735597777,
        -323.88506113608196,
        -298.8972826508928,
        -311.48966120252777,
        -321.0970154603263,
        -327.53312552059384,
        -302.07500363307395,
        -332.9260839855629,
        -308.54308819279544,
        -349.907122069454,
        -349.42649657661025,
        -332.6324279746405,
        -314.43231664911343,
        -330.03006527334855,
        -327.37987390817545,
        -408.75470286502093,
        -294.2993976276965,
        -282.48169383058644,
        -310.45675276417523,
        -303.46603821327375,
        -305.4721024573693,
        -333.6310328939737,
        -380.0229798435349,
        -307.6844126552631,
        -329.8853822241025
    ],
    "avg_episode_length": [
        1000.0,
        1000.0,
        1000.0,
        1000.0,
        1000.0,
        1000.0,
        1000.0,
        1000.0,
        1000.0,
        1000.0,
        1000.0,
        1000.0,
        1000.0,
        1000.0,
        1000.0,
        1000.0,
        1000.0,
        1000.0,
        1000.0,
        1000.0,
        1000.0,
        1000.0,
        1000.0,
        1000.0,
        1000.0,
        1000.0,
        1000.0,
        1000.0,
        1000.0,
        1000.0,
        1000.0,
        1000.0,
        1000.0,
        1000.0,
        1000.0,
        1000.0,
        1000.0,
        1000.0,
        1000.0,
        1000.0,
        1000.0,
        1000.0,
        1000.0,
        1000.0,
        1000.0,
        1000.0,
        1000.0,
        1000.0,
        1000.0,
        1000.0,
        1000.0,
        1000.0,
        1000.0,
        1000.0,
        1000.0,
        1000.0,
        1000.0,
        1000.0,
        1000.0,
        1000.0,
        1000.0,
        1000.0,
        1000.0
    ]
}