{
    "steps": [
        10357,
        20732,
        36230,
        50767,
        69241,
        79909,
        92936,
        107240,
        123117,
        140311,
        160889,
        182655,
        210481,
        235902,
        263857,
        294186,
        332664,
        366839,
        409153,
        456667,
        509312,
        566118,
        624906,
        687267,
        751267,
        812930,
        874391,
        934854,
        992796,
        1054927
    ],
    "avg_episodic_reward": [
        61.19830224807505,
        89.51285645136187,
        158.42983851622455,
        197.866336988812,
        253.15580822285276,
        260.08620542048413,
        299.4096031591575,
        319.54371367151373,
        356.59516987170974,
        371.82879181202173,
        430.2315404891805,
        425.5689268773659,
        541.619127570984,
        502.0596883081131,
        485.49989581131695,
        565.6890251249552,
        707.9921746200673,
        568.5947500711477,
        752.909391884134,
        831.5695040364384,
        901.3244747145195,
        961.1697359766,
        963.7576205346304,
        1018.7758266925052,
        1023.6723338037989,
        1013.3739578274885,
        1004.9742813695685,
        1005.5524901984654,
        963.8421854356396,
        1020.2122997697173
    ],
    "avg_episode_length": [
        43.453125,
        57.0625,
        94.6875,
        120.75,
        157.21875,
        166.6875,
        203.546875,
        223.5,
        248.078125,
        268.65625,
        321.53125,
        340.09375,
        434.78125,
        397.203125,
        436.796875,
        473.890625,
        601.21875,
        533.984375,
        661.15625,
        742.40625,
        822.578125,
        887.59375,
        918.5625,
        974.390625,
        1000.0,
        963.484375,
        960.328125,
        944.734375,
        905.34375,
        970.796875
    ]
}