{
    "steps": [
        11392,
        24380,
        39470,
        54019,
        72069,
        92050,
        103427,
        114578,
        125972,
        137576,
        148483,
        161163,
        172413,
        184179,
        196236,
        208853,
        221100,
        234237,
        247150,
        260980,
        276142,
        289673,
        304069,
        317595,
        330673,
        343957,
        358571,
        372823,
        388615,
        404330,
        418414,
        436707,
        456807,
        473930,
        494511,
        516704,
        539214,
        560359,
        589467,
        619015,
        650941,
        679981,
        714026,
        753143,
        787732,
        823585,
        860579,
        896772,
        938878,
        978747,
        1024455
    ],
    "avg_episodic_reward": [
        16.91272895231285,
        36.97749812753402,
        75.19037060622244,
        126.61910975307775,
        174.59167246199078,
        220.59813854363472,
        249.90138319590426,
        232.5811456508406,
        229.49933487124247,
        246.42682893385944,
        255.13623385236025,
        289.5693237231693,
        270.73452061483357,
        283.0447919361272,
        287.15401876029375,
        286.5133408445255,
        293.24002708228704,
        280.9813492504365,
        277.3513542428538,
        298.07268218458194,
        324.6595717426728,
        302.0606488413089,
        336.24442555028975,
        321.3490890378357,
        310.3721505947649,
        304.65683374572995,
        337.8467176191207,
        322.09743125299366,
        351.017228617931,
        355.15996296659284,
        327.1424174996247,
        392.7010474747739,
        401.3731800531499,
        357.9527552158285,
        412.3928991878638,
        425.417984955499,
        417.79624118007723,
        419.94768690713914,
        521.7294273022569,
        514.0425673102877,
        532.4015314741332,
        498.0888858145604,
        570.9069006000045,
        625.9489323925917,
        564.4786396306032,
        580.3130104812885,
        600.5399483393908,
        574.2201065125926,
        653.9923372873552,
        628.6020869626724,
        688.4674840317537
    ],
    "avg_episode_length": [
        39.4375,
        60.015625,
        87.921875,
        125.265625,
        146.09375,
        171.5,
        177.765625,
        174.234375,
        178.03125,
        181.3125,
        170.421875,
        198.125,
        175.78125,
        183.84375,
        188.390625,
        197.140625,
        191.359375,
        205.265625,
        201.765625,
        216.09375,
        236.90625,
        211.421875,
        224.9375,
        211.34375,
        204.34375,
        207.5625,
        228.34375,
        222.6875,
        246.75,
        245.546875,
        220.0625,
        285.828125,
        314.0625,
        267.546875,
        321.578125,
        346.765625,
        351.71875,
        330.390625,
        454.8125,
        461.6875,
        498.84375,
        453.75,
        531.953125,
        611.203125,
        540.453125,
        560.203125,
        578.03125,
        565.515625,
        657.90625,
        622.953125,
        714.1875
    ]
}