{
    "steps": [
        12030,
        24781,
        36589,
        54421,
        66719,
        84389,
        120553,
        172201,
        233990,
        295741,
        358816,
        422816,
        486816,
        550113,
        613552,
        677552,
        741552,
        805552,
        869552,
        933552,
        997552,
        1061207
    ],
    "avg_episodic_reward": [
        42.578125,
        73.75,
        101.703125,
        151.609375,
        192.15625,
        276.09375,
        565.0625,
        807.0,
        965.453125,
        964.859375,
        985.546875,
        1000.0,
        1000.0,
        989.015625,
        991.234375,
        1000.0,
        1000.0,
        1000.0,
        1000.0,
        1000.0,
        1000.0,
        994.609375
    ],
    "avg_episode_length": [
        42.578125,
        73.75,
        101.703125,
        151.609375,
        192.15625,
        276.09375,
        565.0625,
        807.0,
        965.453125,
        964.859375,
        985.546875,
        1000.0,
        1000.0,
        989.015625,
        991.234375,
        1000.0,
        1000.0,
        1000.0,
        1000.0,
        1000.0,
        1000.0,
        994.609375
    ]
}