{
    "steps": [
        10240,
        20480,
        30720,
        40960,
        51200,
        61440,
        71680,
        81920,
        92160,
        102400,
        112640,
        122880,
        133120,
        143360,
        153600,
        163840,
        174080,
        184320,
        194560,
        204800,
        215040,
        225280,
        235520,
        245760,
        256000,
        266240,
        276480,
        286720,
        296960,
        307200,
        317440,
        327680,
        337920,
        348160,
        358400,
        368640,
        378880,
        389120,
        399360,
        409600,
        419840,
        430080,
        440320,
        450560,
        460800,
        471040,
        481280,
        491520,
        501760,
        512000,
        522240,
        532480,
        542720,
        552960,
        563200,
        573440,
        583680,
        593920,
        604160,
        614400,
        624640,
        634880,
        645120,
        655360,
        665600,
        675840,
        686080,
        696320,
        706560,
        716800,
        727040,
        737280,
        747520,
        757760,
        768000,
        778240,
        788480,
        798720,
        808960,
        819200,
        829440,
        839680,
        849920,
        860160,
        870400,
        880640,
        890880,
        901120,
        911360,
        921600,
        931840,
        942080,
        952320,
        962560,
        972800,
        983040,
        993280
    ],
    "avg_episodic_reward": [
        -136.73959056221497,
        -134.5895140848109,
        -81.11196587938181,
        16.468854565264046,
        -65.11138796914781,
        -154.84950897990433,
        -58.28114705320498,
        -83.37441016418148,
        72.9020760541211,
        47.067484777689856,
        98.59715262918878,
        72.37346083265003,
        29.636138248614543,
        -36.02590528543384,
        63.07975370910306,
        92.46291575359331,
        -7.044508612171288,
        75.01049235403826,
        131.17243432612372,
        203.97683692877183,
        231.5655811009257,
        225.14673748845078,
        495.49002309709977,
        529.1860728993289,
        424.115208213784,
        545.8982852155809,
        550.7611528372386,
        693.2308390291261,
        647.026927825448,
        825.7676023913623,
        807.7589322603527,
        934.8720711216621,
        954.2586185918004,
        997.2959605520623,
        920.0780074420583,
        1082.3121317878804,
        1023.175225316637,
        1165.8094367016156,
        1248.152488129828,
        1221.292279444584,
        1206.6445068419855,
        1395.8540896775298,
        1305.7014841899597,
        1327.700676000171,
        1361.9711617321095,
        1381.335412577667,
        1638.2310603530887,
        1641.535921749077,
        1503.1220549853701,
        1641.1489763300342,
        1653.8979186355134,
        1555.669354647378,
        1566.097885512991,
        1656.9468167426446,
        1782.2266992928953,
        1727.7191163756042,
        1691.189736866657,
        1615.3470215383802,
        1586.6139049473743,
        1753.6015432667505,
        1653.907734598206,
        1593.383944689189,
        1887.2902261037327,
        1717.158866156772,
        1688.472026740354,
        1828.3793854554224,
        1840.3599146762472,
        1831.7013487745535,
        1832.1603059017157,
        1926.0865277945604,
        1997.7110910231838,
        1817.8520052488384,
        1527.0135474507929,
        2029.2249559843053,
        1846.9616749771294,
        1961.526786363467,
        2129.390527864877,
        1846.9475999065735,
        2076.8549162145646,
        2062.0885854464154,
        2159.160677971445,
        1980.2340597891707,
        2013.380008668619,
        1997.6542470558866,
        2132.273217745197,
        2235.72925498968,
        2283.780732673835,
        1919.652882275762,
        2150.2016661878447,
        2054.5328079121573,
        2178.555363460196,
        1884.55995197454,
        2399.300067649875,
        2351.7491109034627,
        2040.632733864387,
        2146.890640493119,
        2334.1478468625774
    ],
    "avg_episode_length": [
        1000.0,
        1000.0,
        1000.0,
        1000.0,
        1000.0,
        1000.0,
        1000.0,
        1000.0,
        1000.0,
        1000.0,
        1000.0,
        1000.0,
        1000.0,
        1000.0,
        1000.0,
        1000.0,
        1000.0,
        1000.0,
        1000.0,
        1000.0,
        1000.0,
        1000.0,
        1000.0,
        1000.0,
        1000.0,
        1000.0,
        1000.0,
        1000.0,
        1000.0,
        1000.0,
        1000.0,
        1000.0,
        1000.0,
        1000.0,
        1000.0,
        1000.0,
        1000.0,
        1000.0,
        1000.0,
        1000.0,
        1000.0,
        1000.0,
        1000.0,
        1000.0,
        1000.0,
        1000.0,
        1000.0,
        1000.0,
        1000.0,
        1000.0,
        1000.0,
        1000.0,
        1000.0,
        1000.0,
        1000.0,
        1000.0,
        1000.0,
        1000.0,
        1000.0,
        1000.0,
        1000.0,
        1000.0,
        1000.0,
        1000.0,
        1000.0,
        1000.0,
        1000.0,
        1000.0,
        1000.0,
        1000.0,
        1000.0,
        1000.0,
        1000.0,
        1000.0,
        1000.0,
        1000.0,
        1000.0,
        1000.0,
        1000.0,
        1000.0,
        1000.0,
        1000.0,
        1000.0,
        1000.0,
        1000.0,
        1000.0,
        1000.0,
        1000.0,
        1000.0,
        1000.0,
        1000.0,
        1000.0,
        1000.0,
        1000.0,
        1000.0,
        1000.0,
        1000.0
    ]
}