{
    "steps": [
        10240,
        20480,
        30720,
        40960,
        51200,
        61440,
        71680,
        81920,
        92160,
        102400,
        112640,
        122880,
        133120,
        143360,
        153600,
        163840,
        174080,
        184320,
        194560,
        204800,
        215040,
        225280,
        235520,
        245760,
        256000,
        266240,
        276480,
        286720,
        296960,
        307200,
        317440,
        327680,
        337920,
        348160,
        358400,
        368640,
        378880,
        389120,
        399360,
        409600,
        419840,
        430080,
        440320,
        450560,
        460800,
        471040,
        481280,
        491520,
        501760,
        512000,
        522240,
        532480,
        542720,
        552960,
        563200,
        573440,
        583680,
        593920,
        604160,
        614400,
        624640,
        634880,
        645120,
        655360,
        665600,
        675840,
        686080,
        696320,
        706560,
        716800,
        727040,
        737280,
        747520,
        757760,
        768000,
        778240,
        788480,
        798720,
        808960,
        819200,
        829440,
        839680,
        849920,
        860160,
        870400,
        880640,
        890880,
        901120,
        911360,
        921600,
        931840,
        942080,
        952320,
        962560,
        972800,
        983040,
        993280
    ],
    "avg_episodic_reward": [
        -365.62169048617966,
        -223.8658391475031,
        -250.3922526381043,
        -288.7632336982791,
        -247.81313882527712,
        -224.36247326190812,
        -152.60879836314604,
        -178.8734899008152,
        -175.00327719424536,
        -118.94832451254518,
        5.399692103301618,
        13.309154280737712,
        129.86870268301212,
        -2.0913178118031652,
        262.59640697062343,
        208.95108983296242,
        86.00302472942982,
        313.45511866591403,
        409.8836507046386,
        514.5874602743921,
        478.87182623442845,
        442.1078382903585,
        506.3120985029724,
        713.319287586689,
        251.1595619330318,
        117.13207826362594,
        603.8142880298956,
        632.5760961810636,
        388.31544793713806,
        656.464153206271,
        792.8048598461435,
        396.33567951327865,
        801.7355715982004,
        530.8045072696757,
        64.38388141666883,
        811.6829851569612,
        357.50173118550254,
        681.927406746852,
        785.8903921307115,
        633.2073385626559,
        993.8403181007209,
        806.8697016927285,
        594.2948925683454,
        887.5162926387046,
        644.1025742294638,
        878.1653841145418,
        739.5694020293315,
        876.4298396018717,
        845.9952268839145,
        926.7984868154746,
        1023.8566946078433,
        1014.9253774611642,
        1049.5987797450375,
        1222.850014529766,
        1068.6506798381497,
        1397.0020975393268,
        1135.4245094986745,
        1674.690454145907,
        1432.8851947854378,
        1674.8127811169206,
        1818.3565899613782,
        1846.0597931275433,
        1470.1311618608977,
        1388.1769205337314,
        2120.0414590564396,
        2183.3928414433262,
        2343.1500159952843,
        2403.4126502029167,
        2171.170589872754,
        1718.0583043282913,
        2069.7136106893904,
        1843.932800092073,
        2172.069837572968,
        1852.3040138062324,
        2485.5781762163974,
        2499.6117742945326,
        2683.2387114626,
        1869.3567312651412,
        1563.2131356865127,
        2674.8439917489877,
        2647.436378426549,
        1404.2964301738775,
        2461.6661093944776,
        2696.843742581418,
        2723.9523637046404,
        2796.107396568488,
        2842.2761220573107,
        3065.9229425031385,
        1978.4554865843336,
        3220.309249607659,
        3160.5577929845003,
        3110.6976758259934,
        3268.0361133055276,
        3348.2343899348234,
        2450.2605456219862,
        3340.982749423137,
        1219.794408355026
    ],
    "avg_episode_length": [
        1000.0,
        1000.0,
        1000.0,
        1000.0,
        1000.0,
        1000.0,
        1000.0,
        1000.0,
        1000.0,
        1000.0,
        1000.0,
        1000.0,
        1000.0,
        1000.0,
        1000.0,
        1000.0,
        1000.0,
        1000.0,
        1000.0,
        1000.0,
        1000.0,
        1000.0,
        1000.0,
        1000.0,
        1000.0,
        1000.0,
        1000.0,
        1000.0,
        1000.0,
        1000.0,
        1000.0,
        1000.0,
        1000.0,
        1000.0,
        1000.0,
        1000.0,
        1000.0,
        1000.0,
        1000.0,
        1000.0,
        1000.0,
        1000.0,
        1000.0,
        1000.0,
        1000.0,
        1000.0,
        1000.0,
        1000.0,
        1000.0,
        1000.0,
        1000.0,
        1000.0,
        1000.0,
        1000.0,
        1000.0,
        1000.0,
        1000.0,
        1000.0,
        1000.0,
        1000.0,
        1000.0,
        1000.0,
        1000.0,
        1000.0,
        1000.0,
        1000.0,
        1000.0,
        1000.0,
        1000.0,
        1000.0,
        1000.0,
        1000.0,
        1000.0,
        1000.0,
        1000.0,
        1000.0,
        1000.0,
        1000.0,
        1000.0,
        1000.0,
        1000.0,
        1000.0,
        1000.0,
        1000.0,
        1000.0,
        1000.0,
        1000.0,
        1000.0,
        1000.0,
        1000.0,
        1000.0,
        1000.0,
        1000.0,
        1000.0,
        1000.0,
        1000.0,
        1000.0
    ]
}