{
    "steps": [
        12000,
        24000,
        36000,
        48000,
        60000,
        72000,
        84000,
        96000,
        108000,
        120000,
        132000,
        144000,
        156000,
        168000,
        180000,
        192000,
        204000,
        216000,
        228000,
        240000,
        252000,
        264000,
        276000,
        288000,
        300000,
        312000,
        324000,
        336000,
        348000,
        360000,
        372000,
        384000,
        396000,
        408000,
        420000,
        432000,
        444000,
        456000,
        468000,
        480000,
        492000,
        504000,
        516000,
        528000,
        540000,
        552000,
        564000,
        576000,
        588000,
        600000,
        612000,
        624000,
        636000,
        648000,
        660000,
        672000,
        684000,
        696000,
        708000,
        720000,
        732000,
        744000,
        756000,
        768000,
        780000,
        792000,
        804000,
        816000,
        828000,
        840000,
        852000,
        864000,
        876000,
        888000,
        900000,
        912000,
        924000,
        936000,
        948000,
        960000,
        972000,
        984000,
        996000
    ],
    "avg_episodic_reward": [
        9.357333123897009,
        7.6767961702184015,
        27.997640790685985,
        41.28721613557859,
        48.1514624216571,
        49.675094976199155,
        53.186662974428856,
        39.57263908283241,
        37.242269880954055,
        46.25538419913124,
        33.27401888330815,
        40.54385805001199,
        47.654326715659735,
        33.76588703115452,
        34.46046568351656,
        38.12881747696411,
        57.80359283789447,
        62.70226122736158,
        66.75327177592389,
        56.908589643346005,
        40.011816878010386,
        65.51147094563335,
        42.49899223869071,
        59.13391568596923,
        65.99514013564003,
        58.914364054651,
        69.77069170069579,
        69.85276291793768,
        56.83639579710996,
        57.9091046904538,
        50.427002500556455,
        34.10687229285461,
        70.78025346514364,
        49.41931519556856,
        75.04416267891918,
        72.1624724225259,
        67.69281197294566,
        65.1691134984104,
        70.51121695657356,
        64.30355853755609,
        82.23038267020084,
        85.17403464396972,
        81.56767660074775,
        80.9293572438481,
        61.45860386073972,
        94.0385025683494,
        73.01943210775735,
        75.5708775196095,
        77.61574492848717,
        92.495094543414,
        77.20686009089569,
        87.80463640931767,
        78.60948877235101,
        65.29662729802719,
        60.92515707482667,
        80.9705876356533,
        80.54814909280282,
        65.19010077216345,
        62.24974098158181,
        83.14373240832883,
        87.01885721592177,
        80.03566755305235,
        95.74910319113184,
        93.5146284913145,
        86.62328433054502,
        90.25977533432138,
        87.76338091548676,
        82.3851513197301,
        95.57180701870564,
        85.71958844997164,
        78.53044075426642,
        98.54003658998147,
        98.89920355005901,
        108.77652757868756,
        94.05397868281075,
        113.36718824715817,
        119.28310797765997,
        116.0823352391341,
        119.75637287523094,
        111.08473535149989,
        109.48010642710356,
        108.52809573715336,
        106.69451201042776
    ],
    "avg_episode_length": [
        1000.0,
        1000.0,
        1000.0,
        1000.0,
        1000.0,
        1000.0,
        1000.0,
        1000.0,
        1000.0,
        1000.0,
        1000.0,
        1000.0,
        1000.0,
        1000.0,
        1000.0,
        1000.0,
        1000.0,
        1000.0,
        1000.0,
        1000.0,
        1000.0,
        1000.0,
        1000.0,
        1000.0,
        1000.0,
        1000.0,
        1000.0,
        1000.0,
        1000.0,
        1000.0,
        1000.0,
        1000.0,
        1000.0,
        1000.0,
        1000.0,
        1000.0,
        1000.0,
        1000.0,
        1000.0,
        1000.0,
        1000.0,
        1000.0,
        1000.0,
        1000.0,
        1000.0,
        1000.0,
        1000.0,
        1000.0,
        1000.0,
        1000.0,
        1000.0,
        1000.0,
        1000.0,
        1000.0,
        1000.0,
        1000.0,
        1000.0,
        1000.0,
        1000.0,
        1000.0,
        1000.0,
        1000.0,
        1000.0,
        1000.0,
        1000.0,
        1000.0,
        1000.0,
        1000.0,
        1000.0,
        1000.0,
        1000.0,
        1000.0,
        1000.0,
        1000.0,
        1000.0,
        1000.0,
        1000.0,
        1000.0,
        1000.0,
        1000.0,
        1000.0,
        1000.0,
        1000.0
    ]
}