{
    "steps": [
        10240,
        20480,
        30720,
        40960,
        51200,
        61440,
        71680,
        81920,
        92160,
        102400,
        112640,
        122880,
        133120,
        143360,
        153600,
        163840,
        174080,
        184320,
        194560,
        204800,
        215040,
        225280,
        235520,
        245760,
        256000,
        266240,
        276480,
        286720,
        296960,
        307200,
        317440,
        327680,
        337920,
        348160,
        358400,
        368640,
        378880,
        389120,
        399360,
        409600,
        419840,
        430080,
        440320,
        450560,
        460800,
        471040,
        481280,
        491520,
        501760,
        512000,
        522240,
        532480,
        542720,
        552960,
        563200,
        573440,
        583680,
        593920,
        604160,
        614400,
        624640,
        634880,
        645120,
        655360,
        665600,
        675840,
        686080,
        696320,
        706560,
        716800,
        727040,
        737280,
        747520,
        757760,
        768000,
        778240,
        788480,
        798720,
        808960,
        819200,
        829440,
        839680,
        849920,
        860160,
        870400,
        880640,
        890880,
        901120,
        911360,
        921600,
        931840,
        942080,
        952320,
        962560,
        972800,
        983040,
        993280
    ],
    "avg_episodic_reward": [
        -452.56478669702904,
        -316.30574065267575,
        -285.3966190933145,
        -371.09836380231195,
        -187.2436844619144,
        -295.1251948244484,
        -163.2673177588324,
        -168.10673443519966,
        -77.42699338883645,
        -102.25353639945013,
        -111.84587566772458,
        -65.43318497943619,
        -40.20741507709179,
        291.52568105124226,
        283.1044751876087,
        328.88124338433056,
        450.9068827077044,
        520.7566799050123,
        218.48447165713398,
        598.9626329312031,
        663.5061082670859,
        763.1687600355835,
        774.0711642096011,
        766.0139357853709,
        604.6863868270494,
        803.2253384523981,
        832.7746591287448,
        850.1706736909825,
        850.9143253194898,
        754.9087210706377,
        851.1837801268885,
        773.4139505560347,
        830.8662058241116,
        777.6131307997505,
        906.4875290917603,
        933.2723319218101,
        974.5953755970479,
        897.9664890273393,
        972.2117211361253,
        892.1098889661725,
        900.9637799980801,
        959.0671931614413,
        1092.4100895832423,
        1076.1969724093958,
        1029.3918181316772,
        1043.3208200521628,
        1148.9777470311622,
        1099.148880532724,
        1117.125538978843,
        748.540340510052,
        1099.4387836314982,
        1127.5147115380687,
        1111.078874351544,
        967.3899341366557,
        1059.328088081076,
        1067.2771915943947,
        1072.6221463346897,
        1131.1824115633228,
        1137.7148789217692,
        1102.3501358110725,
        1094.9325813364017,
        1024.631075222542,
        1151.258402359248,
        1162.256047809382,
        1157.8334240159809,
        1195.7081774200096,
        1144.9085270884334,
        1180.698460255585,
        1127.1223494396631,
        1199.796925793192,
        1206.1911441179539,
        1231.2258846676186,
        1233.7505028732567,
        1016.3442120031336,
        1247.0580722435504,
        1236.9199803768033,
        1222.9340132648188,
        1228.3528188934336,
        1204.4372490628095,
        1211.4146398673456,
        1209.495056528745,
        1249.031498832502,
        1245.6008240626006,
        1266.4519266621141,
        1139.6714095457398,
        1253.4578029726918,
        1220.2682236037535,
        1226.6937262739748,
        1298.1784257702452,
        1270.5595163351463,
        1259.3733024783423,
        1299.3066384135996,
        1244.0290614483793,
        1304.3109051538659,
        1274.0777489798186,
        1315.888136712668,
        1279.1280085892854
    ],
    "avg_episode_length": [
        1000.0,
        1000.0,
        1000.0,
        1000.0,
        1000.0,
        1000.0,
        1000.0,
        1000.0,
        1000.0,
        1000.0,
        1000.0,
        1000.0,
        1000.0,
        1000.0,
        1000.0,
        1000.0,
        1000.0,
        1000.0,
        1000.0,
        1000.0,
        1000.0,
        1000.0,
        1000.0,
        1000.0,
        1000.0,
        1000.0,
        1000.0,
        1000.0,
        1000.0,
        1000.0,
        1000.0,
        1000.0,
        1000.0,
        1000.0,
        1000.0,
        1000.0,
        1000.0,
        1000.0,
        1000.0,
        1000.0,
        1000.0,
        1000.0,
        1000.0,
        1000.0,
        1000.0,
        1000.0,
        1000.0,
        1000.0,
        1000.0,
        1000.0,
        1000.0,
        1000.0,
        1000.0,
        1000.0,
        1000.0,
        1000.0,
        1000.0,
        1000.0,
        1000.0,
        1000.0,
        1000.0,
        1000.0,
        1000.0,
        1000.0,
        1000.0,
        1000.0,
        1000.0,
        1000.0,
        1000.0,
        1000.0,
        1000.0,
        1000.0,
        1000.0,
        1000.0,
        1000.0,
        1000.0,
        1000.0,
        1000.0,
        1000.0,
        1000.0,
        1000.0,
        1000.0,
        1000.0,
        1000.0,
        1000.0,
        1000.0,
        1000.0,
        1000.0,
        1000.0,
        1000.0,
        1000.0,
        1000.0,
        1000.0,
        1000.0,
        1000.0,
        1000.0,
        1000.0
    ]
}