{
    "steps": [
        10029,
        20245,
        30512,
        40703,
        51346,
        61870,
        72702,
        82792,
        93564,
        103698,
        114381,
        124717,
        134929,
        145764,
        156238,
        166784,
        177063,
        187306,
        197865,
        207966,
        218531,
        229144,
        239519,
        249573,
        260104,
        270439,
        280799,
        291491,
        302105,
        312501,
        322519,
        332753,
        343091,
        353499,
        364098,
        374593,
        384744,
        394757,
        404996,
        415259,
        425626,
        435884,
        446332,
        456641,
        467158,
        477670,
        487723,
        498034,
        508707,
        519718,
        530281,
        540899,
        551082,
        561960,
        572776,
        583288,
        593702,
        603769,
        614304,
        624554,
        635008,
        645540,
        656082,
        666344,
        676631,
        687412,
        698162,
        708299,
        718792,
        729748,
        739857,
        751206,
        761983,
        772865,
        783569,
        793790,
        803944,
        814533,
        825435,
        835742,
        846559,
        857004,
        868077,
        878236,
        888752,
        899630,
        910478,
        921195,
        931234,
        941978,
        952726,
        962922,
        973539,
        984040,
        994810,
        990844,
        1041340
    ],
    "avg_episodic_reward": [
        14.432679244544921,
        90.66677937058707,
        57.743041364812825,
        152.288530538138,
        290.2383680446064,
        229.16281362897703,
        288.079382072587,
        244.30314843780454,
        261.62356416883324,
        220.29727466470555,
        278.82901566622184,
        288.3783676249705,
        340.69229732885856,
        321.01194550984667,
        294.1524428467118,
        265.1892747022398,
        285.893401713162,
        276.6814248856644,
        293.1596226337964,
        281.2314201353097,
        278.120426603466,
        423.6551167662534,
        344.8334572334102,
        277.8909461309554,
        271.33780504751087,
        241.17902213038565,
        255.52814795363042,
        289.89541493586296,
        217.84766746115383,
        295.3659770136984,
        296.2913660151796,
        302.1078332748102,
        281.8426988216282,
        304.3216157090395,
        354.08928472059006,
        302.2559405356796,
        300.59057296694095,
        354.9616307206612,
        318.4797029392292,
        335.0173608006987,
        203.23743654014228,
        329.85774121674535,
        224.94020053202064,
        247.90475261969294,
        296.0489164759248,
        278.7811980671536,
        367.5570716364259,
        315.18303022470525,
        267.85795741473805,
        391.33958395385224,
        297.16454115976467,
        344.24150957873445,
        319.2208573824307,
        299.6666196542614,
        336.4285406436154,
        354.1345432206102,
        196.0994771966674,
        314.94348451388714,
        363.24020206712896,
        371.2470010987072,
        131.25007768963437,
        206.0565804125956,
        364.4755528356419,
        369.41274377959314,
        363.92138151147213,
        372.0254817998725,
        283.00457301209906,
        315.5411653578161,
        342.08300032834245,
        380.80161532931544,
        325.072928723783,
        498.99435070246585,
        388.0598707792029,
        340.3326916872859,
        359.15507195090953,
        300.45889582373496,
        372.62634524280617,
        436.93031334537216,
        363.81718853732457,
        411.5439972134489,
        299.20000376228523,
        387.67391209218994,
        418.592282589806,
        380.5689474426167,
        367.5248416636965,
        358.5651211099243,
        482.334048587245,
        341.2698316370209,
        387.27375073042356,
        436.4088479149518,
        385.82458869513914,
        406.68453487945794,
        467.5321611682528,
        515.8308165008292,
        516.4432545169741,
        758.6112535967814,
        785.8361726492984
    ],
    "avg_episode_length": [
        70.25,
        113.0,
        104.0,
        148.75,
        181.5,
        240.0,
        226.5,
        194.25,
        211.5,
        162.75,
        172.0,
        177.75,
        262.5,
        232.0,
        173.5,
        148.5,
        171.5,
        220.5,
        177.75,
        166.0,
        159.0,
        401.25,
        230.75,
        220.25,
        221.75,
        188.0,
        198.75,
        232.75,
        227.0,
        181.25,
        177.25,
        185.25,
        225.75,
        187.0,
        235.25,
        188.75,
        244.5,
        235.25,
        200.25,
        219.0,
        209.25,
        215.5,
        239.0,
        190.75,
        181.25,
        161.0,
        318.0,
        197.25,
        201.5,
        273.0,
        234.5,
        227.5,
        201.75,
        240.0,
        218.5,
        237.0,
        190.0,
        195.75,
        244.25,
        255.5,
        192.75,
        187.25,
        248.25,
        252.75,
        249.5,
        253.75,
        227.75,
        259.0,
        223.5,
        263.5,
        207.75,
        383.25,
        273.25,
        270.25,
        240.25,
        244.25,
        253.5,
        318.25,
        248.25,
        294.25,
        242.75,
        271.75,
        301.25,
        264.25,
        250.5,
        244.25,
        366.25,
        286.75,
        270.5,
        319.0,
        268.75,
        292.25,
        352.25,
        398.0,
        401.0,
        770.1875,
        789.0
    ]
}