{
    "steps": [
        10240,
        20480,
        30720,
        40960,
        51200,
        61440,
        71680,
        81920,
        92160,
        102400,
        112640,
        122880,
        133120,
        143360,
        153600,
        163840,
        174080,
        184320,
        194560,
        204800,
        215040,
        225280,
        235520,
        245760,
        256000,
        266240,
        276480,
        286720,
        296960,
        307200,
        317440,
        327680,
        337920,
        348160,
        358400,
        368640,
        378880,
        389120,
        399360,
        409600,
        419840,
        430080,
        440320,
        450560,
        460800,
        471040,
        481280,
        491520,
        501760,
        512000,
        522240,
        532480,
        542720,
        552960,
        563200,
        573440,
        583680,
        593920,
        604160,
        614400,
        624640,
        634880,
        645120,
        655360,
        665600,
        675840,
        686080,
        696320,
        706560,
        716800,
        727040,
        737280,
        747520,
        757760,
        768000,
        778240,
        788480,
        798720,
        808960,
        819200,
        829440,
        839680,
        849920,
        860160,
        870400,
        880640,
        890880,
        901120,
        911360,
        921600,
        931840,
        942080,
        952320,
        962560,
        972800,
        983040,
        993280
    ],
    "avg_episodic_reward": [
        -341.84034237586104,
        -338.7215072237857,
        -224.22798238658496,
        -212.65654449878036,
        -189.9019322606458,
        -227.41812908314176,
        -207.253928775725,
        -152.50138691185177,
        -107.3671090130611,
        -56.078872493045765,
        -26.271463502303195,
        88.19746582032883,
        151.23729266680496,
        175.0422837327095,
        392.970920684812,
        444.6892996365576,
        540.6454001777582,
        548.1815380848716,
        464.97949722297005,
        732.1618335071075,
        490.5061513719543,
        650.1915307776578,
        767.0804466387765,
        745.8482190137984,
        649.3454693098241,
        268.2818268163752,
        639.9003931638347,
        789.4999933148858,
        714.3547928530602,
        719.2445880814032,
        864.6830793184414,
        836.8252437781387,
        625.029236779582,
        761.5157558010435,
        803.3650967584022,
        832.3721585824967,
        983.3479004693381,
        914.9899500580573,
        948.9564360001652,
        957.9474295513577,
        1003.833671958823,
        1073.4667105377375,
        999.9072792847302,
        931.7394590575088,
        860.6828808883745,
        822.7511558599371,
        722.3917394886075,
        1004.8048538702989,
        1031.432659947425,
        972.0737302332827,
        760.993816836079,
        1030.4286450765094,
        1115.8534761422038,
        1143.9699328291554,
        1129.4571751738335,
        1105.9519729893464,
        911.4838822341933,
        1119.1498273031327,
        1163.0428490522718,
        1004.2988996853221,
        1230.0800677097245,
        1168.755759831847,
        1160.31774681461,
        1129.3443563170222,
        1121.1883333119447,
        1081.1373138718309,
        1248.490592941363,
        1296.5016549527704,
        1297.5564913191724,
        1181.7652736389796,
        1323.7031920855313,
        1150.5408136015135,
        1033.801200319209,
        1095.0915063515722,
        1042.604138066815,
        1072.1955972148874,
        1042.7240625624372,
        1187.8208112669931,
        1183.31190970684,
        1109.8972445516752,
        1274.0460485425128,
        1248.7293970698943,
        1195.1143076583994,
        1236.4572888529692,
        1213.249021890752,
        1187.2653961351475,
        1060.1192840382432,
        1071.6225286472734,
        628.3834191778211,
        1096.9010299917234,
        998.3650098717598,
        954.2142239897,
        1087.400153555292,
        1140.5822661508234,
        1249.1936008672994,
        1280.47905752852,
        1270.0753065867762
    ],
    "avg_episode_length": [
        1000.0,
        1000.0,
        1000.0,
        1000.0,
        1000.0,
        1000.0,
        1000.0,
        1000.0,
        1000.0,
        1000.0,
        1000.0,
        1000.0,
        1000.0,
        1000.0,
        1000.0,
        1000.0,
        1000.0,
        1000.0,
        1000.0,
        1000.0,
        1000.0,
        1000.0,
        1000.0,
        1000.0,
        1000.0,
        1000.0,
        1000.0,
        1000.0,
        1000.0,
        1000.0,
        1000.0,
        1000.0,
        1000.0,
        1000.0,
        1000.0,
        1000.0,
        1000.0,
        1000.0,
        1000.0,
        1000.0,
        1000.0,
        1000.0,
        1000.0,
        1000.0,
        1000.0,
        1000.0,
        1000.0,
        1000.0,
        1000.0,
        1000.0,
        1000.0,
        1000.0,
        1000.0,
        1000.0,
        1000.0,
        1000.0,
        1000.0,
        1000.0,
        1000.0,
        1000.0,
        1000.0,
        1000.0,
        1000.0,
        1000.0,
        1000.0,
        1000.0,
        1000.0,
        1000.0,
        1000.0,
        1000.0,
        1000.0,
        1000.0,
        1000.0,
        1000.0,
        1000.0,
        1000.0,
        1000.0,
        1000.0,
        1000.0,
        1000.0,
        1000.0,
        1000.0,
        1000.0,
        1000.0,
        1000.0,
        1000.0,
        1000.0,
        1000.0,
        1000.0,
        1000.0,
        1000.0,
        1000.0,
        1000.0,
        1000.0,
        1000.0,
        1000.0,
        1000.0
    ]
}