{
    "steps": [
        11343,
        25029,
        38717,
        56606,
        67622,
        79169,
        91914,
        105263,
        120147,
        137295,
        152404,
        169747,
        191815,
        220339,
        254034,
        297424,
        357089,
        419625,
        483625,
        547625,
        611625,
        675625,
        739625,
        803625,
        867625,
        931625,
        995625,
        1059625
    ],
    "avg_episodic_reward": [
        47.75,
        84.375,
        109.859375,
        152.875,
        172.125,
        180.421875,
        199.140625,
        208.578125,
        232.5625,
        267.9375,
        236.078125,
        270.984375,
        344.8125,
        445.6875,
        526.484375,
        677.96875,
        932.265625,
        977.125,
        1000.0,
        1000.0,
        1000.0,
        1000.0,
        1000.0,
        1000.0,
        1000.0,
        1000.0,
        1000.0,
        1000.0
    ],
    "avg_episode_length": [
        47.75,
        84.375,
        109.859375,
        152.875,
        172.125,
        180.421875,
        199.140625,
        208.578125,
        232.5625,
        267.9375,
        236.078125,
        270.984375,
        344.8125,
        445.6875,
        526.484375,
        677.96875,
        932.265625,
        977.125,
        1000.0,
        1000.0,
        1000.0,
        1000.0,
        1000.0,
        1000.0,
        1000.0,
        1000.0,
        1000.0,
        1000.0
    ]
}