{
    "steps": [
        10806,
        22595,
        34206,
        45528,
        56203,
        68787,
        80283,
        91486,
        103679,
        115668,
        127043,
        137443,
        149098,
        162038,
        173450,
        185407,
        198161,
        210925,
        224090,
        235602,
        246135,
        257690,
        267829,
        280514,
        292728,
        305067,
        317561,
        329470,
        342253,
        353949,
        365308,
        378814,
        390457,
        404544,
        421770,
        434058,
        447627,
        462315,
        477208,
        491388,
        504730,
        517764,
        529224,
        540525,
        557514,
        574596,
        590344,
        604196,
        617286,
        631470,
        644144,
        659712,
        675455,
        689205,
        704085,
        718783,
        736524,
        755031,
        773236,
        783455,
        798207,
        817231,
        837188,
        855795,
        872483,
        890737,
        902655,
        916346,
        927680,
        938386,
        951126,
        964028,
        984028,
        1003229
    ],
    "avg_episodic_reward": [
        40.41019695580297,
        112.16522274954048,
        117.44197895740919,
        213.0232735503855,
        191.01149763764272,
        266.91230525937596,
        221.4862656133107,
        240.56723338660925,
        262.34348897674033,
        234.13432965897996,
        260.40890385375957,
        307.14866872557366,
        263.6819479292311,
        276.1070508480163,
        266.29865744012307,
        306.05879318371615,
        280.6460345195879,
        314.24278766283567,
        300.87164058550474,
        274.47248903440436,
        299.57156580474975,
        294.3943541908154,
        337.9044020057485,
        284.3070500708692,
        295.808455744541,
        330.2020331552731,
        308.40825516097584,
        330.4576287721168,
        321.7255360851824,
        377.3725377990296,
        400.1344131664802,
        352.032713145333,
        308.5208908491335,
        412.1830701238093,
        519.2711379760722,
        441.3990053414785,
        552.6746612192787,
        376.99078485381597,
        447.50582706608054,
        458.0731759939049,
        458.73255815411136,
        386.3496963467428,
        454.5319512544572,
        471.8146117555156,
        498.28116303507136,
        559.3445286827191,
        511.2377677814223,
        456.8919762310969,
        499.7942444066076,
        599.044851353464,
        385.21325378690324,
        562.5636297495449,
        487.207641487967,
        506.4194821185296,
        429.71227724941184,
        553.0900809833383,
        697.833450892609,
        594.9698774974465,
        579.4323753590572,
        633.8430652537851,
        517.8182127512996,
        564.9488118440902,
        646.8664618496853,
        637.011872093659,
        554.8533060533531,
        628.9526369767761,
        697.568389570076,
        813.8909158437175,
        694.3788946473284,
        643.628967905586,
        754.388881012374,
        769.4254860953413,
        704.3448322447821,
        630.0105032933984
    ],
    "avg_episode_length": [
        62.6875,
        116.0,
        117.0,
        152.1875,
        156.1875,
        188.0625,
        185.4375,
        177.9375,
        191.4375,
        205.4375,
        166.625,
        200.625,
        195.8125,
        193.0625,
        162.375,
        182.25,
        200.5,
        193.25,
        230.8125,
        172.0625,
        215.5625,
        175.75,
        231.1875,
        204.4375,
        169.6875,
        223.25,
        192.875,
        205.5,
        220.125,
        283.9375,
        313.6875,
        262.4375,
        232.5625,
        348.9375,
        466.4375,
        382.6875,
        536.75,
        326.3125,
        377.8125,
        400.125,
        408.875,
        309.6875,
        396.625,
        406.25,
        450.3125,
        545.0625,
        468.3125,
        409.1875,
        477.125,
        577.8125,
        339.6875,
        543.25,
        428.0625,
        468.875,
        370.75,
        514.5625,
        720.25,
        589.9375,
        583.6875,
        638.6875,
        471.9375,
        565.75,
        641.5,
        626.8125,
        524.0,
        639.875,
        744.875,
        855.6875,
        708.375,
        669.125,
        796.25,
        806.375,
        689.375,
        591.875
    ]
}