{
    "steps": [
        10240,
        20480,
        30720,
        40960,
        51200,
        61440,
        71680,
        81920,
        92160,
        102400,
        112640,
        122880,
        133120,
        143360,
        153600,
        163840,
        174080,
        184320,
        194560,
        204800,
        215040,
        225280,
        235520,
        245760,
        256000,
        266240,
        276480,
        286720,
        296960,
        307200,
        317440,
        327680,
        337920,
        348160,
        358400,
        368640,
        378880,
        389120,
        399360,
        409600,
        419840,
        430080,
        440320,
        450560,
        460800,
        471040,
        481280,
        491520,
        501760,
        512000,
        522240,
        532480,
        542720,
        552960,
        563200,
        573440,
        583680,
        593920,
        604160,
        614400,
        624640,
        634880,
        645120,
        655360,
        665600,
        675840,
        686080,
        696320,
        706560,
        716800,
        727040,
        737280,
        747520,
        757760,
        768000,
        778240,
        788480,
        798720,
        808960,
        819200,
        829440,
        839680,
        849920,
        860160,
        870400,
        880640,
        890880,
        901120,
        911360,
        921600,
        931840,
        942080,
        952320,
        962560,
        972800,
        983040,
        993280
    ],
    "avg_episodic_reward": [
        -334.46118536376457,
        -264.14047776913293,
        -328.9881583827208,
        -285.17805194825723,
        -313.18856577950874,
        -308.1555553617492,
        -244.0186054339565,
        -259.7426015221373,
        -229.62007230051515,
        -217.22560486458406,
        -184.45155732867772,
        -177.65010227652175,
        -210.15212339304577,
        -139.03324913917086,
        -31.56164817085148,
        -12.53302455626711,
        -82.55075175672508,
        150.11737168047048,
        229.69553306614125,
        -84.89490700432188,
        237.42621195293634,
        288.74837627423784,
        332.73661919149185,
        484.84697754324907,
        447.0465723120605,
        556.5341993244946,
        405.19977743088924,
        487.7039258306943,
        526.9707014215403,
        178.3859454886278,
        528.9631541852044,
        467.48187624802995,
        676.8843683901039,
        717.50627276312,
        739.5383222374933,
        510.0071014671515,
        798.1404545033918,
        587.0968600547355,
        651.7168755293935,
        946.2973197526508,
        829.4029365775116,
        752.8400117194578,
        794.7189802756491,
        849.8154517179275,
        837.9858706456064,
        979.2135718005346,
        1027.5890983070085,
        884.8150029815115,
        899.3005953788161,
        848.5471451269218,
        1040.2721450428696,
        991.6286739143384,
        999.688461480602,
        998.9519678180734,
        1184.9711839318234,
        1129.2745865129675,
        1079.2637073110795,
        1108.3137967844493,
        1729.1030938724994,
        1067.099775458494,
        1266.1438389532352,
        1290.2239229179925,
        1048.0384160971826,
        1540.0729146479214,
        1602.8527232256406,
        1459.8749619451642,
        1126.7989375043283,
        1210.1255992557792,
        1739.1194356942642,
        2254.876942462579,
        1142.5584591842671,
        1934.4870580013885,
        1450.983736218366,
        1121.3501513860188,
        1308.872603231654,
        1514.804252821977,
        1940.505784093166,
        1903.4313783500559,
        2379.207214142785,
        1118.9939969690122,
        1994.6482892639983,
        2086.3392434475677,
        1900.8888248098833,
        1938.6812138557116,
        1459.0340528014158,
        2452.7616870420684,
        2093.577158679388,
        1155.9432436193747,
        2097.5802603502725,
        1342.6651581326018,
        1582.941548868564,
        2290.022145624881,
        1927.687322750297,
        3092.556968381595,
        2951.72887692145,
        2481.090908079865,
        2826.575008248108
    ],
    "avg_episode_length": [
        1000.0,
        1000.0,
        1000.0,
        1000.0,
        1000.0,
        1000.0,
        1000.0,
        1000.0,
        1000.0,
        1000.0,
        1000.0,
        1000.0,
        1000.0,
        1000.0,
        1000.0,
        1000.0,
        1000.0,
        1000.0,
        1000.0,
        1000.0,
        1000.0,
        1000.0,
        1000.0,
        1000.0,
        1000.0,
        1000.0,
        1000.0,
        1000.0,
        1000.0,
        1000.0,
        1000.0,
        1000.0,
        1000.0,
        1000.0,
        1000.0,
        1000.0,
        1000.0,
        1000.0,
        1000.0,
        1000.0,
        1000.0,
        1000.0,
        1000.0,
        1000.0,
        1000.0,
        1000.0,
        1000.0,
        1000.0,
        1000.0,
        1000.0,
        1000.0,
        1000.0,
        1000.0,
        1000.0,
        1000.0,
        1000.0,
        1000.0,
        1000.0,
        1000.0,
        1000.0,
        1000.0,
        1000.0,
        1000.0,
        1000.0,
        1000.0,
        1000.0,
        1000.0,
        1000.0,
        1000.0,
        1000.0,
        1000.0,
        1000.0,
        1000.0,
        1000.0,
        1000.0,
        1000.0,
        1000.0,
        1000.0,
        1000.0,
        1000.0,
        1000.0,
        1000.0,
        1000.0,
        1000.0,
        1000.0,
        1000.0,
        1000.0,
        1000.0,
        1000.0,
        1000.0,
        1000.0,
        1000.0,
        1000.0,
        1000.0,
        1000.0,
        1000.0,
        1000.0
    ]
}