{
    "steps": [
        16000,
        32000,
        48000,
        64000,
        80000,
        96000,
        112000,
        128000,
        144000,
        160000,
        176000,
        192000,
        208000,
        224000,
        240000,
        256000,
        272000,
        288000,
        304000,
        320000,
        336000,
        352000,
        368000,
        384000,
        400000,
        416000,
        432000,
        448000,
        464000,
        480000,
        496000,
        512000,
        528000,
        544000,
        560000,
        576000,
        592000,
        608000,
        624000,
        640000,
        656000,
        672000,
        688000,
        704000,
        720000,
        736000,
        752000,
        768000,
        784000,
        800000,
        816000,
        832000,
        848000,
        864000,
        880000,
        896000,
        912000,
        928000,
        944000,
        960000,
        976000,
        992000,
        1008000
    ],
    "avg_episodic_reward": [
        -239.25988651917544,
        -225.43100878064402,
        -238.21415054508697,
        -243.60229484370814,
        -206.37456352203606,
        -250.94866835659877,
        -194.46302997967342,
        -158.43749782788825,
        -186.69242146373801,
        -160.68786169199012,
        -198.55571553728754,
        -170.07819091582112,
        -165.59909930998964,
        -163.79996801398931,
        -111.38010618721148,
        -122.03900769593852,
        -127.79992391503957,
        -96.35146741629212,
        -96.4154087685679,
        -137.1381647897227,
        -111.31257694416323,
        -87.27645860611585,
        -62.89025119182183,
        -54.3087315819477,
        -50.62101276522644,
        -46.2402079841851,
        -36.092008417240855,
        -55.39109214999176,
        -37.50444015433311,
        -9.158266674390298,
        -24.634691560734517,
        13.695919608879755,
        -0.9660076015804449,
        2.0670713616902807,
        13.887772959627055,
        17.922998489870125,
        10.149699193775174,
        8.272897538486957,
        23.513113412894604,
        36.361249490283356,
        28.56279690716101,
        37.19295572792123,
        26.237811740674317,
        35.155708540595896,
        38.76733966812743,
        36.28884022125919,
        70.33681589410075,
        79.93541930355035,
        80.78225948916486,
        74.17841265181737,
        79.48328326867856,
        78.5851525919196,
        99.9324216132526,
        90.06895557700159,
        72.26649988427349,
        123.20551503180641,
        91.84922053663976,
        95.69498674683429,
        115.57696580790548,
        160.89729901497594,
        130.25624703380294,
        111.64296722130209,
        166.55837010064613
    ],
    "avg_episode_length": [
        1000.0,
        1000.0,
        1000.0,
        1000.0,
        1000.0,
        1000.0,
        1000.0,
        1000.0,
        1000.0,
        1000.0,
        1000.0,
        1000.0,
        1000.0,
        1000.0,
        1000.0,
        1000.0,
        1000.0,
        1000.0,
        1000.0,
        1000.0,
        1000.0,
        1000.0,
        1000.0,
        1000.0,
        1000.0,
        1000.0,
        1000.0,
        1000.0,
        1000.0,
        1000.0,
        1000.0,
        1000.0,
        1000.0,
        1000.0,
        1000.0,
        1000.0,
        1000.0,
        1000.0,
        1000.0,
        1000.0,
        1000.0,
        1000.0,
        1000.0,
        1000.0,
        1000.0,
        1000.0,
        1000.0,
        1000.0,
        1000.0,
        1000.0,
        1000.0,
        1000.0,
        1000.0,
        1000.0,
        1000.0,
        1000.0,
        1000.0,
        1000.0,
        1000.0,
        1000.0,
        1000.0,
        1000.0,
        1000.0
    ]
}