{
    "steps": [
        10240,
        20480,
        30720,
        40960,
        51200,
        61440,
        71680,
        81920,
        92160,
        102400,
        112640,
        122880,
        133120,
        143360,
        153600,
        163840,
        174080,
        184320,
        194560,
        204800,
        215040,
        225280,
        235520,
        245760,
        256000,
        266240,
        276480,
        286720,
        296960,
        307200,
        317440,
        327680,
        337920,
        348160,
        358400,
        368640,
        378880,
        389120,
        399360,
        409600,
        419840,
        430080,
        440320,
        450560,
        460800,
        471040,
        481280,
        491520,
        501760,
        512000,
        522240,
        532480,
        542720,
        552960,
        563200,
        573440,
        583680,
        593920,
        604160,
        614400,
        624640,
        634880,
        645120,
        655360,
        665600,
        675840,
        686080,
        696320,
        706560,
        716800,
        727040,
        737280,
        747520,
        757760,
        768000,
        778240,
        788480,
        798720,
        808960,
        819200,
        829440,
        839680,
        849920,
        860160,
        870400,
        880640,
        890880,
        901120,
        911360,
        921600,
        931840,
        942080,
        952320,
        962560,
        972800,
        983040,
        993280
    ],
    "avg_episodic_reward": [
        -270.14046442105865,
        -351.7145869822282,
        -306.22788938696965,
        -281.0722219151337,
        -305.6287860776291,
        -290.0864423654291,
        -234.1170956739541,
        -207.98936793880304,
        -242.8478717366184,
        -101.71204705011495,
        -186.765764112364,
        -189.04961270236709,
        -75.71418677293441,
        -372.92485670942756,
        16.745882894285852,
        -67.33687995378236,
        29.191459459582028,
        -63.834832307082536,
        111.12332973925591,
        166.69009124636193,
        122.09318350750698,
        153.17608656649304,
        214.8256029634001,
        175.22449487863037,
        153.263035490293,
        -107.05250288110105,
        241.43917141954267,
        254.94680492464474,
        334.26160139566866,
        312.89278562920043,
        369.5426217660993,
        328.8429702702085,
        343.3029515400129,
        24.901886067913637,
        270.9405437007904,
        162.72036145749962,
        467.70953782364154,
        410.0786945977551,
        493.93569339984435,
        446.90933314333597,
        492.2467516712962,
        422.2349875122971,
        510.0623878673107,
        614.3111876464284,
        423.04205060476784,
        489.75863728474513,
        543.2967032062767,
        117.79359936319523,
        581.8432942438492,
        404.91973508560415,
        72.38071929627208,
        731.9148879795393,
        611.4360559350216,
        763.347534866777,
        666.9145459859574,
        541.3433287335181,
        558.0803880341657,
        735.2935787026308,
        650.9753005153757,
        681.9105569219585,
        681.176229576286,
        808.095653397331,
        805.8297053839058,
        530.2984476205672,
        744.3771930346558,
        792.5400867028036,
        761.1813617508751,
        754.9514007436023,
        316.964953195116,
        902.9430889834756,
        796.4086924489407,
        883.3897718519075,
        902.6239683683326,
        736.5605393354961,
        765.8757945523554,
        545.4910576658267,
        558.8397049195032,
        865.3661850677847,
        858.084136753547,
        771.3621094475232,
        775.8980659968413,
        803.8090802323404,
        960.7742324229607,
        942.0777467082462,
        363.04393653485545,
        845.4675465627306,
        586.36600341805,
        882.7344524347383,
        988.3815401220781,
        948.934482752349,
        965.9121284571063,
        1065.2994978309798,
        1132.1829204307512,
        1090.949425273685,
        467.7371760745458,
        904.9366866164099,
        517.1685143566547
    ],
    "avg_episode_length": [
        1000.0,
        1000.0,
        1000.0,
        1000.0,
        1000.0,
        1000.0,
        1000.0,
        1000.0,
        1000.0,
        1000.0,
        1000.0,
        1000.0,
        1000.0,
        1000.0,
        1000.0,
        1000.0,
        1000.0,
        1000.0,
        1000.0,
        1000.0,
        1000.0,
        1000.0,
        1000.0,
        1000.0,
        1000.0,
        1000.0,
        1000.0,
        1000.0,
        1000.0,
        1000.0,
        1000.0,
        1000.0,
        1000.0,
        1000.0,
        1000.0,
        1000.0,
        1000.0,
        1000.0,
        1000.0,
        1000.0,
        1000.0,
        1000.0,
        1000.0,
        1000.0,
        1000.0,
        1000.0,
        1000.0,
        1000.0,
        1000.0,
        1000.0,
        1000.0,
        1000.0,
        1000.0,
        1000.0,
        1000.0,
        1000.0,
        1000.0,
        1000.0,
        1000.0,
        1000.0,
        1000.0,
        1000.0,
        1000.0,
        1000.0,
        1000.0,
        1000.0,
        1000.0,
        1000.0,
        1000.0,
        1000.0,
        1000.0,
        1000.0,
        1000.0,
        1000.0,
        1000.0,
        1000.0,
        1000.0,
        1000.0,
        1000.0,
        1000.0,
        1000.0,
        1000.0,
        1000.0,
        1000.0,
        1000.0,
        1000.0,
        1000.0,
        1000.0,
        1000.0,
        1000.0,
        1000.0,
        1000.0,
        1000.0,
        1000.0,
        1000.0,
        1000.0,
        1000.0
    ]
}