{
    "steps": [
        10240,
        20480,
        30720,
        40960,
        51200,
        61440,
        71680,
        81920,
        92160,
        102400,
        112640,
        122880,
        133120,
        143360,
        153600,
        163840,
        174080,
        184320,
        194560,
        204800,
        215040,
        225280,
        235520,
        245760,
        256000,
        266240,
        276480,
        286720,
        296960
    ],
    "avg_episodic_reward": [
        -353.56223526841535,
        -426.0903364146013,
        -469.7293338907742,
        -249.415073160382,
        -328.4566165306508,
        -204.2417154961659,
        -178.85559339603566,
        -130.4835996062103,
        -176.6364757480054,
        -49.047803299800115,
        64.3685881994034,
        49.20997668221283,
        20.259942349803378,
        316.36822262321124,
        83.88003656023827,
        514.9396689130774,
        297.7393238827885,
        98.25357474147336,
        528.0204088836381,
        514.9090326232393,
        618.5251169829434,
        615.0936595136511,
        317.37802867181665,
        313.51363923249846,
        657.9379059212907,
        411.8096509843958,
        694.1162198482834,
        425.8041043706841,
        724.1954722878627
    ],
    "avg_episode_length": [
        1000.0,
        1000.0,
        1000.0,
        1000.0,
        1000.0,
        1000.0,
        1000.0,
        1000.0,
        1000.0,
        1000.0,
        1000.0,
        1000.0,
        1000.0,
        1000.0,
        1000.0,
        1000.0,
        1000.0,
        1000.0,
        1000.0,
        1000.0,
        1000.0,
        1000.0,
        1000.0,
        1000.0,
        1000.0,
        1000.0,
        1000.0,
        1000.0,
        1000.0
    ]
}