{
    "steps": [
        10240,
        20480,
        30720,
        40960,
        51200,
        61440,
        71680,
        81920,
        92160,
        102400,
        112640,
        122880,
        133120,
        143360,
        153600,
        163840,
        174080,
        184320,
        194560,
        204800,
        215040,
        225280,
        235520,
        245760,
        256000,
        266240,
        276480,
        286720,
        296960,
        307200,
        317440,
        327680,
        337920,
        348160,
        358400,
        368640,
        378880,
        389120,
        399360,
        409600,
        419840,
        430080,
        440320,
        450560,
        460800,
        471040,
        481280,
        491520,
        501760,
        512000,
        522240,
        532480,
        542720,
        552960,
        563200,
        573440,
        583680,
        593920,
        604160,
        614400,
        624640,
        634880,
        645120,
        655360,
        665600,
        675840,
        686080,
        696320,
        706560,
        716800,
        727040,
        737280,
        747520,
        757760,
        768000,
        778240,
        788480,
        798720,
        808960,
        819200,
        829440,
        839680,
        849920,
        860160,
        870400,
        880640,
        890880
    ],
    "avg_episodic_reward": [
        -267.43223610619697,
        -314.948156956262,
        -286.8017196463402,
        -231.30083409512756,
        -222.16367088307533,
        -194.35990809068304,
        -183.49786060574468,
        -160.02686949130896,
        -31.245263254261467,
        78.11851873310276,
        262.7359904339292,
        319.47914482519593,
        464.9270783817002,
        438.86191857807205,
        445.30406956004856,
        569.0295783498572,
        439.00072781307824,
        620.4671288758751,
        714.5536691575398,
        692.6731995437401,
        754.7801963460138,
        836.6326136104888,
        807.5187215892656,
        807.9827286820954,
        760.0549961550097,
        910.9551216604684,
        952.1290287439704,
        871.3760409542556,
        913.3328737589812,
        1087.8625489434773,
        923.2451749529201,
        1148.5945124764585,
        1034.7465442647042,
        1107.2211060411857,
        1145.7911547629342,
        1137.1293565143733,
        1050.7837304394307,
        1166.5006870081554,
        1083.3827469893645,
        1160.5630296174577,
        519.0025411615802,
        1202.4524446153814,
        1189.0267171393177,
        422.76965423277704,
        1178.5965436724864,
        1241.4550052413265,
        1201.817679438362,
        1234.255161813084,
        1204.4975916672179,
        1238.7947375958236,
        1226.130211790753,
        1157.7661417459562,
        1016.3399090334801,
        1226.9156586752733,
        1152.751561842697,
        1152.048722855333,
        572.9326484139896,
        1267.15602585658,
        1271.733743145241,
        1315.2267196047883,
        1284.5334950830281,
        1279.7118497694428,
        1198.9400375547084,
        1250.498049089228,
        1268.3126244306823,
        1307.445849171055,
        1126.7457894082308,
        1328.8724439904895,
        1222.3491374252008,
        1359.46923211518,
        1240.5038748252712,
        1296.2134124321983,
        1205.915715960299,
        579.1974274895746,
        1268.1000447144274,
        540.0727034826482,
        1177.2967110140676,
        1295.8874189608157,
        1248.2911427352008,
        1343.8739489359,
        1275.4080656615884,
        1295.0136800747887,
        1322.1643866967293,
        1319.012803445802,
        1343.4938739158038,
        1300.5493318212648,
        1345.2331401845845
    ],
    "avg_episode_length": [
        1000.0,
        1000.0,
        1000.0,
        1000.0,
        1000.0,
        1000.0,
        1000.0,
        1000.0,
        1000.0,
        1000.0,
        1000.0,
        1000.0,
        1000.0,
        1000.0,
        1000.0,
        1000.0,
        1000.0,
        1000.0,
        1000.0,
        1000.0,
        1000.0,
        1000.0,
        1000.0,
        1000.0,
        1000.0,
        1000.0,
        1000.0,
        1000.0,
        1000.0,
        1000.0,
        1000.0,
        1000.0,
        1000.0,
        1000.0,
        1000.0,
        1000.0,
        1000.0,
        1000.0,
        1000.0,
        1000.0,
        1000.0,
        1000.0,
        1000.0,
        1000.0,
        1000.0,
        1000.0,
        1000.0,
        1000.0,
        1000.0,
        1000.0,
        1000.0,
        1000.0,
        1000.0,
        1000.0,
        1000.0,
        1000.0,
        1000.0,
        1000.0,
        1000.0,
        1000.0,
        1000.0,
        1000.0,
        1000.0,
        1000.0,
        1000.0,
        1000.0,
        1000.0,
        1000.0,
        1000.0,
        1000.0,
        1000.0,
        1000.0,
        1000.0,
        1000.0,
        1000.0,
        1000.0,
        1000.0,
        1000.0,
        1000.0,
        1000.0,
        1000.0,
        1000.0,
        1000.0,
        1000.0,
        1000.0,
        1000.0,
        1000.0
    ]
}