{
    "steps": [
        10240,
        20480,
        30720,
        40960,
        51200,
        61440,
        71680,
        81920,
        92160,
        102400,
        112640,
        122880,
        133120,
        143360,
        153600,
        163840,
        174080,
        184320,
        194560,
        204800,
        215040,
        225280,
        235520,
        245760,
        256000,
        266240,
        276480,
        286720,
        296960,
        307200,
        317440,
        327680,
        337920,
        348160,
        358400,
        368640,
        378880,
        389120,
        399360,
        409600,
        419840,
        430080,
        440320,
        450560,
        460800,
        471040,
        481280,
        491520,
        501760,
        512000,
        522240,
        532480
    ],
    "avg_episodic_reward": [
        104.42980404085928,
        200.22318209188703,
        205.86931815908008,
        216.71222026500521,
        290.7566745872099,
        318.0615337973143,
        347.5377733776937,
        380.31995439044016,
        617.2164320823435,
        929.0881775125439,
        770.5420651273887,
        877.0532215758103,
        1125.262377570302,
        1467.715527718041,
        961.7007450394797,
        919.3480579939529,
        606.6041926610405,
        683.917195314767,
        705.4643474564245,
        691.6406221960617,
        710.0737335270234,
        818.586239090804,
        1491.0811595931016,
        845.5257749413804,
        1109.2570562216579,
        1049.0785559328913,
        1082.2467782985061,
        1382.0334444782663,
        1576.8368098189928,
        810.8491357136559,
        1164.3203727641396,
        1204.4580407236788,
        1205.4903829939112,
        1329.4301780369296,
        2129.7013308981795,
        978.6040223034988,
        1071.202979924959,
        1011.1363828431423,
        1124.8309277050475,
        1337.2200789414167,
        1406.2570532267546,
        1464.533114453697,
        1041.117499297067,
        2892.575996241729,
        2460.530970542459,
        2569.249821873765,
        1594.835303475951,
        1368.18060423702,
        2340.0640018788276,
        1560.748666214973,
        1437.5718758607393,
        3177.0828705002064
    ],
    "avg_episode_length": [
        67.06451612903226,
        96.61904761904762,
        94.0909090909091,
        100.42857142857143,
        133.5,
        148.0,
        159.92307692307693,
        161.46153846153845,
        240.375,
        349.6666666666667,
        277.5,
        328.2,
        385.8,
        528.25,
        325.7142857142857,
        321.85714285714283,
        201.2,
        228.22222222222223,
        232.66666666666666,
        225.55555555555554,
        230.0,
        266.5,
        505.75,
        265.625,
        351.3333333333333,
        335.3333333333333,
        336.6666666666667,
        429.4,
        506.75,
        254.0,
        407.8,
        376.3333333333333,
        380.3333333333333,
        406.2,
        708.0,
        300.2857142857143,
        328.7142857142857,
        319.42857142857144,
        341.6666666666667,
        405.7142857142857,
        424.75,
        443.8333333333333,
        318.8333333333333,
        1000.0,
        776.0,
        831.3333333333334,
        480.5,
        409.75,
        717.3333333333334,
        475.0,
        443.8,
        998.0
    ]
}