{
    "steps": [
        10112,
        20117,
        30396,
        40445,
        50807,
        60976,
        71210,
        81545,
        91599,
        102093,
        112518,
        122672,
        132704,
        143194,
        153632,
        164041,
        174326,
        184812,
        194981,
        205585,
        215727,
        226437,
        236675,
        247596,
        257607,
        267757,
        278817,
        289125,
        299656,
        311214,
        324234,
        335633,
        347135,
        357788,
        368542,
        380201,
        390765,
        401025,
        412850,
        425230,
        435702,
        447660,
        460056,
        473150,
        487842,
        498639,
        510473,
        521598,
        532310,
        542340,
        553705,
        570448,
        586589,
        599255,
        616348,
        632481,
        650331,
        670538,
        688863,
        699866,
        711277,
        721428,
        738252,
        759097,
        776951,
        791632,
        806614,
        823150,
        833850,
        844543,
        859612,
        870621,
        884044,
        898352,
        910299,
        922741,
        935187,
        947135,
        959899,
        972765,
        987853,
        999348,
        1011524
    ],
    "avg_episodic_reward": [
        117.06770961708762,
        117.67884052507499,
        185.8169771820668,
        166.1499592751199,
        212.04767825269724,
        231.17077413174337,
        248.93628072557055,
        252.80370248513742,
        238.4944440906454,
        344.00880430790454,
        304.9198656952227,
        286.6284865878789,
        291.0712731823495,
        315.1982260420499,
        297.69048239792056,
        301.04317735389,
        345.8550123501086,
        360.7720282952889,
        377.94276830944153,
        382.3962528235926,
        371.2072980945974,
        433.1679394282421,
        501.0836653425115,
        701.3770398009418,
        711.3077435876844,
        651.6203684015182,
        760.907443649783,
        846.9335615654157,
        796.4777749547077,
        1322.2311804399892,
        1790.987919654563,
        887.9514933964786,
        1188.806507990745,
        823.9310913376592,
        1303.978204949943,
        1995.7719062855167,
        1358.7924200569669,
        1048.2920195501977,
        1127.7786521947023,
        1757.65319011729,
        2444.8965868155087,
        1652.01025970383,
        1849.1450782984612,
        2640.620671221925,
        2750.113993340894,
        2968.6972109839835,
        4288.657233768887,
        3574.674471502647,
        3042.5977889911337,
        3869.580478368857,
        2473.411624953211,
        4090.0698883462464,
        4401.103578549252,
        3200.4361781102616,
        5023.360075858894,
        3808.291973258387,
        5503.371260277443,
        6555.45840966567,
        4861.440382816858,
        6418.045397215085,
        6655.783442402195,
        5920.6489951420535,
        5295.377840001194,
        6662.467091709714,
        4774.67568931849,
        4469.82559616588,
        5819.710263967256,
        4610.070486166802,
        6242.823849237324,
        6240.0997192291525,
        8795.384955445003,
        6424.867267316395,
        7835.304703569181,
        8351.377062743917,
        6972.77900152596,
        7261.954863318277,
        7263.643716528275,
        6973.7167426148435,
        7448.911208037034,
        7509.46001569295,
        8806.380377528181,
        6708.325553228753,
        7105.126084381501
    ],
    "avg_episode_length": [
        12.6875,
        12.75,
        20.125,
        18.0,
        22.9375,
        25.0625,
        26.9375,
        27.375,
        25.8125,
        37.125,
        32.9375,
        30.9375,
        31.4375,
        34.0625,
        32.125,
        32.5625,
        37.3125,
        38.9375,
        40.75,
        41.25,
        40.0,
        46.6875,
        53.9375,
        75.4375,
        76.5,
        70.0625,
        81.8125,
        91.0,
        85.625,
        142.0,
        192.25,
        95.5,
        127.6875,
        88.5625,
        140.0,
        214.125,
        145.8125,
        112.625,
        121.125,
        188.5625,
        262.375,
        177.25,
        198.4375,
        283.25,
        294.875,
        318.25,
        459.75,
        383.25,
        326.125,
        414.875,
        265.3125,
        438.4375,
        471.75,
        343.1875,
        538.375,
        408.125,
        589.625,
        702.4375,
        520.9375,
        687.6875,
        713.1875,
        634.4375,
        567.375,
        713.6875,
        511.5625,
        479.0625,
        623.375,
        493.8125,
        668.75,
        668.3125,
        941.8125,
        688.0625,
        838.9375,
        894.25,
        746.6875,
        777.625,
        777.875,
        746.75,
        797.75,
        804.125,
        943.0,
        718.4375,
        761.0
    ]
}