{
    "steps": [
        10109,
        22892,
        38580,
        51445,
        65563,
        81117,
        98918,
        109156,
        132310,
        145955,
        159394,
        177435,
        194799,
        217206,
        233910,
        257269,
        289966,
        326727,
        360183,
        415749,
        466873,
        522426,
        578479,
        641151,
        705151,
        769151,
        833151,
        897151,
        961151,
        1025151
    ],
    "avg_episodic_reward": [
        27.0625,
        68.15625,
        93.984375,
        98.984375,
        114.40625,
        128.59375,
        153.765625,
        159.96875,
        208.78125,
        213.203125,
        209.984375,
        281.890625,
        271.3125,
        350.109375,
        261.0,
        364.984375,
        510.890625,
        574.390625,
        522.75,
        868.21875,
        798.8125,
        868.015625,
        875.828125,
        979.25,
        1000.0,
        1000.0,
        1000.0,
        1000.0,
        1000.0,
        1000.0
    ],
    "avg_episode_length": [
        27.0625,
        68.15625,
        93.984375,
        98.984375,
        114.40625,
        128.59375,
        153.765625,
        159.96875,
        208.78125,
        213.203125,
        209.984375,
        281.890625,
        271.3125,
        350.109375,
        261.0,
        364.984375,
        510.890625,
        574.390625,
        522.75,
        868.21875,
        798.8125,
        868.015625,
        875.828125,
        979.25,
        1000.0,
        1000.0,
        1000.0,
        1000.0,
        1000.0,
        1000.0
    ]
}