{
    "steps": [
        10240,
        20480,
        30720,
        40960,
        51200,
        61440,
        71680,
        81920,
        92160,
        102400,
        112640,
        122880,
        133120,
        143360,
        153600,
        163840,
        174080,
        184320,
        194560,
        204800,
        215040,
        225280,
        235520,
        245760,
        256000,
        266240,
        276480,
        286720,
        296960,
        307200,
        317440,
        327680,
        337920,
        348160,
        358400,
        368640,
        378880,
        389120,
        399360,
        409600,
        419840,
        430080,
        440320,
        450560,
        460800,
        471040,
        481280,
        491520,
        501760,
        512000,
        522240,
        532480,
        542720,
        552960,
        563200,
        573440,
        583680,
        593920,
        604160,
        614400,
        624640,
        634880,
        645120,
        655360,
        665600,
        675840,
        686080,
        696320,
        706560,
        716800,
        727040,
        737280,
        747520,
        757760,
        768000,
        778240,
        788480,
        798720,
        808960,
        819200,
        829440,
        839680,
        849920,
        860160,
        870400,
        880640,
        890880,
        901120,
        911360,
        921600,
        931840,
        942080,
        952320,
        962560,
        972800,
        983040,
        993280
    ],
    "avg_episodic_reward": [
        -139.57140517247976,
        -97.71368621717954,
        -89.59069138448169,
        -82.57707656419406,
        16.208333741647838,
        -13.397062429400162,
        11.36697733047837,
        98.40196456835211,
        50.72252495895388,
        220.8360047798664,
        213.60537444931495,
        297.7767990318813,
        -30.217738238373354,
        273.0801623890162,
        438.8956061837663,
        407.0834966085356,
        477.7506252560072,
        99.06211851590749,
        533.3224078513583,
        520.1962306322134,
        477.47445168528,
        601.9172228880075,
        678.5438912115262,
        617.7341590343542,
        460.100624518728,
        652.6274741611867,
        722.9610769291163,
        702.2862080152097,
        538.098208608675,
        760.4810218481839,
        584.0611724864318,
        921.1618053655822,
        768.4961351806797,
        796.3243446440931,
        833.1703909616431,
        804.4966594850937,
        864.8327834569706,
        1037.920451592265,
        967.6889744617752,
        778.0827364099871,
        674.0350659357808,
        1024.882935923329,
        445.70829895735784,
        950.8029320820979,
        1057.7463786723065,
        992.9548380679272,
        1073.9918691901726,
        999.835351847011,
        1038.1336824658713,
        1108.013578458201,
        998.3649468270332,
        883.2488282499506,
        1033.9642554297448,
        926.7065670475461,
        1060.226696697837,
        1050.5969829075873,
        955.6229570877547,
        795.6741651063995,
        1111.6455248462003,
        962.8091271672116,
        1178.83963863212,
        1219.2608552291995,
        717.5233076010134,
        1189.0673954670608,
        1228.407298877211,
        1095.526486006028,
        1180.048880642153,
        989.2766276155861,
        1082.1565165863296,
        1032.9490087741442,
        1302.7061703750592,
        1190.20957582045,
        1111.7607094185626,
        1252.177692752359,
        802.229999992311,
        1279.1300205755128,
        1140.4261801574864,
        1276.9783900882653,
        994.4482831516864,
        1047.179614458185,
        1124.8015849409628,
        1228.3385668676337,
        1034.5069844254158,
        1196.9233704847597,
        1013.7243899815077,
        1272.9722333368,
        1300.6094001291274,
        1370.980980697485,
        1362.5489542451753,
        1213.9162367652675,
        816.1293078832948,
        1187.1006076117098,
        1184.7873557784305,
        1217.081377415112,
        1336.6975959443835,
        1390.7239020560485,
        1477.8737188965604
    ],
    "avg_episode_length": [
        1000.0,
        1000.0,
        1000.0,
        1000.0,
        1000.0,
        1000.0,
        1000.0,
        1000.0,
        1000.0,
        1000.0,
        1000.0,
        1000.0,
        1000.0,
        1000.0,
        1000.0,
        1000.0,
        1000.0,
        1000.0,
        1000.0,
        1000.0,
        1000.0,
        1000.0,
        1000.0,
        1000.0,
        1000.0,
        1000.0,
        1000.0,
        1000.0,
        1000.0,
        1000.0,
        1000.0,
        1000.0,
        1000.0,
        1000.0,
        1000.0,
        1000.0,
        1000.0,
        1000.0,
        1000.0,
        1000.0,
        1000.0,
        1000.0,
        1000.0,
        1000.0,
        1000.0,
        1000.0,
        1000.0,
        1000.0,
        1000.0,
        1000.0,
        1000.0,
        1000.0,
        1000.0,
        1000.0,
        1000.0,
        1000.0,
        1000.0,
        1000.0,
        1000.0,
        1000.0,
        1000.0,
        1000.0,
        1000.0,
        1000.0,
        1000.0,
        1000.0,
        1000.0,
        1000.0,
        1000.0,
        1000.0,
        1000.0,
        1000.0,
        1000.0,
        1000.0,
        1000.0,
        1000.0,
        1000.0,
        1000.0,
        1000.0,
        1000.0,
        1000.0,
        1000.0,
        1000.0,
        1000.0,
        1000.0,
        1000.0,
        1000.0,
        1000.0,
        1000.0,
        1000.0,
        1000.0,
        1000.0,
        1000.0,
        1000.0,
        1000.0,
        1000.0,
        1000.0
    ]
}