{
    "steps": [
        12928,
        25798,
        37225,
        50005,
        63632,
        73814,
        84814,
        96490,
        108623,
        120989,
        133784,
        147743,
        162536,
        177426,
        193644,
        211365,
        230621,
        241115,
        252499,
        264669,
        276276,
        287833,
        300803,
        313596,
        327989,
        341955,
        357010,
        374483,
        393659,
        409696,
        427602,
        447564,
        470628,
        492724,
        515768,
        544850,
        572585,
        605350,
        638005,
        676252,
        717902,
        764625,
        809705,
        859677,
        914057,
        964826,
        1022937
    ],
    "avg_episodic_reward": [
        51.766735625298516,
        91.25765956234284,
        94.42529869675924,
        116.51961040185687,
        125.92926505107397,
        124.20217574042331,
        158.32199360262794,
        155.98126325670842,
        175.0533501822489,
        173.06421372522848,
        188.99367098445984,
        210.56592998477953,
        206.69400860592933,
        228.44451143981678,
        242.21275159952518,
        234.46783557556967,
        270.55481762247723,
        267.1394919081507,
        279.098816165927,
        283.2802841907338,
        285.3512659725292,
        282.7015333039455,
        300.0826805009076,
        278.7718086402258,
        315.47477317483316,
        298.5911871738584,
        340.218278284485,
        340.53441917977375,
        388.4217852263889,
        327.4556420214866,
        384.96991829692604,
        394.5343874481108,
        449.92889795206304,
        389.88863911080466,
        455.63464967819084,
        524.7602888525303,
        509.9412504525581,
        592.2932747728747,
        580.961936390021,
        645.0699181789277,
        706.9212167935896,
        796.4528750346651,
        702.7204498650544,
        855.4067605172288,
        865.7768622915822,
        855.0502435565563,
        912.9308048611189
    ],
    "avg_episode_length": [
        46.859375,
        60.0625,
        61.34375,
        71.265625,
        72.90625,
        80.875,
        91.59375,
        87.453125,
        99.53125,
        93.3125,
        99.03125,
        109.796875,
        113.28125,
        119.5625,
        131.453125,
        133.625,
        157.671875,
        163.96875,
        177.875,
        190.15625,
        181.359375,
        180.578125,
        202.65625,
        199.890625,
        224.890625,
        218.21875,
        235.234375,
        273.015625,
        299.625,
        250.578125,
        279.78125,
        311.90625,
        360.375,
        345.25,
        360.0625,
        454.40625,
        433.359375,
        511.953125,
        510.234375,
        597.609375,
        650.78125,
        730.046875,
        704.375,
        780.8125,
        849.6875,
        793.265625,
        907.984375
    ]
}