{
    "steps": [
        16000,
        32000,
        48000,
        64000,
        80000,
        96000,
        112000,
        128000,
        144000,
        160000,
        176000,
        192000,
        208000,
        224000,
        240000,
        256000,
        272000,
        288000,
        304000,
        320000,
        336000,
        352000,
        368000,
        384000,
        400000,
        416000,
        432000,
        448000,
        464000,
        480000,
        496000,
        512000,
        528000,
        544000,
        560000,
        576000,
        592000,
        608000,
        624000,
        640000,
        656000,
        672000,
        688000,
        704000,
        720000,
        736000,
        752000,
        768000,
        784000,
        800000,
        816000,
        832000,
        848000,
        864000,
        880000,
        896000,
        912000,
        928000,
        944000,
        960000,
        976000,
        992000,
        1008000
    ],
    "avg_episodic_reward": [
        -377.3365343414206,
        -354.0769214224286,
        -363.4577075395897,
        -381.8951074296964,
        -322.22046953271916,
        -363.26706366284446,
        -368.6382468500144,
        -379.94758013981493,
        -356.1107728615168,
        -372.00619928685137,
        -318.4819723653891,
        -339.28451624000195,
        -346.11978919198975,
        -346.02030864220933,
        -338.83762457852066,
        -338.5575711564559,
        -327.0992256033295,
        -344.9299908146754,
        -350.0240697081616,
        -346.9109075775779,
        -331.4975748929536,
        -343.8180762988686,
        -347.2823061200443,
        -344.2098907662572,
        -328.02668260752455,
        -307.29242021368816,
        -319.3607645660279,
        -328.86707197088344,
        -318.7442715686083,
        -324.48501462543663,
        -307.4663472006657,
        -303.2736347480712,
        -284.6904816230251,
        -319.6124727525505,
        -309.2501111733392,
        -279.9661717322261,
        -361.0884667018206,
        -306.3078803252561,
        -342.3351149874551,
        -332.70918409719064,
        -289.39077196718193,
        -303.126185627426,
        -280.62101449692557,
        -294.71659689431317,
        -284.64800850524983,
        -295.23954757789943,
        -322.7029396205837,
        -302.05909600170787,
        -253.42647347306058,
        -280.62430973725094,
        -260.6390591563231,
        -284.3213063101057,
        -256.00465400524445,
        -287.8476133737671,
        -261.098051162941,
        -265.9862957375101,
        -263.9957740666325,
        -258.5610966775559,
        -270.60457407352567,
        -234.2156715104814,
        -211.6789330526977,
        -199.7053734906342,
        -227.41730154884334
    ],
    "avg_episode_length": [
        1000.0,
        1000.0,
        1000.0,
        1000.0,
        1000.0,
        1000.0,
        1000.0,
        1000.0,
        1000.0,
        1000.0,
        1000.0,
        1000.0,
        1000.0,
        1000.0,
        1000.0,
        1000.0,
        1000.0,
        1000.0,
        1000.0,
        1000.0,
        1000.0,
        1000.0,
        1000.0,
        1000.0,
        1000.0,
        1000.0,
        1000.0,
        1000.0,
        1000.0,
        1000.0,
        1000.0,
        1000.0,
        1000.0,
        1000.0,
        1000.0,
        1000.0,
        1000.0,
        1000.0,
        1000.0,
        1000.0,
        1000.0,
        1000.0,
        1000.0,
        1000.0,
        1000.0,
        1000.0,
        1000.0,
        1000.0,
        1000.0,
        1000.0,
        1000.0,
        1000.0,
        1000.0,
        1000.0,
        1000.0,
        1000.0,
        1000.0,
        1000.0,
        1000.0,
        1000.0,
        1000.0,
        1000.0,
        1000.0
    ]
}