{
    "steps": [
        10291,
        20359,
        31057,
        41695,
        55295,
        70661,
        82406,
        95774,
        111658,
        130883,
        142022,
        153418,
        166842,
        184215,
        206086,
        233179,
        272623,
        325707,
        385406,
        446553,
        509481,
        572640,
        635242,
        699242,
        763018,
        826853,
        890244,
        954244,
        1018244
    ],
    "avg_episodic_reward": [
        21.9375,
        30.59375,
        43.609375,
        62.5,
        79.21875,
        90.421875,
        88.609375,
        114.765625,
        130.34375,
        153.96875,
        174.046875,
        178.0625,
        209.75,
        271.453125,
        341.734375,
        423.328125,
        616.3125,
        829.4375,
        932.796875,
        955.421875,
        983.25,
        986.859375,
        978.15625,
        1000.0,
        996.5,
        997.421875,
        990.484375,
        1000.0,
        1000.0
    ],
    "avg_episode_length": [
        21.9375,
        30.59375,
        43.609375,
        62.5,
        79.21875,
        90.421875,
        88.609375,
        114.765625,
        130.34375,
        153.96875,
        174.046875,
        178.0625,
        209.75,
        271.453125,
        341.734375,
        423.328125,
        616.3125,
        829.4375,
        932.796875,
        955.421875,
        983.25,
        986.859375,
        978.15625,
        1000.0,
        996.5,
        997.421875,
        990.484375,
        1000.0,
        1000.0
    ]
}