{
    "steps": [
        12000,
        24000,
        36000,
        48000,
        60000,
        72000,
        84000,
        96000,
        108000,
        120000,
        132000,
        144000,
        156000,
        168000,
        180000,
        192000,
        204000,
        216000,
        228000,
        240000,
        252000,
        264000,
        276000,
        288000,
        300000,
        312000,
        324000,
        336000,
        348000,
        360000,
        372000,
        384000,
        396000,
        408000,
        420000,
        432000,
        444000,
        456000,
        468000,
        480000,
        492000,
        504000,
        516000,
        528000,
        540000,
        552000,
        564000,
        576000,
        588000,
        600000,
        612000,
        624000,
        636000,
        648000,
        660000,
        672000,
        684000,
        696000,
        708000,
        720000,
        732000,
        744000,
        756000,
        768000,
        780000,
        792000,
        804000,
        816000,
        828000,
        840000,
        852000,
        864000,
        876000,
        888000,
        900000,
        912000,
        924000,
        936000,
        948000,
        960000,
        972000,
        984000,
        996000
    ],
    "avg_episodic_reward": [
        -0.6633282616945055,
        0.023793392751997988,
        4.784073510120747,
        1.5633216201181424,
        10.984778999454212,
        2.334081371986043,
        13.760071537918149,
        13.662604308778532,
        20.434498696860366,
        18.724220139218097,
        20.642791489615437,
        27.62833622349469,
        28.167139392020104,
        42.02152923421545,
        31.583030304464643,
        34.872077512536734,
        48.904384356663854,
        40.54620506496911,
        32.84538466948918,
        38.965995983982374,
        42.80779319232227,
        56.15149844224078,
        74.45157797425796,
        66.01316516978801,
        67.65067996174174,
        63.64787903134496,
        85.4575323995391,
        90.63340631280191,
        79.72314240447521,
        74.48010207858039,
        85.49494655760995,
        83.52340877077661,
        80.6216054237577,
        82.70873785959657,
        77.93002024519112,
        81.59110496354045,
        73.42051540721394,
        78.80994674816176,
        83.39859017204942,
        82.39838498590757,
        91.30392420176756,
        83.22032574477343,
        91.66682957847507,
        76.43787877319025,
        69.9906687820915,
        87.52311153746913,
        85.52236965560478,
        85.03468762216905,
        89.05168113628496,
        85.59704229472698,
        71.6582877179763,
        88.81193383383616,
        80.22852097226642,
        92.86875942667746,
        72.9059474673515,
        87.4202999913273,
        103.39748302572525,
        102.02286468962444,
        77.01547864894017,
        90.83054859512737,
        111.17008998896475,
        96.34057908168528,
        93.88400208456648,
        96.79716174239695,
        112.77057749088601,
        106.10331161217502,
        109.08477225532314,
        94.63353815650196,
        102.30921234795821,
        110.11514972719488,
        104.0655402871723,
        98.7028470008882,
        71.41876843302539,
        79.881403824887,
        85.7313728979127,
        89.57422278147466,
        106.95003483622567,
        115.27972801570502,
        104.84802189904077,
        108.10708663089775,
        88.27407654577962,
        94.55701210148557,
        115.95669477623414
    ],
    "avg_episode_length": [
        1000.0,
        1000.0,
        1000.0,
        1000.0,
        1000.0,
        1000.0,
        1000.0,
        1000.0,
        1000.0,
        1000.0,
        1000.0,
        1000.0,
        1000.0,
        1000.0,
        1000.0,
        1000.0,
        1000.0,
        1000.0,
        1000.0,
        1000.0,
        1000.0,
        1000.0,
        1000.0,
        1000.0,
        1000.0,
        1000.0,
        1000.0,
        1000.0,
        1000.0,
        1000.0,
        1000.0,
        1000.0,
        1000.0,
        1000.0,
        1000.0,
        1000.0,
        1000.0,
        1000.0,
        1000.0,
        1000.0,
        1000.0,
        1000.0,
        1000.0,
        1000.0,
        1000.0,
        1000.0,
        1000.0,
        1000.0,
        1000.0,
        1000.0,
        1000.0,
        1000.0,
        1000.0,
        1000.0,
        1000.0,
        1000.0,
        1000.0,
        1000.0,
        1000.0,
        1000.0,
        1000.0,
        1000.0,
        1000.0,
        1000.0,
        1000.0,
        1000.0,
        1000.0,
        1000.0,
        1000.0,
        1000.0,
        1000.0,
        1000.0,
        1000.0,
        1000.0,
        1000.0,
        1000.0,
        1000.0,
        1000.0,
        1000.0,
        1000.0,
        1000.0,
        1000.0,
        1000.0
    ]
}