{
    "steps": [
        10208,
        20647,
        30775,
        41464,
        51886,
        61950,
        72011,
        82207,
        92809,
        103150,
        114465,
        124571,
        135295,
        145727,
        155883,
        166191,
        176851,
        187584,
        198228,
        209350,
        220298,
        230447,
        240790,
        250852,
        262141,
        273315,
        283506,
        294395,
        306795,
        317907,
        328258,
        338454,
        349688,
        360373,
        370711,
        382919,
        393903,
        404495,
        416688,
        427232,
        437760,
        449313,
        460357,
        471274,
        481804,
        492134,
        502178,
        512934,
        523015,
        533093,
        543121,
        554076,
        564909,
        575104,
        585693,
        596455,
        606664,
        617308,
        627817,
        638198,
        648706,
        659086,
        669928,
        680508,
        691033,
        702144,
        713113,
        724571,
        735457,
        745490,
        755674,
        766059,
        776347,
        786440,
        796982,
        807738,
        818368,
        829249,
        840010,
        850325,
        860614,
        871267,
        881369,
        891820,
        902237,
        913672,
        924087,
        934301,
        944898,
        954982,
        965179,
        975881,
        986607,
        997087
    ],
    "avg_episodic_reward": [
        83.75985870940409,
        150.7735325719758,
        189.9386655150963,
        295.20604826883243,
        363.60755233038833,
        206.50797894608465,
        491.0769181271414,
        229.93067971993653,
        307.3841071283275,
        233.53927277644038,
        426.6323768390091,
        301.3008791194653,
        305.0881839469252,
        230.06169374102794,
        189.66593025207058,
        205.18073834667032,
        323.50166356486926,
        553.5175189622694,
        469.51075585508727,
        476.111362680068,
        380.84895624226476,
        580.9263375440489,
        367.75552156818054,
        301.83636290464625,
        407.2745874840763,
        421.1252311559158,
        248.84508301182177,
        330.4956147459489,
        575.8235970354759,
        352.9382059368421,
        413.26735300627365,
        323.28644787328676,
        578.1151791928943,
        295.54567225733985,
        303.5949077543461,
        643.7110112395117,
        656.0496756479694,
        260.596818434217,
        715.5661301145692,
        312.21300115754036,
        241.35468609598394,
        464.14838526704625,
        388.8359818858171,
        507.99841081719546,
        452.7441365730715,
        316.3380308941068,
        397.0388666635109,
        604.791652049016,
        381.7354314247418,
        388.35455023122273,
        585.690351051111,
        403.8217895094308,
        471.0650648643453,
        338.73568623897904,
        222.6942407949154,
        334.9688044005842,
        450.5192884054428,
        282.53764078023585,
        347.90586474188444,
        266.10384214424147,
        353.1706785539168,
        476.6538933010871,
        450.04253477812676,
        348.5017743710707,
        352.6747200850723,
        453.10092117975796,
        400.05590782401697,
        515.8884068944001,
        515.9387002556828,
        417.338331442868,
        448.7927721276808,
        630.8650021884962,
        295.4588397848663,
        412.4035025721676,
        465.5644403564297,
        332.102369292759,
        307.0528066502924,
        454.13206084637613,
        384.0449584140336,
        266.8519722894049,
        308.20169572950874,
        240.5448324908308,
        287.52076778104,
        328.19679323778496,
        320.4336941159638,
        438.97198007754423,
        526.7934466466181,
        464.9288447239761,
        282.4313382910793,
        233.89821288851036,
        330.2482456719203,
        299.8375907891536,
        308.5763058491676,
        365.3543644321318
    ],
    "avg_episode_length": [
        81.0,
        186.0,
        149.75,
        192.5,
        314.5,
        200.5,
        363.75,
        176.75,
        200.75,
        197.5,
        456.5,
        241.25,
        244.0,
        286.0,
        200.0,
        199.75,
        265.75,
        453.75,
        365.5,
        386.0,
        320.25,
        519.0,
        309.75,
        183.5,
        349.25,
        398.5,
        194.25,
        275.0,
        619.25,
        293.5,
        292.25,
        201.5,
        682.25,
        177.75,
        242.0,
        591.25,
        567.0,
        197.5,
        714.5,
        191.0,
        180.75,
        465.5,
        264.5,
        422.0,
        368.75,
        197.0,
        274.5,
        514.25,
        263.5,
        270.0,
        491.75,
        372.75,
        380.5,
        279.25,
        174.5,
        214.75,
        390.5,
        164.0,
        293.25,
        208.0,
        299.25,
        390.0,
        361.5,
        226.25,
        293.25,
        331.5,
        277.5,
        437.25,
        428.25,
        292.75,
        394.25,
        547.5,
        174.5,
        351.75,
        378.0,
        212.5,
        184.75,
        372.0,
        329.25,
        148.5,
        190.5,
        179.25,
        170.5,
        207.5,
        200.75,
        377.75,
        459.5,
        442.5,
        221.75,
        179.5,
        209.25,
        243.0,
        189.75,
        301.75
    ]
}