{
    "steps": [
        16000,
        32000,
        48000,
        64000,
        80000,
        96000,
        112000,
        128000,
        144000,
        160000,
        176000,
        192000,
        208000,
        224000,
        240000,
        256000,
        272000,
        288000,
        304000,
        320000,
        336000,
        352000,
        368000,
        384000,
        400000,
        416000,
        432000,
        448000,
        464000,
        480000,
        496000,
        512000,
        528000,
        544000,
        560000,
        576000,
        592000,
        608000,
        624000,
        640000,
        656000,
        672000,
        688000,
        704000,
        720000,
        736000,
        752000,
        768000,
        784000,
        800000,
        816000,
        832000,
        848000,
        864000,
        880000,
        896000,
        912000,
        928000,
        944000,
        960000,
        976000,
        992000,
        1008000
    ],
    "avg_episodic_reward": [
        -357.17675251335083,
        -335.4712290349702,
        -398.8526991340465,
        -397.45426490375314,
        -357.95368518936283,
        -389.975160281832,
        -355.78074491688176,
        -355.0947257066871,
        -383.18228916519627,
        -377.45375793279436,
        -311.008196850016,
        -356.7557216852137,
        -348.84382837487533,
        -325.4241872861678,
        -359.27651528558147,
        -332.84002335663104,
        -367.82451574067863,
        -391.8593620701107,
        -357.15484116145905,
        -369.39568582381406,
        -340.0173748682634,
        -298.3558059454482,
        -339.6465014872688,
        -353.2228399063065,
        -348.30983269082844,
        -346.10309870686825,
        -337.9209462899347,
        -347.5475295588578,
        -317.2288490124237,
        -298.5104439600646,
        -306.2622196473527,
        -310.98359623335205,
        -304.46393612622006,
        -341.69909696421144,
        -337.43919078923966,
        -325.8194038222826,
        -370.49345262263876,
        -355.43758383758967,
        -371.06089940757533,
        -281.74217868360364,
        -263.5858403728896,
        -308.45521541485135,
        -308.7525189292022,
        -284.4227804445138,
        -268.27496627010237,
        -298.9756130274062,
        -325.76115220824784,
        -262.4801331201962,
        -247.34873205241925,
        -310.3537690091846,
        -244.74574534712724,
        -316.03426399366424,
        -305.4338825450569,
        -321.55072790204514,
        -265.19166380571255,
        -368.41385463582674,
        -318.9745664673844,
        -267.55643615820355,
        -250.53366814739982,
        -242.59758547925975,
        -389.3880882564269,
        -345.4086250469927,
        -427.65425357391524
    ],
    "avg_episode_length": [
        1000.0,
        1000.0,
        1000.0,
        1000.0,
        1000.0,
        1000.0,
        1000.0,
        1000.0,
        1000.0,
        1000.0,
        1000.0,
        1000.0,
        1000.0,
        1000.0,
        1000.0,
        1000.0,
        1000.0,
        1000.0,
        1000.0,
        1000.0,
        1000.0,
        1000.0,
        1000.0,
        1000.0,
        1000.0,
        1000.0,
        1000.0,
        1000.0,
        1000.0,
        1000.0,
        1000.0,
        1000.0,
        1000.0,
        1000.0,
        1000.0,
        1000.0,
        1000.0,
        1000.0,
        1000.0,
        1000.0,
        1000.0,
        1000.0,
        1000.0,
        1000.0,
        1000.0,
        1000.0,
        1000.0,
        1000.0,
        1000.0,
        1000.0,
        1000.0,
        1000.0,
        1000.0,
        1000.0,
        1000.0,
        1000.0,
        1000.0,
        1000.0,
        1000.0,
        1000.0,
        1000.0,
        1000.0,
        1000.0
    ]
}