{
    "steps": [
        16000,
        32000,
        48000,
        64000,
        80000,
        96000,
        112000,
        128000,
        144000,
        160000,
        176000,
        192000,
        208000,
        224000,
        240000,
        256000,
        272000,
        288000,
        304000,
        320000,
        336000,
        352000,
        368000,
        384000,
        400000,
        416000,
        432000,
        448000,
        464000,
        480000,
        496000,
        512000,
        528000,
        544000,
        560000,
        576000,
        592000,
        608000,
        624000,
        640000,
        656000,
        672000,
        688000,
        704000,
        720000,
        736000,
        752000,
        768000,
        784000,
        800000,
        816000,
        832000,
        848000,
        864000,
        880000,
        896000,
        912000,
        928000,
        944000,
        960000,
        976000,
        992000,
        1008000
    ],
    "avg_episodic_reward": [
        -387.91760844214224,
        -385.86000373481784,
        -349.5989685554062,
        -390.2154556033531,
        -397.78482866897764,
        -371.9104602221908,
        -376.2200209728759,
        -373.02222297865825,
        -354.13639241646337,
        -365.9214539036325,
        -356.3720204279961,
        -343.59497155688825,
        -360.15462377898746,
        -351.88970511673494,
        -348.5933065621913,
        -333.774068027918,
        -333.78163241116937,
        -343.1780655958837,
        -339.32466266134446,
        -348.07027373243955,
        -330.0521953090408,
        -345.0209668408753,
        -327.2934576245537,
        -342.47213525535074,
        -324.8891506648563,
        -340.34403264864216,
        -321.87259640195055,
        -298.2637491010753,
        -301.2961123893472,
        -342.58433684997874,
        -311.3209420206041,
        -317.29604899403665,
        -319.3981149232991,
        -298.59700776910836,
        -343.4701314753138,
        -300.454308778576,
        -273.32591881935394,
        -312.67936531087537,
        -286.4978091796654,
        -283.6295873023614,
        -272.21668949578606,
        -296.30864885469714,
        -336.9279878762744,
        -293.6070302275718,
        -289.4095415449044,
        -300.0393799422418,
        -269.18416887676415,
        -256.8109209945043,
        -232.09929919508542,
        -282.84152826086586,
        -279.8079001297517,
        -234.79152434823163,
        -265.60913311658453,
        -269.32514314542107,
        -240.0177787416224,
        -287.8743529792565,
        -267.53471406261394,
        -207.57632708847336,
        -260.28729808425254,
        -272.9947524592304,
        -273.38354588061765,
        -260.3183590784546,
        -206.55883219801828
    ],
    "avg_episode_length": [
        1000.0,
        1000.0,
        1000.0,
        1000.0,
        1000.0,
        1000.0,
        1000.0,
        1000.0,
        1000.0,
        1000.0,
        1000.0,
        1000.0,
        1000.0,
        1000.0,
        1000.0,
        1000.0,
        1000.0,
        1000.0,
        1000.0,
        1000.0,
        1000.0,
        1000.0,
        1000.0,
        1000.0,
        1000.0,
        1000.0,
        1000.0,
        1000.0,
        1000.0,
        1000.0,
        1000.0,
        1000.0,
        1000.0,
        1000.0,
        1000.0,
        1000.0,
        1000.0,
        1000.0,
        1000.0,
        1000.0,
        1000.0,
        1000.0,
        1000.0,
        1000.0,
        1000.0,
        1000.0,
        1000.0,
        1000.0,
        1000.0,
        1000.0,
        1000.0,
        1000.0,
        1000.0,
        1000.0,
        1000.0,
        1000.0,
        1000.0,
        1000.0,
        1000.0,
        1000.0,
        1000.0,
        1000.0,
        1000.0
    ]
}