{
    "steps": [
        10240,
        20480,
        30720,
        40960,
        51200,
        61440,
        71680,
        81920,
        92160,
        102400,
        112640,
        122880,
        133120,
        143360,
        153600,
        163840,
        174080,
        184320,
        194560,
        204800,
        215040,
        225280,
        235520,
        245760,
        256000,
        266240,
        276480,
        286720,
        296960,
        307200,
        317440,
        327680,
        337920,
        348160,
        358400,
        368640,
        378880,
        389120,
        399360,
        409600,
        419840,
        430080,
        440320,
        450560,
        460800,
        471040,
        481280,
        491520,
        501760,
        512000,
        522240,
        532480,
        542720,
        552960,
        563200,
        573440,
        583680,
        593920,
        604160,
        614400,
        624640,
        634880,
        645120,
        655360,
        665600,
        675840,
        686080,
        696320,
        706560,
        716800,
        727040,
        737280,
        747520,
        757760,
        768000,
        778240,
        788480,
        798720,
        808960,
        819200,
        829440,
        839680,
        849920,
        860160,
        870400,
        880640,
        890880,
        901120,
        911360,
        921600,
        931840,
        942080,
        952320,
        962560,
        972800,
        983040,
        993280
    ],
    "avg_episodic_reward": [
        -297.90184639320137,
        -322.0068270171209,
        -324.2015718966087,
        -401.2250232522035,
        -222.33650557233824,
        -250.23529444222333,
        -317.8775281965642,
        -252.30615365219126,
        -205.71326391847998,
        -154.88880623409403,
        -254.44335295944614,
        -72.5327042893326,
        -211.36229656600366,
        -70.4559198006135,
        -76.64655408036418,
        -100.71641551349175,
        -76.71427161106614,
        -14.849539297346716,
        -18.18964437437627,
        107.8022709989921,
        -50.35210899381921,
        242.8756980001274,
        390.1560847433621,
        240.7265240340489,
        410.2958492131852,
        65.59381009956351,
        469.0456507765698,
        573.2909265295735,
        625.2407920066728,
        608.5707854467539,
        499.4372993377493,
        530.5057549968408,
        661.1188878667264,
        719.9440596827153,
        175.60936888411632,
        684.3678579021507,
        609.3159749044189,
        601.4724540894329,
        878.1426078417111,
        874.0375734534043,
        897.4004700592391,
        943.5652310087114,
        849.4835534055783,
        866.5713523439263,
        1028.9998886324472,
        864.3874648993839,
        861.2840139820846,
        1043.8754807499363,
        970.1714795526625,
        622.2981532588228,
        1154.4552446363061,
        1078.400020256748,
        1058.521467483024,
        1009.0167520060539,
        1177.266936505267,
        1149.1355508918964,
        1164.7040959510587,
        1112.880400591719,
        1120.4494974064255,
        1114.7529741128747,
        1091.7281122205038,
        1105.3381897388233,
        1174.1681623295917,
        1120.7966020232798,
        1120.6374381079381,
        1023.8818330153822,
        1209.1280898104023,
        1208.9744409213918,
        1125.2442076010689,
        1162.669189475214,
        1006.2828755907258,
        1196.96604793364,
        1212.3270158156606,
        1268.5378087120644,
        1250.5756280474454,
        1289.7956451974842,
        482.6012513237395,
        1242.7510116305996,
        1235.6298002480298,
        1185.3504153383979,
        1147.9802951311376,
        1153.9998553744956,
        1306.3557660224537,
        1223.834899702402,
        1318.5480121973865,
        1240.9406675044206,
        1310.0264782694346,
        1168.1880554205377,
        1210.8978219813496,
        1203.0332470643366,
        1192.6452378198305,
        1259.0739562426375,
        1197.272466195237,
        1275.504285038549,
        1291.537866098859,
        1327.2628680153139,
        1411.813258782925
    ],
    "avg_episode_length": [
        1000.0,
        1000.0,
        1000.0,
        1000.0,
        1000.0,
        1000.0,
        1000.0,
        1000.0,
        1000.0,
        1000.0,
        1000.0,
        1000.0,
        1000.0,
        1000.0,
        1000.0,
        1000.0,
        1000.0,
        1000.0,
        1000.0,
        1000.0,
        1000.0,
        1000.0,
        1000.0,
        1000.0,
        1000.0,
        1000.0,
        1000.0,
        1000.0,
        1000.0,
        1000.0,
        1000.0,
        1000.0,
        1000.0,
        1000.0,
        1000.0,
        1000.0,
        1000.0,
        1000.0,
        1000.0,
        1000.0,
        1000.0,
        1000.0,
        1000.0,
        1000.0,
        1000.0,
        1000.0,
        1000.0,
        1000.0,
        1000.0,
        1000.0,
        1000.0,
        1000.0,
        1000.0,
        1000.0,
        1000.0,
        1000.0,
        1000.0,
        1000.0,
        1000.0,
        1000.0,
        1000.0,
        1000.0,
        1000.0,
        1000.0,
        1000.0,
        1000.0,
        1000.0,
        1000.0,
        1000.0,
        1000.0,
        1000.0,
        1000.0,
        1000.0,
        1000.0,
        1000.0,
        1000.0,
        1000.0,
        1000.0,
        1000.0,
        1000.0,
        1000.0,
        1000.0,
        1000.0,
        1000.0,
        1000.0,
        1000.0,
        1000.0,
        1000.0,
        1000.0,
        1000.0,
        1000.0,
        1000.0,
        1000.0,
        1000.0,
        1000.0,
        1000.0,
        1000.0
    ]
}