{
    "steps": [
        10362,
        20547,
        30861,
        41022,
        52659,
        63398,
        75122,
        87310,
        98847,
        110760,
        121784,
        132309,
        143718,
        156099,
        166437,
        177060,
        187994,
        199511,
        211239,
        221745,
        233156,
        244758,
        256562,
        268262,
        279736,
        291356,
        303273,
        315108,
        326934,
        338724,
        350480,
        361981,
        373981,
        385354,
        396648,
        407317,
        418975,
        429788,
        441673,
        453343,
        464620,
        475814,
        487431,
        498507,
        509550,
        522865,
        533234,
        546917,
        558235,
        569434,
        581396,
        592770,
        604757,
        616268,
        627918,
        639080,
        650869,
        662796,
        674674,
        686674,
        697508,
        709258,
        720559,
        732377,
        744075,
        755430,
        766734,
        778605,
        789795,
        801268,
        812986,
        824906,
        836650,
        848399,
        860144,
        871946,
        883572,
        894618,
        905779,
        917358,
        928622,
        939768,
        950750,
        962117,
        972305,
        983339,
        994428,
        1026218
    ],
    "avg_episodic_reward": [
        193.70918676684386,
        258.3917680774807,
        282.2931818047936,
        358.9758088947089,
        601.614591927383,
        344.07795888122746,
        691.5045924888182,
        766.5595933565432,
        1039.403076950615,
        805.4723722683188,
        977.1464734019187,
        1036.7969392850514,
        1031.4928319152764,
        949.3935277118703,
        885.71730022125,
        930.3211569959128,
        1052.6137301427375,
        1049.9109474857892,
        1015.8674346646785,
        1046.2942321104133,
        928.6686636627772,
        1041.7736398522682,
        1018.1067880605876,
        1048.680952145989,
        938.9716827286156,
        1018.3867899188642,
        1048.2983078126397,
        1045.663967417621,
        1016.5457381050321,
        1033.3120396201284,
        1056.420785592219,
        1056.1177393639766,
        1056.300367259562,
        1057.720918710862,
        1055.945624637659,
        949.4994701819264,
        1031.627217929335,
        1000.0993005072668,
        1045.483823356316,
        986.5142048729765,
        1008.7114387881786,
        850.8440215444567,
        1024.494585410733,
        1053.4174568811761,
        1049.818466710817,
        1051.9644914331366,
        645.4243846652115,
        1058.991706198432,
        1050.5190635759805,
        1054.9023754940922,
        1057.025404804093,
        1035.304653162148,
        1055.2309453512917,
        1041.987121476929,
        1058.3562454727228,
        1010.6162828044385,
        1045.0385725652623,
        1047.2870811667012,
        1031.0288943575424,
        1051.6234433357804,
        1037.2734519749388,
        1052.1005055148455,
        1056.8898109198506,
        1057.569291236493,
        1049.9783214302297,
        1056.8594603301312,
        1051.4616049351373,
        1033.4730424770607,
        886.1367947088813,
        1048.2644983861558,
        1052.8521301278245,
        1049.8480700304162,
        999.2853264615296,
        1053.5718942174158,
        1047.039737713102,
        1025.9105353556415,
        1059.294111837477,
        914.3656293775193,
        1025.620223660006,
        1012.7216293689437,
        972.3572038998748,
        1016.5002690428817,
        924.8219929060956,
        1051.5167534906439,
        1026.694690653462,
        994.8595543445078,
        1008.6534335968129,
        897.1255271019688
    ],
    "avg_episode_length": [
        102.5,
        155.25,
        191.5,
        262.25,
        536.0,
        299.5,
        625.5,
        692.25,
        1000.0,
        732.25,
        918.5,
        1000.0,
        979.5,
        896.0,
        818.75,
        866.0,
        999.5,
        1000.0,
        958.75,
        1000.0,
        856.5,
        1000.0,
        951.0,
        1000.0,
        868.5,
        962.0,
        990.5,
        1000.0,
        956.5,
        969.5,
        1000.0,
        1000.0,
        1000.0,
        1000.0,
        1000.0,
        883.25,
        967.25,
        933.0,
        986.5,
        917.5,
        945.75,
        798.5,
        959.75,
        992.25,
        986.25,
        990.75,
        607.25,
        1000.0,
        988.25,
        1000.0,
        1000.0,
        971.5,
        1000.0,
        980.0,
        1000.0,
        943.75,
        982.25,
        988.0,
        969.5,
        1000.0,
        973.25,
        1000.0,
        1000.0,
        1000.0,
        1000.0,
        1000.0,
        1000.0,
        969.25,
        821.25,
        985.0,
        1000.0,
        1000.0,
        936.0,
        1000.0,
        983.75,
        961.75,
        997.0,
        849.75,
        1000.0,
        951.75,
        959.5,
        967.75,
        867.5,
        993.75,
        957.0,
        925.0,
        929.75,
        870.34375
    ]
}