{
    "steps": [
        16000,
        32000,
        48000,
        64000,
        80000,
        96000,
        112000,
        128000,
        144000,
        160000,
        176000,
        192000,
        208000,
        224000,
        240000,
        256000,
        272000,
        288000,
        304000,
        320000,
        336000,
        352000,
        368000,
        384000,
        400000,
        416000,
        432000,
        448000,
        464000,
        480000,
        496000,
        512000,
        528000,
        544000,
        560000,
        576000,
        592000,
        608000,
        624000,
        640000,
        656000,
        672000,
        688000,
        704000,
        720000,
        736000,
        752000,
        768000,
        784000,
        800000,
        816000,
        832000,
        848000,
        864000,
        880000,
        896000,
        912000,
        928000,
        944000,
        960000,
        976000,
        992000,
        1008000
    ],
    "avg_episodic_reward": [
        -377.3365343414206,
        -392.2642720342128,
        -376.7715771026618,
        -381.8836901504204,
        -341.64740479446573,
        -351.4179545689458,
        -373.01828126205896,
        -372.8258908188318,
        -378.5880791101048,
        -362.9524526592809,
        -332.59200575280437,
        -328.92404571664986,
        -368.0915148759242,
        -350.0774222277214,
        -342.8105376022429,
        -337.3500588225985,
        -303.2904156915299,
        -345.16557329198736,
        -333.155057470694,
        -331.1836352500235,
        -346.80445534300463,
        -356.37160763043795,
        -339.6974128125865,
        -335.1937426830647,
        -317.2381406988346,
        -304.91518851803664,
        -320.9342273535203,
        -331.5475034725928,
        -316.4504741593407,
        -306.3512024874593,
        -332.45091993746627,
        -309.0210074255115,
        -303.5164554578097,
        -325.5426745475461,
        -354.77864934757355,
        -312.3993464657833,
        -323.68301280503914,
        -320.73848050136854,
        -321.7122033345982,
        -312.7294896803964,
        -340.6995582772812,
        -314.83416710875156,
        -315.9972952308997,
        -316.7652178363535,
        -306.0902320160865,
        -316.8814111405011,
        -312.41175822236283,
        -305.74496258325576,
        -313.50873149440963,
        -308.22323435199877,
        -300.87601555040754,
        -296.5839303662225,
        -264.96105138187113,
        -296.87282098449475,
        -320.3690822913694,
        -271.12936235052854,
        -279.8548615512682,
        -261.65859489043316,
        -310.8019903734596,
        -293.1751924706567,
        -271.47355904711696,
        -279.9713190474348,
        -273.9702804212564
    ],
    "avg_episode_length": [
        1000.0,
        1000.0,
        1000.0,
        1000.0,
        1000.0,
        1000.0,
        1000.0,
        1000.0,
        1000.0,
        1000.0,
        1000.0,
        1000.0,
        1000.0,
        1000.0,
        1000.0,
        1000.0,
        1000.0,
        1000.0,
        1000.0,
        1000.0,
        1000.0,
        1000.0,
        1000.0,
        1000.0,
        1000.0,
        1000.0,
        1000.0,
        1000.0,
        1000.0,
        1000.0,
        1000.0,
        1000.0,
        1000.0,
        1000.0,
        1000.0,
        1000.0,
        1000.0,
        1000.0,
        1000.0,
        1000.0,
        1000.0,
        1000.0,
        1000.0,
        1000.0,
        1000.0,
        1000.0,
        1000.0,
        1000.0,
        1000.0,
        1000.0,
        1000.0,
        1000.0,
        1000.0,
        1000.0,
        1000.0,
        1000.0,
        1000.0,
        1000.0,
        1000.0,
        1000.0,
        1000.0,
        1000.0,
        1000.0
    ]
}