{
    "steps": [
        10240,
        20480,
        30720,
        40960,
        51200,
        61440,
        71680,
        81920,
        92160,
        102400,
        112640,
        122880,
        133120,
        143360,
        153600,
        163840,
        174080,
        184320,
        194560,
        204800,
        215040,
        225280,
        235520,
        245760,
        256000,
        266240,
        276480,
        286720,
        296960,
        307200,
        317440,
        327680,
        337920,
        348160,
        358400,
        368640,
        378880,
        389120,
        399360,
        409600,
        419840,
        430080,
        440320,
        450560,
        460800,
        471040,
        481280,
        491520,
        501760,
        512000,
        522240,
        532480,
        542720,
        552960,
        563200,
        573440,
        583680,
        593920,
        604160,
        614400,
        624640,
        634880,
        645120,
        655360,
        665600,
        675840,
        686080,
        696320,
        706560,
        716800,
        727040,
        737280,
        747520,
        757760,
        768000,
        778240,
        788480,
        798720,
        808960,
        819200,
        829440,
        839680,
        849920,
        860160,
        870400,
        880640,
        890880,
        901120,
        911360,
        921600,
        931840,
        942080,
        952320,
        962560,
        972800,
        983040,
        993280
    ],
    "avg_episodic_reward": [
        -349.02917073233425,
        -390.8680127903702,
        -355.2395277863265,
        -317.4111434027807,
        -350.5551948448155,
        -307.8615556352348,
        -337.3606047013222,
        -325.7982259180275,
        -251.1874405245591,
        -313.43356422571696,
        -261.0724377239692,
        -153.5735313215488,
        -226.7310805510324,
        -108.55360951368473,
        -124.9987407122752,
        -110.01190272063735,
        -55.27938690399388,
        -69.89594491748505,
        -134.51593394941818,
        118.43337552437299,
        200.5376902308093,
        280.69893496004244,
        356.43064740687663,
        450.52110191224466,
        517.2965181305584,
        393.8288141129287,
        582.0533905764813,
        487.3626179217607,
        475.3749632044267,
        202.01036354611514,
        484.1321033853959,
        387.5894606743953,
        614.0033491688093,
        846.3274631441191,
        273.4949414720647,
        735.1091230232621,
        699.8558644370698,
        724.9447270832914,
        627.9399528620006,
        834.7029153922658,
        763.8319587267588,
        769.284860290511,
        923.1662370031056,
        740.512517326523,
        590.8953341366105,
        616.5561469898831,
        980.6610788650191,
        870.461756114978,
        751.2523814797826,
        756.089543308895,
        935.4688049404672,
        716.3750845772934,
        760.300465192289,
        647.9756286673464,
        845.2727371258164,
        902.4399417106981,
        777.236357005235,
        772.2437712307137,
        700.4814156812337,
        892.5195865443584,
        1042.1020385241231,
        698.8367523232938,
        813.1926409891876,
        929.1456899612559,
        1091.8170083075956,
        917.1321354263872,
        722.2364630162205,
        748.0354888657389,
        530.2927724001964,
        792.6838656652588,
        949.6371495952156,
        1036.3664078166514,
        1030.3235505855114,
        1011.9418765540152,
        1026.7911140148851,
        835.7544334378982,
        1012.7916904332312,
        1052.9546400728711,
        893.1836683504499,
        854.6246373579463,
        1084.9105377869855,
        1099.7836888411834,
        937.0549636943033,
        994.5926000343113,
        1104.0821003422586,
        1158.653761373601,
        904.2662230175831,
        988.1637614089249,
        1072.2868815007623,
        1073.003445891101,
        786.3798490371923,
        1131.2878263689963,
        993.807320432315,
        1149.8568133983517,
        1255.1061836827598,
        1070.1359747989316,
        1093.5283563601186
    ],
    "avg_episode_length": [
        1000.0,
        1000.0,
        1000.0,
        1000.0,
        1000.0,
        1000.0,
        1000.0,
        1000.0,
        1000.0,
        1000.0,
        1000.0,
        1000.0,
        1000.0,
        1000.0,
        1000.0,
        1000.0,
        1000.0,
        1000.0,
        1000.0,
        1000.0,
        1000.0,
        1000.0,
        1000.0,
        1000.0,
        1000.0,
        1000.0,
        1000.0,
        1000.0,
        1000.0,
        1000.0,
        1000.0,
        1000.0,
        1000.0,
        1000.0,
        1000.0,
        1000.0,
        1000.0,
        1000.0,
        1000.0,
        1000.0,
        1000.0,
        1000.0,
        1000.0,
        1000.0,
        1000.0,
        1000.0,
        1000.0,
        1000.0,
        1000.0,
        1000.0,
        1000.0,
        1000.0,
        1000.0,
        1000.0,
        1000.0,
        1000.0,
        1000.0,
        1000.0,
        1000.0,
        1000.0,
        1000.0,
        1000.0,
        1000.0,
        1000.0,
        1000.0,
        1000.0,
        1000.0,
        1000.0,
        1000.0,
        1000.0,
        1000.0,
        1000.0,
        1000.0,
        1000.0,
        1000.0,
        1000.0,
        1000.0,
        1000.0,
        1000.0,
        1000.0,
        1000.0,
        1000.0,
        1000.0,
        1000.0,
        1000.0,
        1000.0,
        1000.0,
        1000.0,
        1000.0,
        1000.0,
        1000.0,
        1000.0,
        1000.0,
        1000.0,
        1000.0,
        1000.0,
        1000.0
    ]
}