{
    "steps": [
        10240,
        20480,
        30720,
        40960,
        51200,
        61440,
        71680,
        81920,
        92160,
        102400,
        112640,
        122880,
        133120,
        143360,
        153600,
        163840,
        174080,
        184320,
        194560,
        204800,
        215040,
        225280,
        235520,
        245760,
        256000,
        266240,
        276480,
        286720,
        296960,
        307200,
        317440,
        327680,
        337920,
        348160,
        358400,
        368640,
        378880,
        389120,
        399360,
        409600,
        419840,
        430080,
        440320,
        450560,
        460800,
        471040,
        481280,
        491520,
        501760,
        512000,
        522240,
        532480,
        542720,
        552960,
        563200,
        573440
    ],
    "avg_episodic_reward": [
        47.40267864627274,
        140.4507818034548,
        225.874546528904,
        255.71029723888572,
        298.2308871495954,
        293.5934880121286,
        311.26989477130564,
        295.5147112454261,
        292.1464802734509,
        288.0494985362753,
        281.27292415713,
        336.0254613362194,
        382.51921462102763,
        394.9007715773205,
        389.8857672221931,
        399.8374605217965,
        432.110534509089,
        433.5946817865614,
        471.10992107109206,
        488.2029147614241,
        515.8665285050341,
        475.4966860947773,
        536.4489129327025,
        538.8795968108733,
        543.8409079392026,
        586.5725925769802,
        588.1719116665138,
        563.6119190355654,
        619.8481710410399,
        700.3488701359063,
        609.7345349249126,
        626.8132547786549,
        656.8279038416398,
        689.0369559189337,
        787.7357570408558,
        1081.6968683083117,
        887.2738490024383,
        618.9224430031918,
        860.3068097518709,
        1462.0410557794955,
        673.7583075370936,
        2382.128713795566,
        1984.9667276524156,
        1293.2048731271254,
        1251.0452127789358,
        960.9315772221572,
        1705.0385442365746,
        1668.859150692689,
        1181.8919449665336,
        1475.1765799029342,
        1374.5762096378112,
        1118.9716006754365,
        1040.0740536908231,
        1492.4615492128319,
        1196.5480670309746,
        2079.0659611825113
    ],
    "avg_episode_length": [
        70.33333333333333,
        211.66666666666666,
        207.45454545454547,
        183.1818181818182,
        183.3,
        176.91666666666666,
        190.9,
        172.72727272727272,
        169.91666666666666,
        160.83333333333334,
        189.8181818181818,
        166.58333333333334,
        188.0909090909091,
        198.45454545454547,
        189.63636363636363,
        186.63636363636363,
        202.5,
        189.7,
        206.6,
        204.9,
        223.66666666666666,
        227.44444444444446,
        224.77777777777777,
        220.3,
        213.33333333333334,
        235.625,
        237.125,
        217.8,
        245.66666666666666,
        294.7142857142857,
        236.55555555555554,
        233.88888888888889,
        263.5,
        249.625,
        306.2857142857143,
        452.8333333333333,
        338.0,
        217.0,
        412.0,
        565.0,
        239.75,
        1000.0,
        921.5,
        457.2,
        450.0,
        371.1666666666667,
        669.0,
        678.0,
        408.5,
        520.0,
        488.75,
        395.57142857142856,
        409.2,
        499.25,
        384.5,
        698.6666666666666
    ]
}