{
    "steps": [
        10163,
        20338,
        30490,
        40711,
        51369,
        61428,
        71467,
        81824,
        92379,
        102529,
        112869,
        123572,
        134170,
        144950,
        155600,
        165743,
        176161,
        186538,
        196712,
        207381,
        217884,
        228093,
        238235,
        248737,
        259064,
        269208,
        279704,
        290156,
        300203,
        310425,
        320946,
        330961,
        341802,
        352520,
        363017,
        373149,
        383322,
        393531,
        403679,
        413816,
        423911,
        433936,
        444408,
        454920,
        465826,
        476646,
        487111,
        497538,
        508314,
        518687,
        529434,
        539609,
        551022,
        561132,
        572505,
        583691,
        594205,
        604920,
        615429,
        626443,
        637400,
        647416,
        658171,
        668212,
        679896,
        689996,
        701624,
        712040,
        722470,
        733281,
        744119,
        754953,
        765794,
        777432,
        787651,
        798562
    ],
    "avg_episodic_reward": [
        22.571328752567066,
        39.781837593791046,
        51.91929719931193,
        165.9794064379193,
        180.39902657564187,
        247.13475271449965,
        286.6159918157697,
        252.23016572679242,
        262.43647187260007,
        231.4460031158797,
        285.6387993126106,
        241.39941127475208,
        239.22944385835945,
        128.16085923356798,
        213.25350076412997,
        236.54652492600178,
        290.23358563879196,
        239.97702512702,
        151.48412002034863,
        237.55095705596307,
        317.0162663781119,
        251.13810728117977,
        282.0102149515352,
        206.00383524649718,
        279.2085719907123,
        332.83346365598754,
        263.6433785835172,
        272.6212607587328,
        242.45902519411302,
        284.77514817743605,
        252.73729234572988,
        232.96616361984016,
        349.83757787753405,
        313.5897119514839,
        275.349033628582,
        319.3025092563647,
        288.7443374872714,
        203.32055539992393,
        250.3982904743338,
        302.92028254750693,
        285.33825908838924,
        236.1837828295495,
        382.36450900912496,
        276.7988079505403,
        334.05696715016325,
        344.62624154876335,
        258.46238753980003,
        319.90378234304325,
        370.1181228946328,
        355.4168888577519,
        333.31324084107587,
        482.8999810458882,
        427.87924016070343,
        613.8381370992395,
        491.28424945288725,
        740.4441147395637,
        329.4796452402662,
        291.78250228911,
        388.0967736717902,
        367.378489187084,
        326.447775929925,
        631.8018306747317,
        386.289466920268,
        540.8524195125591,
        710.7995214639562,
        388.371051520375,
        612.5947467658447,
        692.6949157423744,
        322.10455119832466,
        436.35112518594184,
        625.2103369877824,
        827.9820364428023,
        505.47575231353505,
        549.0377595510946,
        624.4609899301984,
        613.5822154210301
    ],
    "avg_episode_length": [
        43.5,
        93.0,
        90.0,
        135.75,
        173.75,
        163.5,
        160.25,
        145.75,
        212.25,
        168.75,
        214.25,
        222.75,
        179.5,
        195.25,
        201.75,
        170.75,
        231.25,
        171.0,
        204.25,
        189.5,
        201.0,
        198.75,
        215.75,
        156.75,
        162.75,
        214.5,
        206.5,
        161.75,
        185.25,
        169.5,
        186.75,
        231.25,
        291.25,
        194.25,
        159.0,
        195.5,
        171.25,
        144.25,
        152.5,
        183.0,
        158.25,
        185.75,
        288.0,
        163.5,
        234.5,
        246.75,
        145.75,
        191.5,
        341.5,
        275.25,
        193.75,
        389.0,
        370.0,
        582.5,
        548.5,
        618.0,
        298.0,
        186.75,
        320.75,
        380.5,
        291.0,
        539.75,
        251.0,
        548.75,
        723.5,
        280.5,
        541.5,
        574.0,
        369.75,
        418.0,
        684.25,
        910.5,
        423.5,
        513.0,
        544.5,
        567.25
    ]
}