{
    "steps": [
        10460,
        21639,
        32679,
        43814,
        55702,
        67148,
        78817,
        91240,
        103765,
        117875,
        130942,
        143216,
        155471,
        170696,
        186668,
        207280,
        220881,
        232546,
        245840,
        258428,
        273939,
        287873,
        302692,
        317996,
        331578,
        345008,
        360656,
        376336,
        392166,
        405743,
        421521,
        437188,
        452072,
        467246,
        483125,
        496769,
        512465,
        528465,
        544465,
        558374,
        573816,
        588588,
        604267,
        620267,
        635234,
        650928,
        666125,
        682005,
        696579,
        712391,
        726301,
        742250
    ],
    "avg_episodic_reward": [
        125.32416956695671,
        160.94898438455576,
        195.45071973780753,
        226.25343104837424,
        252.17864603679996,
        241.36213574566835,
        262.43357462398365,
        290.38581787790247,
        293.07282869008753,
        376.8256024194118,
        386.3034608364089,
        390.92046909419855,
        531.3587102923711,
        641.034905961511,
        634.9669617279393,
        817.2730297857528,
        902.1150778066211,
        841.8579413518237,
        912.221049654876,
        789.0513682756596,
        985.7097847447691,
        939.3324625630037,
        956.1582991903564,
        983.3835300446752,
        844.1027276160448,
        934.9643669042816,
        972.6848673613055,
        996.5987341190987,
        1002.3543847024325,
        946.9694577861435,
        1018.7153123932619,
        1016.5763653890203,
        1013.5956084564598,
        1033.598746993348,
        1028.6808360924877,
        953.7400620894798,
        1002.0849875909086,
        1004.4016100306518,
        1033.6827781241254,
        978.6819602145727,
        985.293032430571,
        1007.9000355930185,
        1010.830132468208,
        1017.2779701206963,
        1020.5372607531143,
        1018.8146431132026,
        1013.7496248679004,
        1023.192878102654,
        1034.400867257646,
        1027.391332000247,
        977.349776127671,
        1038.025728545268
    ],
    "avg_episode_length": [
        81.4375,
        88.6875,
        105.5625,
        127.75,
        148.6875,
        140.4375,
        146.125,
        169.875,
        189.75,
        264.8125,
        285.25,
        271.5625,
        417.9375,
        504.1875,
        503.4375,
        722.4375,
        850.0625,
        729.0625,
        830.875,
        786.75,
        969.4375,
        870.875,
        926.1875,
        956.5,
        848.875,
        839.375,
        978.0,
        980.0,
        989.375,
        848.5625,
        986.125,
        979.1875,
        930.25,
        948.375,
        992.4375,
        852.75,
        981.0,
        1000.0,
        1000.0,
        869.3125,
        965.125,
        923.25,
        979.9375,
        1000.0,
        935.4375,
        980.875,
        949.8125,
        992.5,
        910.875,
        988.25,
        869.375,
        996.8125
    ]
}