{
    "steps": [
        16000,
        32000,
        48000,
        64000,
        80000,
        96000,
        112000,
        128000,
        144000,
        160000,
        176000,
        192000,
        208000,
        224000,
        240000,
        256000,
        272000,
        288000,
        304000,
        320000,
        336000,
        352000,
        368000,
        384000,
        400000,
        416000,
        432000,
        448000,
        464000,
        480000,
        496000,
        512000,
        528000,
        544000,
        560000,
        576000,
        592000,
        608000,
        624000,
        640000,
        656000,
        672000,
        688000,
        704000,
        720000,
        736000,
        752000,
        768000,
        784000,
        800000,
        816000,
        832000,
        848000,
        864000,
        880000,
        896000,
        912000,
        928000,
        944000,
        960000,
        976000,
        992000,
        1008000
    ],
    "avg_episodic_reward": [
        -357.17675251335083,
        -357.63801490683494,
        -353.1393581020757,
        -410.5558774543148,
        -398.23735320611536,
        -387.4379823843159,
        -405.9040180201589,
        -360.0665376816404,
        -360.6838603645758,
        -364.4825776230747,
        -351.38944418396045,
        -397.4320443127045,
        -355.04045791840554,
        -335.77095608592515,
        -328.7329709658146,
        -318.52159878389585,
        -346.62064221136626,
        -370.5243369809144,
        -303.94185828210243,
        -333.72441889784943,
        -374.533043942694,
        -323.87566211642076,
        -354.7413494456722,
        -315.29214664665017,
        -270.7030369586099,
        -293.57910330663844,
        -339.5111736383362,
        -305.5443613606068,
        -283.5615930480176,
        -337.74442810555195,
        -294.47866545437563,
        -300.32785390432184,
        -311.29193942197037,
        -308.6933586462104,
        -300.21398711419056,
        -294.19372821467516,
        -299.13486922583985,
        -317.6518421301019,
        -300.751983396888,
        -262.15505943594985,
        -300.3110707813721,
        -221.417007350276,
        -280.94180699900477,
        -279.69904201002157,
        -221.98754087199003,
        -237.55667037784156,
        -232.33254714791758,
        -229.53363365871053,
        -222.4578161808329,
        -257.5615633360782,
        -279.7906218961865,
        -223.4118587958032,
        -262.197603223423,
        -255.1880360518997,
        -242.72166596490956,
        -255.8674076256184,
        -272.765092594551,
        -244.16930193990834,
        -233.25439153271088,
        -267.94764504691904,
        -249.79013443185923,
        -249.13843914223355,
        -245.12885459487262
    ],
    "avg_episode_length": [
        1000.0,
        1000.0,
        1000.0,
        1000.0,
        1000.0,
        1000.0,
        1000.0,
        1000.0,
        1000.0,
        1000.0,
        1000.0,
        1000.0,
        1000.0,
        1000.0,
        1000.0,
        1000.0,
        1000.0,
        1000.0,
        1000.0,
        1000.0,
        1000.0,
        1000.0,
        1000.0,
        1000.0,
        1000.0,
        1000.0,
        1000.0,
        1000.0,
        1000.0,
        1000.0,
        1000.0,
        1000.0,
        1000.0,
        1000.0,
        1000.0,
        1000.0,
        1000.0,
        1000.0,
        1000.0,
        1000.0,
        1000.0,
        1000.0,
        1000.0,
        1000.0,
        1000.0,
        1000.0,
        1000.0,
        1000.0,
        1000.0,
        1000.0,
        1000.0,
        1000.0,
        1000.0,
        1000.0,
        1000.0,
        1000.0,
        1000.0,
        1000.0,
        1000.0,
        1000.0,
        1000.0,
        1000.0,
        1000.0
    ]
}