{
    "steps": [
        12000,
        24000,
        36000,
        48000,
        60000,
        72000,
        84000,
        96000,
        108000,
        120000,
        132000,
        144000,
        156000,
        168000,
        180000,
        192000,
        204000,
        216000,
        228000,
        240000,
        252000,
        264000,
        276000,
        288000,
        300000,
        312000,
        324000,
        336000,
        348000,
        360000,
        372000,
        384000,
        396000,
        408000,
        420000,
        432000,
        444000,
        456000,
        468000,
        480000,
        492000,
        504000,
        516000,
        528000,
        540000,
        552000,
        564000,
        576000,
        588000,
        600000,
        612000,
        624000,
        636000,
        648000,
        660000,
        672000,
        684000,
        696000,
        708000,
        720000,
        732000,
        744000,
        756000,
        768000,
        780000,
        792000,
        804000,
        816000,
        828000,
        840000,
        852000,
        864000,
        876000,
        888000
    ],
    "avg_episodic_reward": [
        -189.2367958345957,
        -212.41310224084208,
        -257.0274927424917,
        -208.1113638381957,
        -153.99503786850812,
        -162.47048121209113,
        -175.6509586929193,
        -171.7902445966887,
        -133.04777231343593,
        -127.89989957240908,
        -174.98761738241916,
        -147.07042582944365,
        -113.37443603553365,
        -89.51759256202759,
        -169.35165139111393,
        -113.77873416466863,
        -109.40126945946798,
        -113.07659940536502,
        -84.44259393159466,
        -68.25402307250664,
        -80.87458628691525,
        -74.01448434332622,
        -113.97626989652944,
        -108.11238461149584,
        -81.2197906225525,
        -106.94593545963066,
        -96.72922441393561,
        -87.14353372215736,
        -115.70760766121714,
        -91.3459642976022,
        -98.856560261126,
        -78.93429253338792,
        -105.94115906864556,
        -62.77650416131558,
        -44.7823675075214,
        -20.686564817828604,
        -51.69762442998555,
        35.38265338580688,
        -17.729201372254707,
        -52.197649206983755,
        -7.527910513174854,
        -37.568863710252785,
        -36.74180768518165,
        -12.557932396036477,
        8.789118248462387,
        -85.92459816166547,
        87.14589576437609,
        -56.879135383999355,
        -14.057151488737567,
        -35.18247338615739,
        -35.15797954044366,
        -0.5023810804587141,
        -15.515934344901133,
        1.2095884978115947,
        -33.662771035144324,
        -5.025389895681237,
        -6.334659553616264,
        -43.37527786015956,
        -20.87548302774354,
        -32.45479162706745,
        45.74406524557672,
        31.04122316336776,
        71.63384929309892,
        23.673277451672984,
        32.67932141647875,
        19.879596320734954,
        6.193191090445872,
        13.951111559932526,
        37.69632616351993,
        -4.495760177702767,
        53.50730697426324,
        -32.75120281111626,
        -21.760271811375972,
        -1.2487249825827504
    ],
    "avg_episode_length": [
        1000.0,
        1000.0,
        1000.0,
        1000.0,
        1000.0,
        1000.0,
        1000.0,
        1000.0,
        1000.0,
        1000.0,
        1000.0,
        1000.0,
        1000.0,
        1000.0,
        1000.0,
        1000.0,
        1000.0,
        1000.0,
        1000.0,
        1000.0,
        1000.0,
        1000.0,
        1000.0,
        1000.0,
        1000.0,
        1000.0,
        1000.0,
        1000.0,
        1000.0,
        1000.0,
        1000.0,
        1000.0,
        1000.0,
        1000.0,
        1000.0,
        1000.0,
        1000.0,
        1000.0,
        1000.0,
        1000.0,
        1000.0,
        1000.0,
        1000.0,
        1000.0,
        1000.0,
        1000.0,
        1000.0,
        1000.0,
        1000.0,
        1000.0,
        1000.0,
        1000.0,
        1000.0,
        1000.0,
        1000.0,
        1000.0,
        1000.0,
        1000.0,
        1000.0,
        1000.0,
        1000.0,
        1000.0,
        1000.0,
        1000.0,
        1000.0,
        1000.0,
        1000.0,
        1000.0,
        1000.0,
        1000.0,
        1000.0,
        1000.0,
        1000.0,
        1000.0
    ]
}