{
    "steps": [
        10240,
        20480,
        30720,
        40960,
        51200,
        61440,
        71680,
        81920,
        92160,
        102400,
        112640,
        122880,
        133120,
        143360,
        153600,
        163840,
        174080,
        184320,
        194560,
        204800,
        215040,
        225280,
        235520,
        245760,
        256000,
        266240,
        276480,
        286720,
        296960,
        307200,
        317440,
        327680,
        337920,
        348160,
        358400,
        368640,
        378880,
        389120,
        399360,
        409600,
        419840,
        430080,
        440320,
        450560,
        460800,
        471040,
        481280,
        491520,
        501760,
        512000,
        522240,
        532480,
        542720,
        552960,
        563200,
        573440,
        583680,
        593920,
        604160,
        614400,
        624640,
        634880,
        645120,
        655360,
        665600,
        675840,
        686080,
        696320,
        706560,
        716800,
        727040,
        737280,
        747520,
        757760,
        768000,
        778240,
        788480,
        798720,
        808960,
        819200,
        829440,
        839680,
        849920,
        860160,
        870400,
        880640,
        890880,
        901120,
        911360,
        921600,
        931840,
        942080,
        952320,
        962560,
        972800,
        983040,
        993280
    ],
    "avg_episodic_reward": [
        -49.66095622838328,
        -44.81058094293877,
        -56.29800936541483,
        104.45602389532215,
        -6.101056270194693,
        13.58963827717258,
        35.021872721132866,
        163.08858528197874,
        210.20115670253173,
        214.09469406180878,
        344.5481349321218,
        419.5009355702033,
        428.400106843525,
        516.250120198697,
        467.93341120359435,
        501.25684967414384,
        667.8628159894591,
        655.8292658702775,
        723.2058836964966,
        777.1240796521747,
        766.3321250141279,
        856.4790548356029,
        862.649953325262,
        895.9477148346708,
        724.7383715032397,
        946.8297979308943,
        897.5902926702959,
        1066.3447889293348,
        924.6647189884743,
        1093.522356923192,
        1188.407300127818,
        572.3948441455682,
        1263.2242145587475,
        748.6982194940757,
        1317.8990173708053,
        607.3080673085663,
        1238.5924247807773,
        896.0913883001547,
        1173.8418919127055,
        1257.5083789422097,
        1168.2289099131633,
        782.8558737469384,
        1393.9856086303507,
        1391.3718865541505,
        698.6136286148733,
        1357.739064705579,
        1372.3854735019663,
        1405.1028384839965,
        1540.3396895671203,
        1555.4088212054828,
        1433.5922343578882,
        1507.310308974461,
        1560.375243737667,
        1678.9222072731036,
        1596.4182669106058,
        1618.1066266085659,
        1663.8204751947992,
        1525.0717930215883,
        1685.4772755456863,
        1776.2084813886577,
        1383.468206439,
        1742.9165327716366,
        1515.133248282044,
        1590.3436724275298,
        1825.0385655887399,
        559.1379056088836,
        1650.676754298139,
        1398.200735357779,
        1740.8938059381499,
        1759.905402248625,
        1862.7050460557919,
        1759.4693491522526,
        1744.2726059569623,
        1998.2824758005904,
        1773.283091295506,
        1867.9758042467665,
        873.5817170977978,
        1831.2707972870696,
        1752.4776856172489,
        1809.5096426292805,
        1938.5069029069737,
        1771.6276465612168,
        1102.8810280581292,
        1941.6143249640568,
        1865.5446890098017,
        2088.898179952128,
        1930.9186837932039,
        2038.0033128692482,
        1940.619406971016,
        1914.957749765024,
        2075.6996202304954,
        2017.5211489908165,
        2065.0499113661926,
        2022.5468355613039,
        2002.798031796139,
        2037.9520486281308,
        2054.6764679446737
    ],
    "avg_episode_length": [
        1000.0,
        1000.0,
        1000.0,
        1000.0,
        1000.0,
        1000.0,
        1000.0,
        1000.0,
        1000.0,
        1000.0,
        1000.0,
        1000.0,
        1000.0,
        1000.0,
        1000.0,
        1000.0,
        1000.0,
        1000.0,
        1000.0,
        1000.0,
        1000.0,
        1000.0,
        1000.0,
        1000.0,
        1000.0,
        1000.0,
        1000.0,
        1000.0,
        1000.0,
        1000.0,
        1000.0,
        1000.0,
        1000.0,
        1000.0,
        1000.0,
        1000.0,
        1000.0,
        1000.0,
        1000.0,
        1000.0,
        1000.0,
        1000.0,
        1000.0,
        1000.0,
        1000.0,
        1000.0,
        1000.0,
        1000.0,
        1000.0,
        1000.0,
        1000.0,
        1000.0,
        1000.0,
        1000.0,
        1000.0,
        1000.0,
        1000.0,
        1000.0,
        1000.0,
        1000.0,
        1000.0,
        1000.0,
        1000.0,
        1000.0,
        1000.0,
        1000.0,
        1000.0,
        1000.0,
        1000.0,
        1000.0,
        1000.0,
        1000.0,
        1000.0,
        1000.0,
        1000.0,
        1000.0,
        1000.0,
        1000.0,
        1000.0,
        1000.0,
        1000.0,
        1000.0,
        1000.0,
        1000.0,
        1000.0,
        1000.0,
        1000.0,
        1000.0,
        1000.0,
        1000.0,
        1000.0,
        1000.0,
        1000.0,
        1000.0,
        1000.0,
        1000.0,
        1000.0
    ]
}