{
    "steps": [
        16000,
        32000,
        48000,
        64000,
        80000,
        96000,
        112000,
        128000,
        144000,
        160000,
        176000,
        192000,
        208000,
        224000,
        240000,
        256000,
        272000,
        288000,
        304000,
        320000,
        336000,
        352000,
        368000,
        384000,
        400000,
        416000,
        432000,
        448000,
        464000,
        480000,
        496000,
        512000,
        528000,
        544000,
        560000,
        576000,
        592000,
        608000,
        624000,
        640000,
        656000,
        672000,
        688000,
        704000,
        720000,
        736000,
        752000,
        768000,
        784000,
        800000,
        816000,
        832000,
        848000,
        864000,
        880000,
        896000,
        912000,
        928000,
        944000,
        960000,
        976000,
        992000,
        1008000
    ],
    "avg_episodic_reward": [
        -377.3365343414206,
        -393.9064226532251,
        -370.2784702443381,
        -407.4886896621192,
        -351.7177113595217,
        -373.1834570845708,
        -350.2667079150341,
        -383.37262522690503,
        -356.5134846909375,
        -362.7865915413841,
        -330.96084331063827,
        -346.5540652633945,
        -372.71262628238105,
        -373.0303704965497,
        -355.73459907461574,
        -328.09961751204867,
        -341.37162491429785,
        -354.8810072734821,
        -371.4600712344351,
        -320.31299122836225,
        -323.75536267193047,
        -353.2336325700939,
        -374.78397613031234,
        -366.50827657297134,
        -342.39261087599283,
        -353.2678144782495,
        -300.3755408358438,
        -353.5060528184905,
        -336.0380997136557,
        -322.63879034224647,
        -303.48309228336655,
        -339.5896457817271,
        -340.17434574662605,
        -331.79581200113876,
        -322.41918254572124,
        -308.4324522919943,
        -337.0400339713695,
        -339.61569510430473,
        -346.7733653955917,
        -347.26642861546304,
        -315.9546278757178,
        -336.56929756635117,
        -321.83331523219096,
        -329.4902429779738,
        -304.86789163405956,
        -297.04857501063674,
        -350.2841601486648,
        -294.2503180287756,
        -318.7489700595254,
        -320.99666601234753,
        -308.9652732793185,
        -318.43804374086585,
        -299.9640580787046,
        -297.8631411379279,
        -309.9180402145794,
        -282.74865820152206,
        -301.2124806608207,
        -308.52437597109986,
        -282.6958949706727,
        -307.32459429019895,
        -320.29531643318904,
        -317.51451556748634,
        -269.74853562539977
    ],
    "avg_episode_length": [
        1000.0,
        1000.0,
        1000.0,
        1000.0,
        1000.0,
        1000.0,
        1000.0,
        1000.0,
        1000.0,
        1000.0,
        1000.0,
        1000.0,
        1000.0,
        1000.0,
        1000.0,
        1000.0,
        1000.0,
        1000.0,
        1000.0,
        1000.0,
        1000.0,
        1000.0,
        1000.0,
        1000.0,
        1000.0,
        1000.0,
        1000.0,
        1000.0,
        1000.0,
        1000.0,
        1000.0,
        1000.0,
        1000.0,
        1000.0,
        1000.0,
        1000.0,
        1000.0,
        1000.0,
        1000.0,
        1000.0,
        1000.0,
        1000.0,
        1000.0,
        1000.0,
        1000.0,
        1000.0,
        1000.0,
        1000.0,
        1000.0,
        1000.0,
        1000.0,
        1000.0,
        1000.0,
        1000.0,
        1000.0,
        1000.0,
        1000.0,
        1000.0,
        1000.0,
        1000.0,
        1000.0,
        1000.0,
        1000.0
    ]
}