{
    "steps": [
        10240,
        20480,
        30720,
        40960,
        51200,
        61440,
        71680,
        81920,
        92160,
        102400,
        112640,
        122880,
        133120,
        143360,
        153600,
        163840,
        174080,
        184320,
        194560,
        204800,
        215040,
        225280,
        235520,
        245760,
        256000,
        266240,
        276480,
        286720,
        296960,
        307200,
        317440,
        327680,
        337920,
        348160,
        358400,
        368640,
        378880,
        389120,
        399360,
        409600,
        419840,
        430080,
        440320,
        450560,
        460800,
        471040,
        481280,
        491520,
        501760,
        512000,
        522240,
        532480,
        542720,
        552960,
        563200,
        573440,
        583680,
        593920,
        604160,
        614400,
        624640,
        634880,
        645120,
        655360,
        665600,
        675840,
        686080,
        696320,
        706560,
        716800,
        727040,
        737280,
        747520,
        757760,
        768000,
        778240,
        788480,
        798720,
        808960,
        819200,
        829440,
        839680,
        849920,
        860160,
        870400,
        880640,
        890880,
        901120,
        911360,
        921600,
        931840,
        942080,
        952320,
        962560,
        972800,
        983040,
        993280
    ],
    "avg_episodic_reward": [
        -128.22533136387807,
        -69.19585853998163,
        -48.475471265064456,
        -15.395052099200214,
        89.38833252554276,
        99.81919221515832,
        -48.75527415770126,
        138.78121900291242,
        292.2608324654243,
        294.9134349146548,
        180.77781757451447,
        208.82074355961578,
        376.95468229204,
        413.7686250222512,
        711.1266305816134,
        294.0893161724659,
        388.66800573754784,
        714.4356654815557,
        812.2497341623338,
        793.1362737525335,
        931.8577386621205,
        1076.9314159172245,
        983.7064971256128,
        1022.3106209569878,
        1161.0880729397486,
        1220.853982620459,
        1320.6201121647528,
        1287.4375303675972,
        1078.0550422408692,
        1520.0343921549334,
        1765.0151966698922,
        919.9198926946536,
        1726.558633604189,
        1841.6125100561821,
        1956.2594592158134,
        1894.0194572150447,
        2099.7153961542535,
        1688.8389983473971,
        2053.392340888793,
        2197.450302655473,
        2083.194428798254,
        2307.8010990358466,
        2285.0210424184033,
        2315.5390765159823,
        2495.5613756168345,
        2440.7290833424245,
        2509.028102739814,
        2247.857713510037,
        2625.6930290546643,
        2691.2442593325172,
        2779.6104319569754,
        2824.832949455057,
        2669.215375472916,
        2964.521123528314,
        2691.7365684968154,
        2753.455622735305,
        2717.70621372079,
        2736.7036895776537,
        2798.656221319232,
        2912.3606409954887,
        3042.439451590293,
        2805.828282960472,
        3071.393032908953,
        2856.0998365912956,
        3035.3784260244715,
        2916.1962716547396,
        2538.039816405774,
        2960.4068113068356,
        3020.179254477227,
        3095.7950175039923,
        2655.4182181493125,
        2915.966410146604,
        2884.2160341309072,
        2940.8273271065113,
        2897.898131551387,
        3220.8341932003204,
        3245.6238264186895,
        3018.9422656171105,
        3179.6229632983022,
        3132.056003144523,
        3292.0083880713178,
        3424.5944920882575,
        3444.431630315137,
        3033.7252988612404,
        3005.8767332558427,
        3238.3687686243593,
        3308.6241495908484,
        3358.856109354988,
        3413.190194975093,
        3330.300146452506,
        3194.601213694581,
        3406.086552296712,
        3263.7378107917266,
        3293.4793016018893,
        3395.815925922062,
        3582.25095228286,
        3581.047663601966
    ],
    "avg_episode_length": [
        1000.0,
        1000.0,
        1000.0,
        1000.0,
        1000.0,
        1000.0,
        1000.0,
        1000.0,
        1000.0,
        1000.0,
        1000.0,
        1000.0,
        1000.0,
        1000.0,
        1000.0,
        1000.0,
        1000.0,
        1000.0,
        1000.0,
        1000.0,
        1000.0,
        1000.0,
        1000.0,
        1000.0,
        1000.0,
        1000.0,
        1000.0,
        1000.0,
        1000.0,
        1000.0,
        1000.0,
        1000.0,
        1000.0,
        1000.0,
        1000.0,
        1000.0,
        1000.0,
        1000.0,
        1000.0,
        1000.0,
        1000.0,
        1000.0,
        1000.0,
        1000.0,
        1000.0,
        1000.0,
        1000.0,
        1000.0,
        1000.0,
        1000.0,
        1000.0,
        1000.0,
        1000.0,
        1000.0,
        1000.0,
        1000.0,
        1000.0,
        1000.0,
        1000.0,
        1000.0,
        1000.0,
        1000.0,
        1000.0,
        1000.0,
        1000.0,
        1000.0,
        1000.0,
        1000.0,
        1000.0,
        1000.0,
        1000.0,
        1000.0,
        1000.0,
        1000.0,
        1000.0,
        1000.0,
        1000.0,
        1000.0,
        1000.0,
        1000.0,
        1000.0,
        1000.0,
        1000.0,
        1000.0,
        1000.0,
        1000.0,
        1000.0,
        1000.0,
        1000.0,
        1000.0,
        1000.0,
        1000.0,
        1000.0,
        1000.0,
        1000.0,
        1000.0,
        1000.0
    ]
}