{
    "steps": [
        10240,
        20480,
        30720,
        40960,
        51200,
        61440,
        71680,
        81920,
        92160,
        102400,
        112640,
        122880,
        133120,
        143360,
        153600,
        163840,
        174080,
        184320,
        194560,
        204800,
        215040,
        225280,
        235520,
        245760,
        256000,
        266240,
        276480,
        286720,
        296960,
        307200,
        317440,
        327680,
        337920,
        348160,
        358400,
        368640,
        378880,
        389120,
        399360,
        409600,
        419840,
        430080,
        440320,
        450560,
        460800,
        471040,
        481280,
        491520,
        501760,
        512000,
        522240,
        532480,
        542720,
        552960,
        563200,
        573440,
        583680,
        593920,
        604160,
        614400,
        624640,
        634880,
        645120,
        655360,
        665600,
        675840,
        686080,
        696320,
        706560,
        716800,
        727040,
        737280,
        747520,
        757760,
        768000,
        778240,
        788480,
        798720,
        808960,
        819200,
        829440,
        839680,
        849920,
        860160,
        870400,
        880640,
        890880,
        901120,
        911360,
        921600,
        931840,
        942080,
        952320,
        962560,
        972800,
        983040,
        993280
    ],
    "avg_episodic_reward": [
        -150.25767171563385,
        -60.678561245195425,
        -31.880010442787167,
        -41.05680057386968,
        -123.22355529502885,
        -46.449951770721924,
        -23.930670554258946,
        61.160418188657296,
        87.66280406868675,
        172.88536707099806,
        55.03974038095707,
        62.7641683816671,
        -11.73346227321322,
        466.0281194481038,
        214.57989386128065,
        328.19067399862263,
        257.9322658397928,
        274.8892471223844,
        310.57692451811636,
        476.1194775934106,
        816.229198995068,
        553.028300541783,
        452.3750136912309,
        724.225303161126,
        611.6595304294874,
        818.2309557483843,
        573.8062254734065,
        369.73161719291954,
        740.7199685434476,
        1011.290362162663,
        1132.8874243191362,
        1200.3059066968578,
        937.0167813412017,
        1009.0646139618495,
        739.8948831999119,
        1066.7989907267556,
        908.0054337791586,
        1238.0996038727985,
        1408.2108219014399,
        1122.009539575342,
        1546.5705993200522,
        1243.0139322696255,
        1786.7230478776883,
        700.1610396218844,
        1362.6550648231237,
        1588.0234107436738,
        1113.0821691404087,
        1365.7180912933354,
        1257.9085518915829,
        1136.0396392201815,
        1760.6082814029396,
        939.8943318326167,
        1736.2157148218084,
        1780.077680815481,
        2012.32068474167,
        2072.224756545773,
        2181.952183932108,
        1389.1479238330098,
        1473.9436361706998,
        2281.480829281823,
        1695.6618597597899,
        1266.8615485449377,
        1526.6612217375928,
        2062.1322740465785,
        1525.1805848963684,
        796.3671765661295,
        1888.09193468269,
        1526.5222753577464,
        2295.8757397666964,
        1911.617014721717,
        1998.2732004781556,
        2031.023323257001,
        2602.08865990678,
        1491.352272369506,
        2626.209734692874,
        2565.7959126306023,
        2445.524293950105,
        1704.1618938188253,
        2027.2549167835296,
        2382.6205224269456,
        2667.67108028348,
        2486.165735121459,
        1756.6981730122488,
        1252.256797035287,
        1994.9544895088147,
        1652.3975801979575,
        1056.4782505856138,
        2718.199140133441,
        1492.99992410465,
        1116.1698286213145,
        2696.603168727913,
        1598.469824806733,
        2844.4825519877068,
        2676.958521537146,
        2304.3721093782187,
        1793.5320033988362,
        2265.9830623057514
    ],
    "avg_episode_length": [
        1000.0,
        1000.0,
        1000.0,
        1000.0,
        1000.0,
        1000.0,
        1000.0,
        1000.0,
        1000.0,
        1000.0,
        1000.0,
        1000.0,
        1000.0,
        1000.0,
        1000.0,
        1000.0,
        1000.0,
        1000.0,
        1000.0,
        1000.0,
        1000.0,
        1000.0,
        1000.0,
        1000.0,
        1000.0,
        1000.0,
        1000.0,
        1000.0,
        1000.0,
        1000.0,
        1000.0,
        1000.0,
        1000.0,
        1000.0,
        1000.0,
        1000.0,
        1000.0,
        1000.0,
        1000.0,
        1000.0,
        1000.0,
        1000.0,
        1000.0,
        1000.0,
        1000.0,
        1000.0,
        1000.0,
        1000.0,
        1000.0,
        1000.0,
        1000.0,
        1000.0,
        1000.0,
        1000.0,
        1000.0,
        1000.0,
        1000.0,
        1000.0,
        1000.0,
        1000.0,
        1000.0,
        1000.0,
        1000.0,
        1000.0,
        1000.0,
        1000.0,
        1000.0,
        1000.0,
        1000.0,
        1000.0,
        1000.0,
        1000.0,
        1000.0,
        1000.0,
        1000.0,
        1000.0,
        1000.0,
        1000.0,
        1000.0,
        1000.0,
        1000.0,
        1000.0,
        1000.0,
        1000.0,
        1000.0,
        1000.0,
        1000.0,
        1000.0,
        1000.0,
        1000.0,
        1000.0,
        1000.0,
        1000.0,
        1000.0,
        1000.0,
        1000.0,
        1000.0
    ]
}