{
    "steps": [
        10240,
        20480,
        30720,
        40960,
        51200,
        61440,
        71680,
        81920,
        92160,
        102400,
        112640,
        122880,
        133120,
        143360,
        153600,
        163840,
        174080,
        184320,
        194560,
        204800,
        215040,
        225280,
        235520,
        245760,
        256000,
        266240,
        276480,
        286720,
        296960,
        307200,
        317440,
        327680,
        337920,
        348160,
        358400,
        368640,
        378880,
        389120,
        399360,
        409600,
        419840,
        430080,
        440320,
        450560,
        460800,
        471040,
        481280,
        491520,
        501760,
        512000,
        522240,
        532480,
        542720,
        552960,
        563200,
        573440,
        583680,
        593920,
        604160,
        614400,
        624640,
        634880,
        645120,
        655360,
        665600,
        675840,
        686080,
        696320,
        706560,
        716800,
        727040,
        737280,
        747520,
        757760,
        768000,
        778240,
        788480,
        798720,
        808960,
        819200,
        829440,
        839680,
        849920,
        860160,
        870400,
        880640,
        890880,
        901120,
        911360,
        921600,
        931840,
        942080,
        952320,
        962560,
        972800,
        983040,
        993280
    ],
    "avg_episodic_reward": [
        9.523654643734227,
        65.69585192986384,
        226.27460443071774,
        253.0087297628352,
        270.31464374388673,
        296.38586153891276,
        305.96388389498605,
        290.0133830770197,
        338.4800676255385,
        382.2681305933053,
        351.40981230766,
        358.03258640913316,
        357.5441352686782,
        423.3653513174834,
        421.2534618793404,
        431.1582519872522,
        372.19589081607256,
        357.3584552946463,
        396.973751560335,
        342.23801030519485,
        381.13512928017667,
        409.74347734064787,
        457.8855973570811,
        507.2406841409451,
        583.7332973808599,
        522.2707470985722,
        662.8568012382932,
        975.5539209301154,
        770.502239797469,
        681.4690348717114,
        986.9622733794162,
        748.2447851066624,
        526.4512026951827,
        627.0616231296879,
        828.1883224967472,
        1386.4970682380913,
        847.7789770394484,
        855.0370170956771,
        830.6622444451073,
        823.5308018309033,
        550.3125596754359,
        742.2995963510183,
        1650.8649663048702,
        1807.8782350836418,
        1448.7448524449499,
        1848.8019367513068,
        981.745722392097,
        1028.6389874922543,
        2452.106186474043,
        1947.0682375642416,
        735.1284284157235,
        702.1732414307206,
        1468.4256024599554,
        1131.1424066412408,
        1155.8188330027185,
        1497.2556838214584,
        923.6540646363583,
        1147.9522230635214,
        1284.6411212753721,
        1505.6249868319412,
        2717.8730467029036,
        1704.0037906195182,
        1112.9880307326216,
        1320.2134115715485,
        1995.2686828129106,
        1149.5021446575633,
        1230.4138922755387,
        1140.8445940375545,
        999.5365669738326,
        703.340363887288,
        898.5679069245825,
        978.9702307915677,
        1463.7104734021266,
        1469.5225172683708,
        897.7427727035354,
        834.0471703870481,
        703.7747539766191,
        576.3307159780411,
        1616.4221565358407,
        1184.1960162935475,
        1620.16291009123,
        589.4941720191613,
        803.5542186174223,
        836.7277785394277,
        952.6933741788916,
        689.255769166213,
        751.1455145187211,
        538.8505760075478,
        1061.246991001176,
        1634.2386463830323,
        1260.4701339015928,
        1618.9313730698736,
        960.511417193463,
        2455.5640269124565,
        782.1728803829428,
        517.9832252051428,
        1057.070397448109
    ],
    "avg_episode_length": [
        43.53191489361702,
        141.66666666666666,
        240.75,
        190.27272727272728,
        161.6153846153846,
        175.72727272727272,
        183.27272727272728,
        159.69230769230768,
        183.54545454545453,
        217.2,
        186.1818181818182,
        208.33333333333334,
        219.88888888888889,
        227.55555555555554,
        221.77777777777777,
        230.77777777777777,
        185.8,
        198.0,
        192.9,
        235.66666666666666,
        200.72727272727272,
        201.3,
        218.3,
        238.88888888888889,
        264.57142857142856,
        257.125,
        287.42857142857144,
        445.2,
        334.2857142857143,
        322.1666666666667,
        397.6,
        302.0,
        255.375,
        265.42857142857144,
        329.0,
        548.6,
        350.1666666666667,
        352.3333333333333,
        309.6666666666667,
        301.85714285714283,
        230.33333333333334,
        297.7142857142857,
        649.0,
        623.0,
        544.0,
        757.0,
        386.2,
        410.14285714285717,
        1000.0,
        823.0,
        301.57142857142856,
        308.7142857142857,
        560.6666666666666,
        431.5,
        433.4,
        562.0,
        350.6,
        432.4,
        470.6666666666667,
        612.3333333333334,
        1000.0,
        591.0,
        428.0,
        504.25,
        661.6666666666666,
        430.0,
        483.5,
        379.6,
        376.3333333333333,
        277.14285714285717,
        328.8333333333333,
        374.6,
        532.25,
        533.25,
        340.5,
        322.57142857142856,
        277.8333333333333,
        266.125,
        594.75,
        466.6,
        595.75,
        234.22222222222223,
        289.57142857142856,
        330.8,
        376.0,
        272.7142857142857,
        272.6666666666667,
        242.5,
        417.2,
        672.0,
        450.2,
        589.0,
        369.0,
        857.6666666666666,
        320.6666666666667,
        229.28571428571428,
        417.4
    ]
}