{
    "steps": [
        10240,
        20480,
        30720,
        40960,
        51200,
        61440,
        71680,
        81920,
        92160,
        102400,
        112640,
        122880,
        133120,
        143360,
        153600,
        163840,
        174080,
        184320,
        194560,
        204800,
        215040,
        225280,
        235520,
        245760,
        256000,
        266240,
        276480,
        286720,
        296960,
        307200,
        317440,
        327680,
        337920,
        348160,
        358400,
        368640,
        378880,
        389120,
        399360,
        409600,
        419840,
        430080,
        440320,
        450560,
        460800,
        471040,
        481280,
        491520,
        501760,
        512000,
        522240,
        532480,
        542720,
        552960,
        563200,
        573440,
        583680,
        593920,
        604160,
        614400,
        624640,
        634880,
        645120,
        655360,
        665600,
        675840,
        686080,
        696320,
        706560,
        716800,
        727040,
        737280,
        747520,
        757760,
        768000,
        778240,
        788480,
        798720,
        808960,
        819200,
        829440,
        839680,
        849920,
        860160,
        870400,
        880640,
        890880,
        901120,
        911360,
        921600,
        931840,
        942080,
        952320,
        962560,
        972800,
        983040,
        993280
    ],
    "avg_episodic_reward": [
        -222.88192847253436,
        -147.20274768781385,
        -51.084064021257674,
        -118.52003735815427,
        -66.98007952753026,
        -32.53261900811352,
        -61.86944713483115,
        -49.547936574568894,
        -79.76509461482598,
        41.0597930994217,
        -52.735751780935125,
        40.582973269849205,
        26.880543447146273,
        -23.88052090255116,
        8.998528907242672,
        -50.18405602645771,
        -13.599490682810902,
        99.6567511014405,
        57.877376593030576,
        168.4102477672564,
        189.67816347394498,
        295.04871720988604,
        154.48431515733694,
        38.453901620776776,
        254.27500600649046,
        320.6711952606663,
        391.24931029378297,
        322.9611131994262,
        194.59699614434135,
        307.3279163625684,
        226.68979153603735,
        577.9030214559571,
        85.26026539765844,
        465.9551085577858,
        578.8492980364906,
        534.218986927546,
        538.4815570479689,
        195.85201597681822,
        536.2573757712462,
        564.3088182940901,
        386.09026404535257,
        353.39846580105956,
        527.5073284338788,
        476.8391097676497,
        577.0737079650642,
        642.419813166114,
        725.5148541151575,
        664.1809297578177,
        271.72927060342766,
        472.8765030199556,
        478.07092768329983,
        589.4134370823454,
        365.63318612510955,
        690.76250314922,
        666.1902388135351,
        85.78615411297925,
        766.1270618101375,
        465.97221250519124,
        379.9001517086956,
        255.2402315243383,
        389.28348922471037,
        818.5438207600557,
        575.8275678868124,
        800.800286254462,
        765.2990757648965,
        734.6153967098198,
        795.9294620517345,
        941.5178957835342,
        811.3465844366963,
        772.758621486137,
        895.9682884483232,
        948.3491690921312,
        334.1117130456336,
        776.3609367765863,
        898.1988115543958,
        722.7958191023962,
        504.83446436756606,
        421.89816873411576,
        784.9353383335589,
        538.1078294564044,
        213.43891453908662,
        504.97568610032096,
        993.7510538666606,
        985.1697971914808,
        661.5923077772195,
        676.8818277882133,
        965.1567062327758,
        1045.5269944976603,
        553.666847026667,
        877.1762097150215,
        404.5049286139902,
        995.0740257335603,
        584.3022181791702,
        676.7123276797859,
        1036.584645178299,
        874.2833213529215,
        1024.9454501738292
    ],
    "avg_episode_length": [
        1000.0,
        1000.0,
        1000.0,
        1000.0,
        1000.0,
        1000.0,
        1000.0,
        1000.0,
        1000.0,
        1000.0,
        1000.0,
        1000.0,
        1000.0,
        1000.0,
        1000.0,
        1000.0,
        1000.0,
        1000.0,
        1000.0,
        1000.0,
        1000.0,
        1000.0,
        1000.0,
        1000.0,
        1000.0,
        1000.0,
        1000.0,
        1000.0,
        1000.0,
        1000.0,
        1000.0,
        1000.0,
        1000.0,
        1000.0,
        1000.0,
        1000.0,
        1000.0,
        1000.0,
        1000.0,
        1000.0,
        1000.0,
        1000.0,
        1000.0,
        1000.0,
        1000.0,
        1000.0,
        1000.0,
        1000.0,
        1000.0,
        1000.0,
        1000.0,
        1000.0,
        1000.0,
        1000.0,
        1000.0,
        1000.0,
        1000.0,
        1000.0,
        1000.0,
        1000.0,
        1000.0,
        1000.0,
        1000.0,
        1000.0,
        1000.0,
        1000.0,
        1000.0,
        1000.0,
        1000.0,
        1000.0,
        1000.0,
        1000.0,
        1000.0,
        1000.0,
        1000.0,
        1000.0,
        1000.0,
        1000.0,
        1000.0,
        1000.0,
        1000.0,
        1000.0,
        1000.0,
        1000.0,
        1000.0,
        1000.0,
        1000.0,
        1000.0,
        1000.0,
        1000.0,
        1000.0,
        1000.0,
        1000.0,
        1000.0,
        1000.0,
        1000.0,
        1000.0
    ]
}