{
    "steps": [
        10240,
        20480,
        30720,
        40960,
        51200,
        61440,
        71680,
        81920,
        92160,
        102400,
        112640,
        122880,
        133120,
        143360,
        153600,
        163840
    ],
    "avg_episodic_reward": [
        -137.2937738336244,
        -130.62381851291894,
        -56.0829168478875,
        5.344569463610908,
        80.55285342811875,
        64.41756978258964,
        83.70150977729429,
        129.10653107347503,
        117.38070950901515,
        295.80132981205105,
        137.9878049558821,
        381.91755891083926,
        623.236564313517,
        359.8711850208215,
        596.2565763181747,
        320.669811152012
    ],
    "avg_episode_length": [
        1000.0,
        1000.0,
        1000.0,
        1000.0,
        1000.0,
        1000.0,
        1000.0,
        1000.0,
        1000.0,
        1000.0,
        1000.0,
        1000.0,
        1000.0,
        1000.0,
        1000.0,
        1000.0
    ]
}