{
    "steps": [
        10240,
        20480,
        30720,
        40960,
        51200,
        61440,
        71680,
        81920,
        92160,
        102400,
        112640,
        122880,
        133120,
        143360,
        153600,
        163840,
        174080,
        184320,
        194560,
        204800,
        215040,
        225280,
        235520,
        245760,
        256000,
        266240,
        276480,
        286720,
        296960,
        307200,
        317440,
        327680,
        337920,
        348160,
        358400,
        368640,
        378880,
        389120,
        399360,
        409600,
        419840,
        430080,
        440320,
        450560,
        460800,
        471040,
        481280,
        491520,
        501760,
        512000,
        522240,
        532480,
        542720,
        552960,
        563200,
        573440,
        583680,
        593920,
        604160,
        614400,
        624640,
        634880,
        645120,
        655360,
        665600,
        675840,
        686080,
        696320,
        706560,
        716800,
        727040,
        737280,
        747520,
        757760,
        768000,
        778240,
        788480,
        798720,
        808960,
        819200,
        829440,
        839680,
        849920,
        860160,
        870400,
        880640,
        890880,
        901120,
        911360,
        921600,
        931840,
        942080,
        952320,
        962560,
        972800,
        983040,
        993280
    ],
    "avg_episodic_reward": [
        -183.50427069243958,
        -194.2209270763171,
        -111.02139559064777,
        -35.038939471843065,
        63.60757238206561,
        1.2800158606165208,
        -94.40474121481103,
        -76.19153173927484,
        -49.36287288331559,
        -4.964411390472105,
        -86.6554173662945,
        -18.085844718746067,
        -28.307846845264994,
        123.54394578518901,
        188.6705714813791,
        185.19157385278956,
        215.39222628460772,
        279.43306369267134,
        302.52147081934777,
        322.4181809145427,
        487.96561798831846,
        396.1361958528189,
        477.83705758581965,
        587.441440513559,
        592.9129531900304,
        272.7252239518557,
        667.7940256613914,
        383.99416929336735,
        260.5796981412888,
        695.1921154453428,
        740.6417915050145,
        753.7181955191271,
        701.1664696400574,
        647.4545053400509,
        886.6106384941386,
        621.3653369627302,
        358.8299459991657,
        867.8848508146536,
        765.4683551019975,
        420.6902632380387,
        862.8524429956085,
        970.6065193533332,
        801.1643292479175,
        991.8786984264291,
        925.3720608330323,
        844.874373356642,
        966.5099601758822,
        737.8660743962423,
        943.8111548089936,
        1080.1412032626242,
        967.560879490078,
        963.7376989320489,
        1122.2411322766907,
        1163.2339647818726,
        1039.162682619918,
        1108.872374945558,
        1138.9756133460712,
        1133.0184965192361,
        1211.2650840726371,
        1126.7038124561302,
        1185.2987026078729,
        1307.3176890566322,
        1260.5500058052253,
        1315.1234834326779,
        624.6334384418572,
        1223.454142634695,
        1187.492698833257,
        1268.871789110915,
        1238.1941944907662,
        1211.078600327322,
        1344.6064602702866,
        1265.9971620085657,
        1302.186366000873,
        1167.9778244336576,
        1069.15880132499,
        725.6163075911767,
        1312.467065092571,
        1266.6846290257163,
        1119.4441352992558,
        1462.0314280388016,
        1405.773998817978,
        1426.1569922766823,
        1342.3336062432281,
        1480.5837341464714,
        1363.227473846328,
        1424.210981968758,
        1277.0948916116545,
        1568.5114767624978,
        1210.7964129624218,
        1437.9070033947132,
        1486.1338961009183,
        1437.1764499832038,
        1360.2364640614583,
        1493.9882653466689,
        1357.0406714171831,
        1644.7582827737058,
        1496.1671738944156
    ],
    "avg_episode_length": [
        1000.0,
        1000.0,
        1000.0,
        1000.0,
        1000.0,
        1000.0,
        1000.0,
        1000.0,
        1000.0,
        1000.0,
        1000.0,
        1000.0,
        1000.0,
        1000.0,
        1000.0,
        1000.0,
        1000.0,
        1000.0,
        1000.0,
        1000.0,
        1000.0,
        1000.0,
        1000.0,
        1000.0,
        1000.0,
        1000.0,
        1000.0,
        1000.0,
        1000.0,
        1000.0,
        1000.0,
        1000.0,
        1000.0,
        1000.0,
        1000.0,
        1000.0,
        1000.0,
        1000.0,
        1000.0,
        1000.0,
        1000.0,
        1000.0,
        1000.0,
        1000.0,
        1000.0,
        1000.0,
        1000.0,
        1000.0,
        1000.0,
        1000.0,
        1000.0,
        1000.0,
        1000.0,
        1000.0,
        1000.0,
        1000.0,
        1000.0,
        1000.0,
        1000.0,
        1000.0,
        1000.0,
        1000.0,
        1000.0,
        1000.0,
        1000.0,
        1000.0,
        1000.0,
        1000.0,
        1000.0,
        1000.0,
        1000.0,
        1000.0,
        1000.0,
        1000.0,
        1000.0,
        1000.0,
        1000.0,
        1000.0,
        1000.0,
        1000.0,
        1000.0,
        1000.0,
        1000.0,
        1000.0,
        1000.0,
        1000.0,
        1000.0,
        1000.0,
        1000.0,
        1000.0,
        1000.0,
        1000.0,
        1000.0,
        1000.0,
        1000.0,
        1000.0,
        1000.0
    ]
}