{
    "steps": [
        10240,
        20480,
        30720,
        40960,
        51200,
        61440,
        71680,
        81920,
        92160,
        102400,
        112640,
        122880,
        133120,
        143360,
        153600,
        163840,
        174080,
        184320,
        194560,
        204800,
        215040,
        225280,
        235520,
        245760,
        256000,
        266240,
        276480,
        286720,
        296960,
        307200,
        317440,
        327680,
        337920,
        348160,
        358400,
        368640,
        378880,
        389120,
        399360,
        409600,
        419840,
        430080,
        440320,
        450560,
        460800,
        471040,
        481280,
        491520,
        501760,
        512000,
        522240,
        532480,
        542720,
        552960,
        563200,
        573440,
        583680,
        593920,
        604160,
        614400,
        624640,
        634880,
        645120,
        655360,
        665600,
        675840,
        686080,
        696320,
        706560,
        716800,
        727040,
        737280,
        747520,
        757760,
        768000,
        778240,
        788480,
        798720,
        808960,
        819200,
        829440,
        839680,
        849920,
        860160,
        870400,
        880640,
        890880,
        901120,
        911360,
        921600,
        931840,
        942080,
        952320,
        962560,
        972800,
        983040,
        993280
    ],
    "avg_episodic_reward": [
        -307.70781233700757,
        -340.8902930468347,
        -362.81442636290717,
        -307.94540617310963,
        -364.3378622183771,
        -335.8364048961014,
        -318.5596203333614,
        -337.43334826429395,
        -248.41244833394882,
        -248.11959468473114,
        -214.78549756519095,
        -133.8719579210328,
        -158.290135883549,
        -206.22511986785508,
        -112.97191242714537,
        -77.11225533580185,
        -13.209759004211453,
        -136.80493096063103,
        171.56711691212632,
        315.69296598094695,
        300.58111006522,
        169.7203551399131,
        522.3014012824449,
        209.74096403948266,
        490.72252444489703,
        149.60638918736913,
        611.3394053822517,
        593.3949418879129,
        235.6365941017701,
        0.48372484715407005,
        439.7086099707069,
        622.7346889256688,
        338.41419216219026,
        492.18739714729566,
        771.6733375145225,
        650.3380161549717,
        671.0008372971356,
        910.161258578235,
        840.4896322606194,
        690.3965380252129,
        484.38848553936464,
        770.0339948565311,
        680.8605708142306,
        741.5187527383245,
        726.0515641986394,
        587.9018430363814,
        663.8303954445009,
        732.0711227112424,
        781.2646998720058,
        995.4959598353544,
        1006.1996674548343,
        1026.0281517931396,
        1070.7505183713188,
        1092.8933311981723,
        1028.415033482669,
        1097.6159829827432,
        1086.149458689696,
        1172.6961181070913,
        1110.784449386276,
        1303.3002835104676,
        1030.1979696006883,
        1097.356771793342,
        1152.4824072121933,
        1056.5373890085002,
        1313.8128557050823,
        1028.9309379236197,
        1254.2019869167452,
        899.5165377848191,
        1455.0194652000168,
        1124.1435514496616,
        1384.9360690836118,
        1724.7052808729431,
        1430.2168552575426,
        1841.5421263960093,
        1922.9283851415494,
        1866.9473847902605,
        1722.3729966951205,
        2058.225963859637,
        2185.3807005286712,
        1269.766958455134,
        1785.9340791719178,
        2010.4070155409095,
        2109.4359550678623,
        1325.735618733808,
        1736.7783141055315,
        1542.8661980186998,
        1740.2942449738684,
        2256.8441655928737,
        2637.9704688285974,
        2345.4128906363558,
        1170.1536064513623,
        1866.3997194062954,
        2299.489269057469,
        2413.7532843643235,
        2074.7567490847796,
        2482.2079185374782,
        2686.409519082872
    ],
    "avg_episode_length": [
        1000.0,
        1000.0,
        1000.0,
        1000.0,
        1000.0,
        1000.0,
        1000.0,
        1000.0,
        1000.0,
        1000.0,
        1000.0,
        1000.0,
        1000.0,
        1000.0,
        1000.0,
        1000.0,
        1000.0,
        1000.0,
        1000.0,
        1000.0,
        1000.0,
        1000.0,
        1000.0,
        1000.0,
        1000.0,
        1000.0,
        1000.0,
        1000.0,
        1000.0,
        1000.0,
        1000.0,
        1000.0,
        1000.0,
        1000.0,
        1000.0,
        1000.0,
        1000.0,
        1000.0,
        1000.0,
        1000.0,
        1000.0,
        1000.0,
        1000.0,
        1000.0,
        1000.0,
        1000.0,
        1000.0,
        1000.0,
        1000.0,
        1000.0,
        1000.0,
        1000.0,
        1000.0,
        1000.0,
        1000.0,
        1000.0,
        1000.0,
        1000.0,
        1000.0,
        1000.0,
        1000.0,
        1000.0,
        1000.0,
        1000.0,
        1000.0,
        1000.0,
        1000.0,
        1000.0,
        1000.0,
        1000.0,
        1000.0,
        1000.0,
        1000.0,
        1000.0,
        1000.0,
        1000.0,
        1000.0,
        1000.0,
        1000.0,
        1000.0,
        1000.0,
        1000.0,
        1000.0,
        1000.0,
        1000.0,
        1000.0,
        1000.0,
        1000.0,
        1000.0,
        1000.0,
        1000.0,
        1000.0,
        1000.0,
        1000.0,
        1000.0,
        1000.0,
        1000.0
    ]
}