{
    "steps": [
        16000,
        32000,
        48000,
        64000,
        80000,
        96000,
        112000,
        128000,
        144000,
        160000,
        176000,
        192000,
        208000,
        224000,
        240000,
        256000,
        272000,
        288000,
        304000,
        320000,
        336000,
        352000,
        368000,
        384000,
        400000,
        416000,
        432000,
        448000,
        464000,
        480000,
        496000,
        512000,
        528000,
        544000,
        560000,
        576000,
        592000,
        608000,
        624000,
        640000,
        656000,
        672000,
        688000,
        704000,
        720000,
        736000,
        752000,
        768000,
        784000,
        800000,
        816000,
        832000,
        848000,
        864000,
        880000,
        896000,
        912000,
        928000,
        944000,
        960000,
        976000,
        992000,
        1008000
    ],
    "avg_episodic_reward": [
        -387.91760844214224,
        -373.86043824967265,
        -377.9473017783369,
        -363.1770021513438,
        -384.7335950551171,
        -349.2173893455343,
        -345.87323422010036,
        -364.5030063073426,
        -373.5994691341184,
        -342.35745827430867,
        -373.7347956388495,
        -371.54349871162566,
        -371.8390191107497,
        -363.06259988037067,
        -373.60900763529526,
        -367.77667812779237,
        -353.1080401180851,
        -335.7842148103094,
        -327.2701393181983,
        -325.11215100489017,
        -356.1040185945408,
        -332.0049691702551,
        -338.58240430162584,
        -338.2712370332957,
        -357.666151193054,
        -350.0636679143711,
        -334.3688650431807,
        -316.41361068483013,
        -377.7040052854312,
        -350.9946977112845,
        -293.8647351595806,
        -323.52607600633394,
        -324.6908069606884,
        -334.398868423356,
        -319.37849258174083,
        -327.8699834498973,
        -310.9484551159054,
        -314.93121581433957,
        -303.09480928238713,
        -315.10028802641943,
        -270.16390265010375,
        -278.78932545410515,
        -298.1129555198055,
        -315.6718505381252,
        -301.83275301819936,
        -285.2705999982359,
        -319.0728256188404,
        -276.28699832522625,
        -307.7561424041666,
        -283.97629587909285,
        -257.34559849646354,
        -275.5780616330444,
        -309.4575922929499,
        -269.8892626825969,
        -291.20703637932854,
        -256.795202375278,
        -233.20622433421505,
        -267.23248021033976,
        -240.7729740865782,
        -276.0766500249822,
        -284.7209283326693,
        -265.598322633462,
        -259.31697026610686
    ],
    "avg_episode_length": [
        1000.0,
        1000.0,
        1000.0,
        1000.0,
        1000.0,
        1000.0,
        1000.0,
        1000.0,
        1000.0,
        1000.0,
        1000.0,
        1000.0,
        1000.0,
        1000.0,
        1000.0,
        1000.0,
        1000.0,
        1000.0,
        1000.0,
        1000.0,
        1000.0,
        1000.0,
        1000.0,
        1000.0,
        1000.0,
        1000.0,
        1000.0,
        1000.0,
        1000.0,
        1000.0,
        1000.0,
        1000.0,
        1000.0,
        1000.0,
        1000.0,
        1000.0,
        1000.0,
        1000.0,
        1000.0,
        1000.0,
        1000.0,
        1000.0,
        1000.0,
        1000.0,
        1000.0,
        1000.0,
        1000.0,
        1000.0,
        1000.0,
        1000.0,
        1000.0,
        1000.0,
        1000.0,
        1000.0,
        1000.0,
        1000.0,
        1000.0,
        1000.0,
        1000.0,
        1000.0,
        1000.0,
        1000.0,
        1000.0
    ]
}