{
    "steps": [
        10240,
        20480,
        30720,
        40960,
        51200,
        61440,
        71680,
        81920,
        92160,
        102400,
        112640,
        122880,
        133120,
        143360,
        153600,
        163840,
        174080,
        184320,
        194560,
        204800,
        215040,
        225280,
        235520,
        245760,
        256000,
        266240,
        276480,
        286720,
        296960,
        307200,
        317440,
        327680,
        337920,
        348160,
        358400,
        368640,
        378880,
        389120,
        399360,
        409600,
        419840,
        430080,
        440320,
        450560,
        460800,
        471040,
        481280,
        491520,
        501760,
        512000,
        522240,
        532480,
        542720,
        552960,
        563200,
        573440,
        583680,
        593920,
        604160,
        614400,
        624640,
        634880,
        645120,
        655360,
        665600,
        675840,
        686080,
        696320,
        706560,
        716800,
        727040,
        737280,
        747520,
        757760,
        768000,
        778240,
        788480,
        798720,
        808960,
        819200,
        829440,
        839680,
        849920,
        860160,
        870400,
        880640,
        890880,
        901120,
        911360,
        921600,
        931840,
        942080,
        952320,
        962560,
        972800,
        983040,
        993280
    ],
    "avg_episodic_reward": [
        -200.9414989851221,
        -165.13695952490497,
        -97.59679018683008,
        -56.59943514791951,
        -105.30268352981037,
        -44.41526974778613,
        -88.71319229639799,
        -62.38595567736194,
        -21.052996796020068,
        -55.25192834806974,
        -33.655589747767486,
        37.96064711264901,
        -79.83289951768147,
        -61.60797866185065,
        -70.80900391839886,
        7.997691031038293,
        20.49879296958469,
        55.83924694200709,
        25.730325414095887,
        58.40746189353972,
        107.31215584093229,
        45.77494849188447,
        197.3123174966409,
        260.76076194010693,
        200.76170007534574,
        302.12223979336346,
        293.1125045091504,
        257.0960731803238,
        189.50860315846322,
        178.61799037539197,
        354.65663886310233,
        394.09657613845445,
        509.25827921218837,
        313.90985399898034,
        556.4146824735177,
        643.064162002154,
        573.6502396142685,
        400.04767440861247,
        642.6117737281854,
        535.0766416754986,
        596.069911499708,
        799.3144580801335,
        531.350547398895,
        1009.7288612832319,
        890.4318932674253,
        973.514409623509,
        744.6952019437415,
        1002.8307635440823,
        1036.9387226081649,
        1178.551634608583,
        1112.5878617920623,
        1143.9436921219767,
        1027.2812151852463,
        944.5659727703444,
        1347.9860972552992,
        1136.7307137380355,
        1333.8875354890831,
        1441.7022850840085,
        1120.1489729571676,
        1510.9749494010725,
        1188.7583710051285,
        1615.6336068789128,
        1475.8689370758489,
        1410.3028656922502,
        1628.8434795074463,
        1662.3400647002711,
        1743.5925201418343,
        1825.8532841203182,
        1673.306124416457,
        1663.0363264133036,
        1537.000659691331,
        1160.2499198224007,
        1579.7773347152702,
        1092.8433554624569,
        2003.551635401175,
        788.997547897985,
        1891.1719159734657,
        1720.6173115885942,
        1077.4244200969829,
        2158.727495104604,
        1142.9873773184277,
        1808.1688195540046,
        1273.416839559843,
        1850.9917494042047,
        2123.9068115507116,
        1589.3328665137856,
        1648.364022606648,
        1918.938883830221,
        2206.904984248222,
        1787.582165810483,
        2171.6941224667435,
        2101.0145918633666,
        2239.242558910598,
        2546.2682981909256,
        2343.875591901348,
        1872.6312214901882,
        2389.4221125728263
    ],
    "avg_episode_length": [
        1000.0,
        1000.0,
        1000.0,
        1000.0,
        1000.0,
        1000.0,
        1000.0,
        1000.0,
        1000.0,
        1000.0,
        1000.0,
        1000.0,
        1000.0,
        1000.0,
        1000.0,
        1000.0,
        1000.0,
        1000.0,
        1000.0,
        1000.0,
        1000.0,
        1000.0,
        1000.0,
        1000.0,
        1000.0,
        1000.0,
        1000.0,
        1000.0,
        1000.0,
        1000.0,
        1000.0,
        1000.0,
        1000.0,
        1000.0,
        1000.0,
        1000.0,
        1000.0,
        1000.0,
        1000.0,
        1000.0,
        1000.0,
        1000.0,
        1000.0,
        1000.0,
        1000.0,
        1000.0,
        1000.0,
        1000.0,
        1000.0,
        1000.0,
        1000.0,
        1000.0,
        1000.0,
        1000.0,
        1000.0,
        1000.0,
        1000.0,
        1000.0,
        1000.0,
        1000.0,
        1000.0,
        1000.0,
        1000.0,
        1000.0,
        1000.0,
        1000.0,
        1000.0,
        1000.0,
        1000.0,
        1000.0,
        1000.0,
        1000.0,
        1000.0,
        1000.0,
        1000.0,
        1000.0,
        1000.0,
        1000.0,
        1000.0,
        1000.0,
        1000.0,
        1000.0,
        1000.0,
        1000.0,
        1000.0,
        1000.0,
        1000.0,
        1000.0,
        1000.0,
        1000.0,
        1000.0,
        1000.0,
        1000.0,
        1000.0,
        1000.0,
        1000.0,
        1000.0
    ]
}