{
    "steps": [
        16000,
        32000,
        48000,
        64000,
        80000,
        96000,
        112000,
        128000,
        144000,
        160000,
        176000,
        192000,
        208000,
        224000,
        240000,
        256000,
        272000,
        288000,
        304000,
        320000,
        336000,
        352000,
        368000,
        384000,
        400000,
        416000,
        432000,
        448000,
        464000,
        480000,
        496000,
        512000,
        528000,
        544000,
        560000,
        576000,
        592000,
        608000,
        624000,
        640000,
        656000,
        672000,
        688000,
        704000,
        720000,
        736000,
        752000,
        768000,
        784000,
        800000,
        816000,
        832000,
        848000,
        864000,
        880000,
        896000,
        912000,
        928000,
        944000,
        960000,
        976000,
        992000,
        1008000
    ],
    "avg_episodic_reward": [
        -387.91760844214224,
        -340.406574531566,
        -381.7469882205672,
        -359.5428983439109,
        -413.3953098292382,
        -360.20439766602516,
        -346.85222812892795,
        -363.3139236798291,
        -337.7945441715108,
        -374.6938746239312,
        -335.752329747494,
        -343.66400023829544,
        -312.91228055262343,
        -361.43818632704506,
        -365.735394161411,
        -367.44737819469526,
        -360.1550603126385,
        -361.0489726484751,
        -356.6213131063306,
        -328.9054397522966,
        -320.25508622814016,
        -344.1958208272201,
        -332.2782381150259,
        -333.30466742789986,
        -359.19322248757703,
        -333.8428261281209,
        -354.8156573579259,
        -358.1727208914618,
        -324.78198950360365,
        -347.85802622355936,
        -353.0047848869842,
        -337.0905127743288,
        -330.1076335423936,
        -301.240468180556,
        -317.6230358689686,
        -316.570958349728,
        -328.2387054957518,
        -300.4026019481204,
        -288.32830689447053,
        -286.3610593530434,
        -307.1368062286814,
        -280.6618037927264,
        -272.48381760591843,
        -292.7147333220392,
        -314.31945141096423,
        -267.7403016249955,
        -317.9265294247656,
        -298.6739914092784,
        -273.76175740250176,
        -312.23212686066495,
        -299.4456139279956,
        -272.0151323120002,
        -291.5362857139504,
        -297.86599026934505,
        -301.32820321273005,
        -284.1343367319198,
        -279.8222567229778,
        -311.1276919239248,
        -315.2814189188348,
        -290.3278174355354,
        -283.11780052835377,
        -276.21945334176183,
        -285.12199589400404
    ],
    "avg_episode_length": [
        1000.0,
        1000.0,
        1000.0,
        1000.0,
        1000.0,
        1000.0,
        1000.0,
        1000.0,
        1000.0,
        1000.0,
        1000.0,
        1000.0,
        1000.0,
        1000.0,
        1000.0,
        1000.0,
        1000.0,
        1000.0,
        1000.0,
        1000.0,
        1000.0,
        1000.0,
        1000.0,
        1000.0,
        1000.0,
        1000.0,
        1000.0,
        1000.0,
        1000.0,
        1000.0,
        1000.0,
        1000.0,
        1000.0,
        1000.0,
        1000.0,
        1000.0,
        1000.0,
        1000.0,
        1000.0,
        1000.0,
        1000.0,
        1000.0,
        1000.0,
        1000.0,
        1000.0,
        1000.0,
        1000.0,
        1000.0,
        1000.0,
        1000.0,
        1000.0,
        1000.0,
        1000.0,
        1000.0,
        1000.0,
        1000.0,
        1000.0,
        1000.0,
        1000.0,
        1000.0,
        1000.0,
        1000.0,
        1000.0
    ]
}