{
    "steps": [
        16000,
        32000,
        48000,
        64000,
        80000,
        96000,
        112000,
        128000,
        144000,
        160000,
        176000,
        192000,
        208000,
        224000,
        240000,
        256000,
        272000,
        288000,
        304000,
        320000,
        336000,
        352000,
        368000,
        384000,
        400000,
        416000,
        432000,
        448000,
        464000,
        480000,
        496000,
        512000,
        528000,
        544000,
        560000,
        576000,
        592000,
        608000,
        624000,
        640000,
        656000,
        672000,
        688000,
        704000,
        720000,
        736000,
        752000,
        768000,
        784000,
        800000,
        816000,
        832000,
        848000,
        864000,
        880000,
        896000,
        912000,
        928000,
        944000,
        960000,
        976000,
        992000,
        1008000
    ],
    "avg_episodic_reward": [
        -357.17675251335083,
        -356.52992566063404,
        -395.2501021035292,
        -405.65411378185684,
        -336.319217027775,
        -416.9618296033277,
        -380.0177373545516,
        -343.01912846123116,
        -354.3572527510558,
        -387.1608608692792,
        -355.1307551212458,
        -346.6628147781621,
        -321.11784458725003,
        -346.21324107806083,
        -333.63652751417544,
        -306.2761562017531,
        -313.2730811986818,
        -374.5303493399498,
        -346.6291913491186,
        -300.4582283908123,
        -348.95135569311356,
        -315.82827449159305,
        -329.0942267492983,
        -280.0217336358994,
        -295.06992119887894,
        -280.5186917927414,
        -310.8158908394578,
        -286.54234613861524,
        -326.6796486648237,
        -308.70799645816436,
        -314.889708070774,
        -330.74359251838035,
        -298.203436084229,
        -297.06562194280906,
        -339.02092308645354,
        -283.17838227204305,
        -300.98171235459995,
        -309.9331263162461,
        -296.8246625529764,
        -255.7565196527299,
        -275.8767506344095,
        -276.356892301455,
        -321.6987702100867,
        -264.36562013708937,
        -291.7058530202605,
        -297.20961863051684,
        -291.4550404566373,
        -267.02010938113324,
        -259.84911247193367,
        -295.6315578469013,
        -278.51098542488285,
        -277.07402560915904,
        -296.74862645820326,
        -266.0981244451385,
        -261.85425562283353,
        -265.0514635773208,
        -249.94721576250575,
        -248.26293925786342,
        -263.4639669878122,
        -299.5354149991819,
        -225.26958369774883,
        -258.4701789876966,
        -251.5008755495282
    ],
    "avg_episode_length": [
        1000.0,
        1000.0,
        1000.0,
        1000.0,
        1000.0,
        1000.0,
        1000.0,
        1000.0,
        1000.0,
        1000.0,
        1000.0,
        1000.0,
        1000.0,
        1000.0,
        1000.0,
        1000.0,
        1000.0,
        1000.0,
        1000.0,
        1000.0,
        1000.0,
        1000.0,
        1000.0,
        1000.0,
        1000.0,
        1000.0,
        1000.0,
        1000.0,
        1000.0,
        1000.0,
        1000.0,
        1000.0,
        1000.0,
        1000.0,
        1000.0,
        1000.0,
        1000.0,
        1000.0,
        1000.0,
        1000.0,
        1000.0,
        1000.0,
        1000.0,
        1000.0,
        1000.0,
        1000.0,
        1000.0,
        1000.0,
        1000.0,
        1000.0,
        1000.0,
        1000.0,
        1000.0,
        1000.0,
        1000.0,
        1000.0,
        1000.0,
        1000.0,
        1000.0,
        1000.0,
        1000.0,
        1000.0,
        1000.0
    ]
}