{
    "steps": [
        10240,
        20480,
        30720,
        40960,
        51200,
        10240,
        20480,
        30720,
        40960,
        51200,
        61440,
        71680,
        81920,
        92160,
        102400,
        112640,
        122880,
        133120,
        143360,
        153600,
        163840,
        174080,
        184320,
        194560,
        204800
    ],
    "avg_episodic_reward": [
        96.71702046247849,
        169.96378989966138,
        251.8498943135349,
        261.20271418831703,
        286.5676312370896,
        80.22444761150821,
        157.89986300432452,
        239.92502202798752,
        295.45786079235194,
        409.12278488577715,
        467.538257955366,
        617.5063866426327,
        692.8810842151255,
        709.7851299036876,
        617.1786366563342,
        1205.7090686584347,
        9354.786787625193,
        241.7219848546896,
        300.821349915078,
        340.86151730072976,
        396.5813762358542,
        672.1045836416791,
        1496.24202110017,
        9119.642071636723,
        2919.7008643440254
    ],
    "avg_episode_length": [
        10.520408163265307,
        18.392857142857142,
        27.213333333333335,
        28.21917808219178,
        30.924242424242426,
        8.752136752136753,
        17.092436974789916,
        25.936708860759495,
        31.875,
        44.0,
        50.24390243902439,
        66.29032258064517,
        74.35714285714286,
        76.14814814814815,
        66.21875,
        129.125,
        1000.0,
        26.153846153846153,
        32.44444444444444,
        36.67857142857143,
        42.625,
        72.10714285714286,
        160.25,
        975.6666666666666,
        312.57142857142856
    ]
}