{
    "steps": [
        10240,
        20480,
        30720,
        40960,
        51200,
        61440,
        71680,
        81920,
        92160,
        102400,
        112640,
        122880,
        133120,
        143360,
        153600,
        163840,
        174080,
        184320,
        194560,
        204800,
        215040,
        225280,
        235520,
        245760,
        256000,
        266240,
        276480,
        286720,
        296960,
        307200,
        317440,
        327680,
        337920,
        348160,
        358400,
        368640,
        378880,
        389120,
        399360,
        409600,
        419840,
        430080,
        440320,
        450560,
        460800,
        471040,
        481280,
        491520,
        501760,
        512000,
        522240,
        532480,
        542720,
        552960,
        563200,
        573440,
        583680,
        593920,
        604160,
        614400,
        624640,
        634880,
        645120,
        655360,
        665600,
        675840,
        686080,
        696320,
        706560,
        716800,
        727040,
        737280,
        747520,
        757760,
        768000,
        778240,
        788480,
        798720,
        808960,
        819200,
        829440,
        839680,
        849920,
        860160,
        870400,
        880640,
        890880,
        901120,
        911360,
        921600,
        931840,
        942080,
        952320,
        962560,
        972800,
        983040,
        993280
    ],
    "avg_episodic_reward": [
        -354.51331709682546,
        -281.10810211061994,
        -344.4504695544049,
        -281.09142328971177,
        -329.8369108689405,
        -265.64537768527344,
        -267.6859755070491,
        -137.99424138859166,
        -184.49710076439206,
        -112.19202382037071,
        -150.2575174600257,
        -153.42660657525647,
        -153.53319399260909,
        -178.80476392425828,
        -119.41311671941554,
        -21.617683834769295,
        -93.84871167928542,
        -8.404698465161804,
        56.10279567663996,
        62.97357449857061,
        180.94340209034814,
        297.34414115724854,
        270.95921323938967,
        487.0115715727246,
        385.3721714090553,
        589.139605406337,
        557.1787657246416,
        709.6653104327428,
        753.4826194540229,
        622.0837575207197,
        1012.0249189780418,
        753.3632188790573,
        1005.3382650998603,
        1127.2955918166251,
        1077.7251713473424,
        1251.0678414139265,
        1157.8850226864415,
        1238.3385866395106,
        1253.951699838381,
        1212.9528472222612,
        1439.7695514157167,
        1369.2094163673291,
        1633.7927136602332,
        1559.390633913206,
        1704.5118102682277,
        1566.1970325714885,
        1637.825861887799,
        1678.6997729296136,
        1733.48304853202,
        1770.809577996878,
        1668.1800856249886,
        1815.666122433959,
        1720.7540442297625,
        1794.1201944415534,
        2041.8580467590768,
        1878.194718835074,
        2007.5368431392944,
        2129.383004982229,
        2131.412534254624,
        2073.2459331977043,
        2145.806587354408,
        2013.1497613973493,
        2108.5743517323062,
        2352.018873692069,
        2130.332515622935,
        2144.5546049440304,
        2247.370140164503,
        2186.854049952604,
        2266.1968872750876,
        2292.1789287736347,
        2310.67590342618,
        2235.2746340238687,
        2058.0304423122006,
        2345.469618684756,
        2277.705967627907,
        2445.963325980387,
        2388.2102576445386,
        2284.315505411494,
        2170.422164353134,
        2215.3677334680306,
        2243.928767672631,
        2387.753781792579,
        2309.7643849049336,
        2225.3101539531954,
        2403.7431497396665,
        2339.675885654634,
        2319.614528665549,
        2333.051968716708,
        2456.059749591367,
        2527.0880655242263,
        2539.6614731925456,
        2496.1916902966373,
        2338.3974545900237,
        2450.4540938814253,
        2308.3456065472474,
        2501.6729983194614,
        2550.040397966035
    ],
    "avg_episode_length": [
        1000.0,
        1000.0,
        1000.0,
        1000.0,
        1000.0,
        1000.0,
        1000.0,
        1000.0,
        1000.0,
        1000.0,
        1000.0,
        1000.0,
        1000.0,
        1000.0,
        1000.0,
        1000.0,
        1000.0,
        1000.0,
        1000.0,
        1000.0,
        1000.0,
        1000.0,
        1000.0,
        1000.0,
        1000.0,
        1000.0,
        1000.0,
        1000.0,
        1000.0,
        1000.0,
        1000.0,
        1000.0,
        1000.0,
        1000.0,
        1000.0,
        1000.0,
        1000.0,
        1000.0,
        1000.0,
        1000.0,
        1000.0,
        1000.0,
        1000.0,
        1000.0,
        1000.0,
        1000.0,
        1000.0,
        1000.0,
        1000.0,
        1000.0,
        1000.0,
        1000.0,
        1000.0,
        1000.0,
        1000.0,
        1000.0,
        1000.0,
        1000.0,
        1000.0,
        1000.0,
        1000.0,
        1000.0,
        1000.0,
        1000.0,
        1000.0,
        1000.0,
        1000.0,
        1000.0,
        1000.0,
        1000.0,
        1000.0,
        1000.0,
        1000.0,
        1000.0,
        1000.0,
        1000.0,
        1000.0,
        1000.0,
        1000.0,
        1000.0,
        1000.0,
        1000.0,
        1000.0,
        1000.0,
        1000.0,
        1000.0,
        1000.0,
        1000.0,
        1000.0,
        1000.0,
        1000.0,
        1000.0,
        1000.0,
        1000.0,
        1000.0,
        1000.0,
        1000.0
    ]
}