{
    "steps": [
        10240,
        20480,
        30720,
        40960,
        51200,
        61440,
        71680,
        81920,
        92160,
        102400,
        112640,
        122880,
        133120,
        143360,
        153600,
        163840,
        174080,
        184320,
        194560,
        204800,
        215040,
        225280,
        235520,
        245760,
        256000,
        266240,
        276480,
        286720,
        296960,
        307200,
        317440,
        327680,
        337920,
        348160,
        358400,
        368640,
        378880,
        389120,
        399360,
        409600,
        419840,
        430080,
        440320,
        450560,
        460800,
        471040,
        481280,
        491520,
        501760,
        512000,
        522240,
        532480
    ],
    "avg_episodic_reward": [
        114.1208448274083,
        195.27521296578522,
        222.6175520023769,
        296.0337090128761,
        311.014767233002,
        335.00200771064567,
        360.661460735644,
        309.06073725049504,
        387.56950347637337,
        468.20011532846723,
        564.105715717986,
        785.964259565182,
        656.6797505417103,
        811.2960155408819,
        703.5624472643602,
        667.14077787936,
        736.6462852553618,
        786.1456341017229,
        728.4878280662335,
        659.8128610322702,
        697.5592090004707,
        783.486563907849,
        1558.8435364659708,
        752.097249861401,
        714.9189853227498,
        1127.231097900699,
        778.104537299512,
        746.3329686553318,
        667.616902968133,
        879.505893413848,
        652.883319598651,
        1395.1635913515993,
        936.9041824281541,
        941.8016529642325,
        939.8524352755551,
        1303.964260521557,
        1035.3137789682921,
        1048.158938754536,
        1106.026814041916,
        992.5708325739694,
        1580.849569211311,
        1314.5154120719837,
        1036.6675833520464,
        1725.3376353549525,
        1015.9658003428532,
        994.8771299623337,
        1239.89584826612,
        932.1014298868511,
        1503.7547726520877,
        1243.3228856885692,
        934.0680065931784,
        2064.321753836116
    ],
    "avg_episode_length": [
        72.62068965517241,
        95.47619047619048,
        103.85,
        132.0625,
        138.13333333333333,
        147.42857142857142,
        156.53846153846155,
        136.4,
        159.69230769230768,
        183.0,
        210.9,
        291.42857142857144,
        240.5,
        292.57142857142856,
        258.57142857142856,
        229.22222222222223,
        248.875,
        268.5,
        268.2857142857143,
        232.66666666666666,
        229.55555555555554,
        277.3333333333333,
        598.0,
        242.75,
        232.22222222222223,
        381.0,
        241.66666666666666,
        232.77777777777777,
        211.8,
        280.6666666666667,
        209.8,
        461.75,
        299.7142857142857,
        296.7142857142857,
        289.5,
        464.75,
        330.1666666666667,
        326.0,
        342.8333333333333,
        297.57142857142856,
        503.5,
        403.6,
        309.3333333333333,
        554.25,
        335.5,
        295.57142857142856,
        365.75,
        277.0,
        480.4,
        386.0,
        274.42857142857144,
        662.25
    ]
}