{
    "steps": [
        10097,
        20120,
        30241,
        40428,
        50730,
        60900,
        70950,
        81335,
        91549,
        101850,
        112224,
        122498,
        132834,
        143127,
        153232,
        163654,
        173784,
        183873,
        194058,
        204309,
        214676,
        225222,
        235346,
        245410,
        255655,
        265657,
        276165,
        286455,
        296870,
        307032,
        317474,
        327752,
        337928,
        348233,
        358708,
        369214,
        379432,
        390438,
        400476,
        410952,
        421686,
        432067,
        443109,
        453492,
        464365,
        474885,
        486200,
        496653,
        507779,
        518497,
        529157,
        539298,
        550033,
        561520,
        573032,
        583113,
        593953,
        604893,
        615568,
        626141,
        636860,
        649232,
        660521,
        670598,
        680954,
        693817,
        705552,
        717241,
        728339,
        739301,
        750068,
        761831,
        772624,
        782864,
        794642,
        804799,
        817438,
        827601,
        837926,
        849209,
        859412,
        870780,
        882315,
        893737,
        905719,
        918569,
        929642,
        940674,
        951241,
        963541,
        973845,
        986678,
        1000174
    ],
    "avg_episodic_reward": [
        47.139014976057005,
        76.59209297968566,
        53.46299146571137,
        109.60923110306932,
        144.43674914732597,
        173.02418749108887,
        94.34544180403395,
        227.80287516729288,
        211.3678324114036,
        253.50957377116498,
        206.68594776113827,
        171.16428371979066,
        193.9525833204507,
        182.0259534927062,
        217.31930357656336,
        240.68695701764915,
        237.09497223700333,
        227.66834046223275,
        254.45181820688762,
        263.5536568196949,
        270.30010457767037,
        279.3550109133512,
        272.10331318527767,
        249.59019753537802,
        301.4697188740895,
        271.44614761852,
        287.9753471188892,
        257.4518631731497,
        327.5410190423091,
        315.26330225267645,
        215.5525908506615,
        244.3595787629036,
        325.73956822477464,
        217.04043703321395,
        370.3155489323335,
        317.2131384505964,
        306.9758655346514,
        394.2639199301426,
        299.60586580458494,
        291.2257509401552,
        453.0610644375341,
        354.10296691847924,
        447.33283521781294,
        381.5326632572879,
        354.74709123765615,
        422.1090433849449,
        454.65668122969777,
        399.1059851932822,
        499.6343165700797,
        411.60850116370335,
        449.8811514491031,
        451.3722296002638,
        529.7531038418226,
        659.6604961470221,
        582.0001134785882,
        479.2393170993696,
        519.8188169765792,
        397.86513018542365,
        651.9391203780584,
        468.028620655243,
        578.3759200569698,
        814.2932466304471,
        615.0248636688511,
        559.8185315295101,
        755.0564095104992,
        888.954558434829,
        815.0951935171926,
        640.4269802956223,
        617.7873365558752,
        407.6938474180125,
        834.4926131195024,
        669.3919814515888,
        894.1156876021712,
        772.4639891121154,
        570.9471512683899,
        565.7584668425404,
        805.3743797587314,
        776.5124183840171,
        565.9510689425643,
        896.723227059656,
        919.0914744602331,
        749.1916957434589,
        834.7864698767152,
        963.995021273828,
        959.3964965409098,
        921.3775353721549,
        806.4297001932246,
        692.9619624661362,
        825.442544411454,
        899.8981616165354,
        945.7067811591437,
        748.421119630464,
        915.305057775413
    ],
    "avg_episode_length": [
        38.75,
        64.5,
        39.0,
        61.75,
        80.75,
        83.5,
        56.25,
        109.5,
        97.5,
        135.25,
        97.75,
        88.25,
        103.75,
        100.0,
        118.75,
        128.5,
        113.0,
        120.5,
        131.5,
        145.75,
        153.5,
        157.0,
        187.0,
        130.75,
        182.75,
        145.25,
        183.0,
        173.75,
        206.75,
        193.75,
        164.0,
        171.0,
        199.5,
        161.5,
        262.25,
        224.75,
        212.5,
        264.75,
        202.0,
        210.75,
        323.0,
        249.5,
        327.0,
        287.25,
        255.75,
        308.25,
        376.5,
        349.25,
        378.0,
        354.0,
        315.75,
        337.0,
        447.0,
        594.0,
        483.75,
        384.5,
        394.0,
        304.75,
        521.5,
        410.25,
        462.75,
        674.25,
        511.5,
        505.75,
        677.75,
        727.0,
        723.25,
        480.0,
        492.0,
        349.25,
        741.75,
        617.75,
        825.5,
        703.75,
        567.0,
        560.25,
        815.75,
        727.5,
        523.75,
        829.75,
        882.75,
        644.75,
        702.5,
        815.75,
        866.0,
        787.5,
        741.0,
        623.0,
        774.5,
        823.0,
        857.25,
        739.0,
        883.0
    ]
}