{
    "steps": [
        64000,
        128000,
        192000,
        256000,
        320000,
        384000,
        448000,
        512000,
        576000,
        640000,
        704000,
        768000,
        832000,
        896000,
        960000,
        1024000
    ],
    "avg_episodic_reward": [
        1.0485809116933187,
        16.7792574433984,
        27.938439225957453,
        34.948152541202056,
        37.383788121394495,
        37.39070699293731,
        41.607063675722074,
        46.052140765863626,
        49.52570149620012,
        55.512058336140896,
        56.637972003187855,
        69.86202217483908,
        68.98934729657293,
        74.29878882475572,
        77.97631177273993,
        85.12355348230889
    ],
    "avg_episode_length": [
        1000.0,
        1000.0,
        1000.0,
        1000.0,
        1000.0,
        1000.0,
        1000.0,
        1000.0,
        1000.0,
        1000.0,
        1000.0,
        1000.0,
        1000.0,
        1000.0,
        1000.0,
        1000.0
    ]
}