{
    "steps": [
        16000,
        32000,
        48000,
        64000,
        80000,
        96000,
        112000,
        128000,
        144000,
        160000,
        176000,
        192000,
        208000,
        224000,
        240000,
        256000,
        272000,
        288000,
        304000,
        320000,
        336000,
        352000,
        368000,
        384000,
        400000,
        416000,
        432000,
        448000,
        464000,
        480000,
        496000,
        512000,
        528000,
        544000,
        560000,
        576000,
        592000,
        608000,
        624000,
        640000,
        656000,
        672000,
        688000,
        704000,
        720000,
        736000,
        752000,
        768000,
        784000,
        800000,
        816000,
        832000,
        848000,
        864000,
        880000,
        896000,
        912000,
        928000,
        944000,
        960000,
        976000,
        992000,
        1008000
    ],
    "avg_episodic_reward": [
        -239.25988651917544,
        -249.64180823921748,
        -245.8770198627492,
        -240.19722870869538,
        -236.47503293554297,
        -217.02169770722253,
        -199.42106777953052,
        -192.2625658912379,
        -181.4758186273918,
        -200.9086868099289,
        -193.81944152294525,
        -176.30232525253172,
        -158.13601717424558,
        -160.46353646809737,
        -170.2099359075117,
        -162.8973535549095,
        -180.51895603467744,
        -137.9871228705544,
        -130.60607652247515,
        -115.6122142333509,
        -138.3029215762952,
        -123.51758861534437,
        -130.87671112524433,
        -112.97671453774453,
        -108.35278650166595,
        -95.78477681027599,
        -97.38362948118869,
        -96.33242801623015,
        -67.43594169262988,
        -83.52212398095054,
        -112.91022842442476,
        -102.7341668719504,
        -97.14048834288513,
        -56.81704004904131,
        -67.89770777429277,
        -63.889993597590035,
        -97.28934236633225,
        -58.456323285919424,
        -41.59097557828767,
        -86.47434531094444,
        -76.47487364576139,
        -50.115668412478726,
        -39.35980553749363,
        -62.994772615569815,
        -36.120240401412445,
        -48.95869230583018,
        -36.36738600828643,
        -46.53929688815656,
        -55.490421507018624,
        -38.050990893395635,
        -49.175194368546634,
        -39.5486313415898,
        -58.958469110843,
        -44.70523602597089,
        -23.9357921350314,
        -21.634813611905614,
        -8.700805773759395,
        -16.44362857235155,
        -6.870135992159215,
        -4.8557653642287875,
        -21.555584997425548,
        -14.225178174748669,
        -1.7361911523926805
    ],
    "avg_episode_length": [
        1000.0,
        1000.0,
        1000.0,
        1000.0,
        1000.0,
        1000.0,
        1000.0,
        1000.0,
        1000.0,
        1000.0,
        1000.0,
        1000.0,
        1000.0,
        1000.0,
        1000.0,
        1000.0,
        1000.0,
        1000.0,
        1000.0,
        1000.0,
        1000.0,
        1000.0,
        1000.0,
        1000.0,
        1000.0,
        1000.0,
        1000.0,
        1000.0,
        1000.0,
        1000.0,
        1000.0,
        1000.0,
        1000.0,
        1000.0,
        1000.0,
        1000.0,
        1000.0,
        1000.0,
        1000.0,
        1000.0,
        1000.0,
        1000.0,
        1000.0,
        1000.0,
        1000.0,
        1000.0,
        1000.0,
        1000.0,
        1000.0,
        1000.0,
        1000.0,
        1000.0,
        1000.0,
        1000.0,
        1000.0,
        1000.0,
        1000.0,
        1000.0,
        1000.0,
        1000.0,
        1000.0,
        1000.0,
        1000.0
    ]
}