{
    "steps": [
        10240,
        20480,
        30720,
        40960,
        51200,
        61440,
        71680,
        81920,
        92160,
        102400,
        112640,
        122880,
        133120,
        143360,
        153600,
        163840,
        174080,
        184320,
        194560,
        204800,
        215040,
        225280,
        235520,
        245760,
        256000,
        266240,
        276480,
        286720,
        296960,
        307200,
        317440,
        327680,
        337920,
        348160,
        358400,
        368640,
        378880,
        389120,
        399360,
        409600,
        419840,
        430080,
        440320,
        450560,
        460800,
        471040,
        481280,
        491520,
        501760,
        512000,
        522240,
        532480,
        542720,
        552960,
        563200,
        573440,
        583680,
        593920,
        604160,
        614400,
        624640,
        634880,
        645120,
        655360,
        665600,
        675840,
        686080,
        696320,
        706560,
        716800,
        727040,
        737280,
        747520,
        757760,
        768000,
        778240,
        788480,
        798720,
        808960,
        819200,
        829440,
        839680,
        849920,
        860160,
        870400,
        880640,
        890880,
        901120,
        911360,
        921600,
        931840,
        942080,
        952320,
        962560,
        972800,
        983040,
        993280
    ],
    "avg_episodic_reward": [
        172.67114223096553,
        183.8847998385966,
        204.08276736966403,
        221.0741866672619,
        216.8012989329279,
        650.3259451944601,
        746.3432594305676,
        560.4766202134048,
        421.91606272227926,
        374.9081102564569,
        620.4513288798371,
        374.34364529549066,
        377.10044765378643,
        406.74096423708835,
        455.95511224410757,
        369.3486652052565,
        348.53660170942504,
        439.4147356891304,
        492.88041771430227,
        532.4929895429967,
        487.4369036988528,
        467.8735345516245,
        920.6579121818495,
        1129.8231986708547,
        537.4074348823668,
        1009.0629869215314,
        548.5159259135474,
        529.2240422629918,
        null,
        620.9156225040084,
        2246.0606787109054,
        869.2256219756567,
        1190.4849903332208,
        629.6783022222717,
        783.9899003938715,
        660.3339600622494,
        null,
        1072.60197427048,
        1024.0577832233885,
        null,
        1064.3042121226656,
        1169.8042540461465,
        844.93914807815,
        698.5127525701165,
        null,
        959.2892840209198,
        855.739091031654,
        646.4006296166708,
        866.1444830893331,
        690.4427909388263,
        2676.948345791061,
        596.6248654013025,
        722.0876659957071,
        788.2196389414089,
        702.2534844198703,
        1467.3500743274658,
        924.7415159768459,
        721.1673495109875,
        1595.6780603230209,
        915.9987323490125,
        918.0375830319086,
        944.9356099538379,
        1062.455304616233,
        1181.3159886406418,
        899.0994016882931,
        862.0300356339475,
        1161.6656252365672,
        1412.1739397613974,
        916.9723523750918,
        762.2634587579631,
        728.8585746232332,
        1064.8926806778893,
        1087.715722605575,
        807.4162006526037,
        1017.8951762425855,
        988.1398539614333,
        909.3284021031768,
        1216.412838270242,
        720.4858869844661,
        816.2054746482069,
        1373.7953896047463,
        755.3075635188321,
        910.3190140764615,
        663.6224399890576,
        985.2518807245524,
        2780.1279601370693,
        842.1532495028873,
        762.5605118628724,
        1594.5903606962177,
        2629.821340359588,
        759.4647321831885,
        845.6029645129203,
        890.9750887140484,
        1803.4412385690518,
        1429.712781614115,
        1112.9445877103572,
        730.1990097843847
    ],
    "avg_episode_length": [
        85.5,
        85.83333333333333,
        100.0,
        109.0,
        113.0,
        432.0,
        284.0,
        235.33333333333334,
        166.0,
        152.66666666666666,
        250.0,
        164.66666666666666,
        168.5,
        177.5,
        205.5,
        172.66666666666666,
        161.0,
        183.33333333333334,
        196.0,
        202.66666666666666,
        197.33333333333334,
        175.5,
        380.0,
        513.0,
        210.66666666666666,
        358.0,
        190.33333333333334,
        176.66666666666666,
        null,
        208.33333333333334,
        1000.0,
        301.0,
        398.0,
        203.66666666666666,
        264.0,
        239.5,
        null,
        360.0,
        353.5,
        null,
        350.5,
        371.0,
        268.0,
        234.66666666666666,
        null,
        300.0,
        269.0,
        208.0,
        281.5,
        272.5,
        1000.0,
        189.33333333333334,
        230.66666666666666,
        274.5,
        224.0,
        470.0,
        286.0,
        225.0,
        515.0,
        309.0,
        281.0,
        304.0,
        329.5,
        381.0,
        274.0,
        306.0,
        356.0,
        424.0,
        280.5,
        260.5,
        237.5,
        334.0,
        349.0,
        264.5,
        324.0,
        317.5,
        276.0,
        400.0,
        264.0,
        245.0,
        411.5,
        226.66666666666666,
        265.5,
        205.33333333333334,
        288.0,
        886.0,
        251.5,
        226.0,
        482.0,
        850.0,
        231.0,
        244.0,
        260.0,
        552.0,
        424.5,
        329.0,
        237.0
    ]
}