{
    "steps": [
        10240,
        20480,
        30720,
        40960,
        51200,
        61440,
        71680,
        81920,
        92160,
        102400,
        112640,
        122880,
        133120,
        143360,
        153600,
        163840,
        174080,
        184320,
        194560,
        204800,
        215040,
        225280,
        235520,
        245760,
        256000,
        266240,
        276480,
        286720,
        296960,
        307200,
        317440,
        327680,
        337920,
        348160,
        358400,
        368640,
        378880,
        389120,
        399360,
        409600,
        419840,
        430080,
        440320,
        450560,
        460800,
        471040,
        481280,
        491520,
        501760,
        512000,
        522240,
        532480,
        542720,
        552960,
        563200,
        573440,
        583680,
        593920,
        604160,
        614400,
        624640,
        634880,
        645120,
        655360,
        665600,
        675840,
        686080,
        696320,
        706560,
        716800,
        727040,
        737280,
        747520,
        757760,
        768000,
        778240,
        788480,
        798720,
        808960,
        819200,
        829440,
        839680,
        849920,
        860160,
        870400,
        880640,
        890880,
        901120,
        911360,
        921600,
        931840,
        942080,
        952320,
        962560,
        972800,
        983040,
        993280
    ],
    "avg_episodic_reward": [
        -82.51361536344875,
        -47.89164167208274,
        -86.70568082658284,
        67.0233132144077,
        7.855571557925222,
        -106.7593013898039,
        10.948935732838976,
        -51.7346723178476,
        221.28429159399798,
        123.1940755864692,
        282.8369235549916,
        415.65678006744133,
        204.86850273052235,
        560.7910362411908,
        438.84410498599857,
        757.024711549403,
        706.9571142463369,
        660.1602743851299,
        636.0919618755902,
        727.7623287701629,
        812.2178236237378,
        836.0146178976175,
        387.3340228184897,
        843.5941973112481,
        959.6853663496895,
        1038.0228554043251,
        1025.4339533302386,
        1107.1314253599244,
        1110.0506375689088,
        90.33513023112721,
        1087.3500222363987,
        992.1519127074877,
        1024.5594769367494,
        1192.6346841368816,
        1146.3392816039975,
        1267.6244495686387,
        1277.3628540545951,
        1292.817115864727,
        1203.4284542037776,
        1301.8358114525388,
        1055.008813800075,
        541.8672395866047,
        1354.1475472605125,
        1420.5291869528992,
        1122.8922292594302,
        1618.8596522960067,
        1643.0810816486764,
        1549.7159378658175,
        1658.9265397209542,
        1593.444943128138,
        1724.9474229503633,
        1636.8967409410584,
        1628.064388779207,
        1709.0249716273674,
        1712.9514583831779,
        1882.370834555646,
        1909.5224789492754,
        1877.1400833097582,
        1398.0225235027392,
        1472.4593017066372,
        890.2475719231236,
        1922.3137542465633,
        2028.3023308277275,
        1653.6991137442787,
        1941.2429332745828,
        1481.004661550345,
        2019.445810473921,
        1141.9910100286309,
        1898.1986792248936,
        1258.8658421915502,
        2041.539147548089,
        1971.8125865636525,
        1025.8120737301824,
        1307.136458377542,
        1634.0236078208561,
        1975.3075873202606,
        1786.401815498752,
        2450.90208273527,
        1090.812934494978,
        1606.2319733388813,
        2535.5493418022415,
        2336.183328755841,
        1409.5715988834002,
        2545.688051745875,
        2389.616371627316,
        2649.283279291377,
        2598.6377550407005,
        2623.8238758162333,
        1608.6045691333225,
        1550.8905181013179,
        2241.941719060792,
        1714.0461694648807,
        2256.534075325883,
        2431.1036771623885,
        2769.800335633487,
        2165.001648764294,
        2861.2805011031137
    ],
    "avg_episode_length": [
        1000.0,
        1000.0,
        1000.0,
        1000.0,
        1000.0,
        1000.0,
        1000.0,
        1000.0,
        1000.0,
        1000.0,
        1000.0,
        1000.0,
        1000.0,
        1000.0,
        1000.0,
        1000.0,
        1000.0,
        1000.0,
        1000.0,
        1000.0,
        1000.0,
        1000.0,
        1000.0,
        1000.0,
        1000.0,
        1000.0,
        1000.0,
        1000.0,
        1000.0,
        1000.0,
        1000.0,
        1000.0,
        1000.0,
        1000.0,
        1000.0,
        1000.0,
        1000.0,
        1000.0,
        1000.0,
        1000.0,
        1000.0,
        1000.0,
        1000.0,
        1000.0,
        1000.0,
        1000.0,
        1000.0,
        1000.0,
        1000.0,
        1000.0,
        1000.0,
        1000.0,
        1000.0,
        1000.0,
        1000.0,
        1000.0,
        1000.0,
        1000.0,
        1000.0,
        1000.0,
        1000.0,
        1000.0,
        1000.0,
        1000.0,
        1000.0,
        1000.0,
        1000.0,
        1000.0,
        1000.0,
        1000.0,
        1000.0,
        1000.0,
        1000.0,
        1000.0,
        1000.0,
        1000.0,
        1000.0,
        1000.0,
        1000.0,
        1000.0,
        1000.0,
        1000.0,
        1000.0,
        1000.0,
        1000.0,
        1000.0,
        1000.0,
        1000.0,
        1000.0,
        1000.0,
        1000.0,
        1000.0,
        1000.0,
        1000.0,
        1000.0,
        1000.0,
        1000.0
    ]
}