{
    "steps": [
        10240,
        20480,
        30720,
        40960,
        51200,
        61440,
        71680,
        81920,
        92160,
        102400,
        112640,
        122880,
        133120,
        143360,
        153600,
        163840,
        174080,
        184320,
        194560,
        204800,
        215040,
        225280,
        235520,
        245760,
        256000,
        266240,
        276480,
        286720,
        296960,
        307200,
        317440,
        327680,
        337920,
        348160,
        358400,
        368640,
        378880,
        389120,
        399360,
        409600,
        419840,
        430080,
        440320,
        450560,
        460800,
        471040,
        481280,
        491520,
        501760,
        512000,
        522240,
        532480,
        542720,
        552960,
        563200,
        573440,
        583680,
        593920,
        604160,
        614400,
        624640,
        634880,
        645120,
        655360,
        665600,
        675840,
        686080,
        696320,
        706560,
        716800,
        727040,
        737280,
        747520,
        757760,
        768000,
        778240,
        788480,
        798720,
        808960,
        819200,
        829440,
        839680,
        849920,
        860160,
        870400,
        880640,
        890880,
        901120,
        911360,
        921600,
        931840,
        942080,
        952320,
        962560,
        972800,
        983040,
        993280
    ],
    "avg_episodic_reward": [
        -301.1611348978986,
        -334.6626632946096,
        -311.0149006065516,
        -347.5099537518164,
        -287.7615984866415,
        -321.14977520613814,
        -203.79762055912263,
        -272.9298442537113,
        -177.63994549355118,
        -60.77560983556543,
        13.062206672920302,
        122.2482133612364,
        225.72899512137468,
        370.92795211875614,
        366.03144557393296,
        460.08914180578915,
        459.8877981044162,
        600.3767368071408,
        599.7857936872122,
        544.9752717967342,
        635.1635043436586,
        755.9967154999442,
        775.9566379894871,
        795.8040014336311,
        795.430982750309,
        856.1966844296559,
        891.8932082366797,
        820.10577095824,
        671.3628545073767,
        878.4855893673686,
        944.0495168378307,
        962.1172848318241,
        944.2322443829723,
        940.1863713579967,
        1016.7888237340696,
        1003.871839608347,
        1012.7997992932046,
        960.3607714495867,
        1061.3317712925339,
        1030.341101331302,
        1064.0446423227036,
        1094.7353570297835,
        1100.2576536329461,
        1139.5183141031425,
        1138.193589331578,
        1115.5833061531591,
        1120.69332092056,
        1057.563307518915,
        1130.2348627639972,
        1116.3429876850403,
        1113.374454347682,
        1140.5876561306463,
        1155.4412945213035,
        1010.2968162374073,
        1147.522313150263,
        1250.9372619177466,
        1167.6238306597586,
        1242.1496222902088,
        1227.7073959619497,
        1237.7077773461988,
        1150.802340048626,
        1289.0117432514728,
        1291.535372080839,
        1231.646596993347,
        1253.7226631481153,
        1288.215187019187,
        1187.39972035949,
        1270.8657824589507,
        1289.1378856585488,
        1305.299519253964,
        1296.8793258684545,
        1192.3194207000608,
        1387.6493612238742,
        1214.0834157688587,
        1358.2554886095168,
        1453.3818294171504,
        1378.1033551196679,
        655.2384273087417,
        1346.3371865650397,
        1369.930963405828,
        514.9522060499212,
        593.8440174280134,
        1405.4010747987686,
        1469.4697484833557,
        1454.6679962958592,
        1319.48800318672,
        1381.0432436275878,
        1302.5426577142343,
        1448.0831708540952,
        1408.4398463765197,
        1408.914094955515,
        1392.553894035142,
        559.1890193998876,
        1354.9065523151867,
        1260.470348617001,
        1379.0540540734412,
        1243.8497094314494
    ],
    "avg_episode_length": [
        1000.0,
        1000.0,
        1000.0,
        1000.0,
        1000.0,
        1000.0,
        1000.0,
        1000.0,
        1000.0,
        1000.0,
        1000.0,
        1000.0,
        1000.0,
        1000.0,
        1000.0,
        1000.0,
        1000.0,
        1000.0,
        1000.0,
        1000.0,
        1000.0,
        1000.0,
        1000.0,
        1000.0,
        1000.0,
        1000.0,
        1000.0,
        1000.0,
        1000.0,
        1000.0,
        1000.0,
        1000.0,
        1000.0,
        1000.0,
        1000.0,
        1000.0,
        1000.0,
        1000.0,
        1000.0,
        1000.0,
        1000.0,
        1000.0,
        1000.0,
        1000.0,
        1000.0,
        1000.0,
        1000.0,
        1000.0,
        1000.0,
        1000.0,
        1000.0,
        1000.0,
        1000.0,
        1000.0,
        1000.0,
        1000.0,
        1000.0,
        1000.0,
        1000.0,
        1000.0,
        1000.0,
        1000.0,
        1000.0,
        1000.0,
        1000.0,
        1000.0,
        1000.0,
        1000.0,
        1000.0,
        1000.0,
        1000.0,
        1000.0,
        1000.0,
        1000.0,
        1000.0,
        1000.0,
        1000.0,
        1000.0,
        1000.0,
        1000.0,
        1000.0,
        1000.0,
        1000.0,
        1000.0,
        1000.0,
        1000.0,
        1000.0,
        1000.0,
        1000.0,
        1000.0,
        1000.0,
        1000.0,
        1000.0,
        1000.0,
        1000.0,
        1000.0,
        1000.0
    ]
}