{
    "steps": [
        10642,
        21267,
        31784,
        42914,
        53431,
        63663,
        74260,
        85622,
        96801,
        107794,
        119130,
        129433,
        139951,
        150931,
        162908,
        174724,
        185715,
        197023,
        208017,
        219887,
        232000,
        244180,
        255522,
        267604,
        278506,
        289538,
        300277,
        311436,
        322260,
        333311,
        345071,
        356872,
        368278,
        380533,
        392639,
        402680,
        414531,
        428162,
        439804,
        451306,
        462318,
        475284,
        486359,
        497760,
        509765,
        522263,
        533577,
        545412,
        558555,
        569267,
        579357,
        590977,
        602457,
        614866,
        625801,
        638063,
        650908,
        663961,
        676116,
        688276,
        700020,
        711956,
        723939,
        737727,
        749652,
        761205,
        775944,
        786444,
        797017
    ],
    "avg_episodic_reward": [
        38.301256482823355,
        45.79147640550985,
        116.10420807547007,
        117.17972952554304,
        143.89207721826713,
        192.81250392507897,
        237.06140278003187,
        236.33699419440666,
        237.2704584972278,
        262.1982874698781,
        300.9993362575594,
        255.04994284605172,
        243.6885854372443,
        302.19885032633636,
        312.7621968886464,
        282.23705274624166,
        287.65775998963534,
        313.7712848387783,
        251.01077747586984,
        296.3111443647956,
        313.1669696241545,
        251.49461761570905,
        246.99993833716735,
        248.78044566543898,
        262.6842973071152,
        281.4726605838996,
        255.19151799885287,
        269.50160475569544,
        279.6735884384782,
        311.67152932001227,
        279.01296416174944,
        280.00458050432076,
        276.2017666963895,
        315.54730491491017,
        333.49767559344355,
        290.83183750631343,
        300.06198230093946,
        336.9185418308808,
        268.9408048322766,
        296.08448775494514,
        338.9738297404798,
        272.953476404392,
        303.81083526888466,
        271.48149500646196,
        268.22730145457604,
        304.92152407253343,
        283.1073188184133,
        334.2685403004967,
        244.09565718220853,
        270.5501028177889,
        290.91367261840713,
        316.71557116959355,
        281.5171294256364,
        270.6663994542113,
        317.8762146269157,
        238.0236320232045,
        297.85789516525324,
        254.88369598624502,
        248.3718389093529,
        274.9521480481286,
        253.90068126632235,
        322.94989920802277,
        291.0594110533117,
        350.2849101664458,
        291.43794056332473,
        328.4960118493989,
        345.23418707762914,
        301.4503410253839,
        351.75797133557205
    ],
    "avg_episode_length": [
        67.5625,
        77.0625,
        121.5625,
        125.5625,
        146.125,
        161.0,
        161.5625,
        188.8125,
        170.6875,
        164.6875,
        189.5625,
        162.125,
        169.5625,
        181.375,
        193.3125,
        164.5625,
        186.875,
        196.9375,
        181.125,
        178.5625,
        195.8125,
        184.75,
        149.0625,
        160.375,
        161.875,
        162.375,
        140.8125,
        153.8125,
        164.25,
        190.875,
        206.4375,
        177.4375,
        172.1875,
        211.1875,
        251.3125,
        223.9375,
        211.75,
        237.0625,
        219.25,
        232.0625,
        253.5625,
        223.1875,
        190.9375,
        209.5,
        213.0625,
        257.375,
        228.875,
        251.5,
        206.25,
        207.0,
        206.625,
        232.4375,
        231.1875,
        171.5625,
        199.75,
        167.0,
        185.0625,
        203.3125,
        182.1875,
        160.8125,
        172.5625,
        225.3125,
        189.625,
        238.3125,
        205.4375,
        271.625,
        298.1875,
        217.6875,
        251.625
    ]
}