{
    "steps": [
        10642,
        21267,
        31784,
        42914,
        53431,
        63663,
        74260,
        85622,
        96801,
        107794,
        119130,
        129433,
        139951,
        150931,
        162908,
        174724,
        185715,
        197023,
        208017,
        219887
    ],
    "avg_episodic_reward": [
        38.301256482823355,
        45.79147640550985,
        116.10420807547007,
        117.17972952554304,
        143.89207721826713,
        192.81250392507897,
        237.06140278003187,
        236.33699419440666,
        237.2704584972278,
        262.1982874698781,
        300.9993362575594,
        255.04994284605172,
        243.6885854372443,
        302.19885032633636,
        312.7621968886464,
        282.23705274624166,
        287.65775998963534,
        313.7712848387783,
        251.01077747586984,
        296.3111443647956
    ],
    "avg_episode_length": [
        67.5625,
        77.0625,
        121.5625,
        125.5625,
        146.125,
        161.0,
        161.5625,
        188.8125,
        170.6875,
        164.6875,
        189.5625,
        162.125,
        169.5625,
        181.375,
        193.3125,
        164.5625,
        186.875,
        196.9375,
        181.125,
        178.5625
    ]
}