{
    "steps": [
        16000,
        32000,
        48000,
        64000,
        80000,
        96000,
        112000,
        128000,
        144000,
        160000,
        176000,
        192000,
        208000,
        224000,
        240000,
        256000,
        272000,
        288000,
        304000,
        320000,
        336000,
        352000,
        368000,
        384000,
        400000,
        416000,
        432000,
        448000,
        464000,
        480000,
        496000,
        512000,
        528000,
        544000,
        560000,
        576000,
        592000,
        608000,
        624000,
        640000,
        656000,
        672000,
        688000,
        704000,
        720000,
        736000,
        752000,
        768000,
        784000,
        800000,
        816000,
        832000,
        848000,
        864000,
        880000,
        896000,
        912000,
        928000,
        944000,
        960000,
        976000,
        992000,
        1008000
    ],
    "avg_episodic_reward": [
        -377.3365343414206,
        -417.4408959399401,
        -376.8327785469287,
        -329.70269870522407,
        -347.35877232083067,
        -373.52376696731307,
        -370.42801163009835,
        -368.07143709677337,
        -353.11867303985366,
        -409.17514358518133,
        -348.8447922814126,
        -349.64551932679996,
        -335.1768564646807,
        -337.35776413213847,
        -353.5619824317167,
        -354.3050693261491,
        -341.5886617923786,
        -364.68030483021516,
        -374.5709175534005,
        -350.6096745852338,
        -352.5784539241699,
        -372.31342981848263,
        -352.4316156471275,
        -363.32885469629116,
        -364.1152697222889,
        -347.6971035400614,
        -332.25494632135076,
        -339.6513958148523,
        -366.2353876587248,
        -365.43569393860554,
        -372.9964427078068,
        -365.59254594274216,
        -358.1891622114324,
        -302.62434736995425,
        -355.2317074915785,
        -345.1919080466475,
        -332.292612055628,
        -373.14185611303367,
        -353.78723743000955,
        -335.84277600029463,
        -336.21224822451666,
        -356.3310400006113,
        -363.13812999549384,
        -362.3772266965045,
        -351.73906176085336,
        -330.63562204484697,
        -371.1660477298427,
        -336.718732258296,
        -320.1696719070003,
        -354.4211913111877,
        -359.20102655175117,
        -327.88788254093083,
        -304.4391245966811,
        -365.2964556648658,
        -331.4567938420696,
        -319.3728179642861,
        -351.1176789659479,
        -280.8023021991666,
        -333.982475299606,
        -296.58634553102036,
        -368.7593645906067,
        -305.30196882099165,
        -270.7426803714013
    ],
    "avg_episode_length": [
        1000.0,
        1000.0,
        1000.0,
        1000.0,
        1000.0,
        1000.0,
        1000.0,
        1000.0,
        1000.0,
        1000.0,
        1000.0,
        1000.0,
        1000.0,
        1000.0,
        1000.0,
        1000.0,
        1000.0,
        1000.0,
        1000.0,
        1000.0,
        1000.0,
        1000.0,
        1000.0,
        1000.0,
        1000.0,
        1000.0,
        1000.0,
        1000.0,
        1000.0,
        1000.0,
        1000.0,
        1000.0,
        1000.0,
        1000.0,
        1000.0,
        1000.0,
        1000.0,
        1000.0,
        1000.0,
        1000.0,
        1000.0,
        1000.0,
        1000.0,
        1000.0,
        1000.0,
        1000.0,
        1000.0,
        1000.0,
        1000.0,
        1000.0,
        1000.0,
        1000.0,
        1000.0,
        1000.0,
        1000.0,
        1000.0,
        1000.0,
        1000.0,
        1000.0,
        1000.0,
        1000.0,
        1000.0,
        1000.0
    ]
}