{
    "steps": [
        10240,
        20480,
        30720,
        40960,
        51200,
        61440,
        71680,
        81920,
        92160,
        102400,
        112640,
        122880,
        133120,
        143360,
        153600,
        163840,
        174080,
        184320,
        194560,
        204800,
        215040,
        225280,
        235520,
        245760,
        256000,
        266240,
        276480,
        286720,
        296960,
        307200,
        317440,
        327680,
        337920,
        348160,
        358400,
        368640,
        378880,
        389120,
        399360,
        409600,
        419840,
        430080,
        440320,
        450560,
        460800,
        471040,
        411648,
        421888,
        432128,
        442368,
        452608,
        462848,
        473088,
        483328,
        493568,
        503808,
        514048,
        524288,
        534528,
        544768,
        555008
    ],
    "avg_episodic_reward": [
        -152.3184772640492,
        -88.88531581444664,
        -77.53966219657136,
        20.25718661128188,
        -35.14819567778285,
        -104.2777479181947,
        80.13772081676244,
        -54.415607412784134,
        160.39770260377884,
        249.38142721789407,
        264.6752274905509,
        247.98159573370256,
        207.6078742596816,
        450.7446206399203,
        547.7608463465713,
        241.96785107380026,
        528.6771366576479,
        596.4982516578041,
        640.4281444254855,
        766.2450550202067,
        643.9440595592049,
        739.2588620861782,
        721.6465309233374,
        888.269116118071,
        912.4397367959596,
        963.4040737266845,
        941.9926710165844,
        1055.9386943353313,
        1166.4409227677804,
        1050.4729186059803,
        1064.792188984006,
        1106.6198831934403,
        1156.0965642565511,
        1186.5632301731348,
        1128.2268310396503,
        1096.2989204084975,
        1155.0936823608877,
        1142.0169203465248,
        1205.5465371977562,
        1203.624533882611,
        1266.9158073203362,
        738.6204870816349,
        1185.6087395059153,
        1252.034128919632,
        602.4362973020045,
        1286.3097683586202,
        1224.6318016525884,
        1268.274796560545,
        1238.4477164270236,
        1091.163492746704,
        1331.6812069380553,
        1406.5706402841847,
        510.3881042072593,
        1250.738067814028,
        1321.036470573792,
        1342.7979795106633,
        1352.7462223210166,
        1342.9659775058908,
        1408.1855024540896,
        1289.2085179519006,
        1434.9938093198475
    ],
    "avg_episode_length": [
        1000.0,
        1000.0,
        1000.0,
        1000.0,
        1000.0,
        1000.0,
        1000.0,
        1000.0,
        1000.0,
        1000.0,
        1000.0,
        1000.0,
        1000.0,
        1000.0,
        1000.0,
        1000.0,
        1000.0,
        1000.0,
        1000.0,
        1000.0,
        1000.0,
        1000.0,
        1000.0,
        1000.0,
        1000.0,
        1000.0,
        1000.0,
        1000.0,
        1000.0,
        1000.0,
        1000.0,
        1000.0,
        1000.0,
        1000.0,
        1000.0,
        1000.0,
        1000.0,
        1000.0,
        1000.0,
        1000.0,
        1000.0,
        1000.0,
        1000.0,
        1000.0,
        1000.0,
        1000.0,
        1000.0,
        1000.0,
        1000.0,
        1000.0,
        1000.0,
        1000.0,
        1000.0,
        1000.0,
        1000.0,
        1000.0,
        1000.0,
        1000.0,
        1000.0,
        1000.0,
        1000.0
    ]
}