{
    "steps": [
        64000,
        128000,
        192000,
        256000,
        320000,
        384000,
        448000,
        512000,
        576000,
        640000,
        704000,
        768000,
        832000,
        896000,
        960000,
        1024000
    ],
    "avg_episodic_reward": [
        -4.6917629067281705,
        2.0958943796618605,
        12.467159526297904,
        22.519133414810376,
        31.74574900961632,
        43.62635514396304,
        50.41012761776726,
        58.48531583203554,
        61.182192938356515,
        60.25224763814993,
        63.70191229238387,
        69.30825955200166,
        70.65441740437578,
        76.28302207780663,
        73.57928093318117,
        82.94241297553793
    ],
    "avg_episode_length": [
        1000.0,
        1000.0,
        1000.0,
        1000.0,
        1000.0,
        1000.0,
        1000.0,
        1000.0,
        1000.0,
        1000.0,
        1000.0,
        1000.0,
        1000.0,
        1000.0,
        1000.0,
        1000.0
    ]
}