{
    "steps": [
        10240,
        20480,
        30720,
        40960,
        51200,
        61440,
        71680,
        81920,
        92160,
        102400
    ],
    "avg_episodic_reward": [
        23.907442702211505,
        21.650618114042118,
        32.983267976966985,
        34.89213602160848,
        36.213504676551096,
        37.24169737886827,
        34.76359029208999,
        34.48534996360793,
        39.44899812704756,
        38.92263095061384
    ],
    "avg_episode_length": [
        1000.0,
        1000.0,
        1000.0,
        1000.0,
        1000.0,
        1000.0,
        1000.0,
        1000.0,
        1000.0,
        1000.0
    ]
}