{
    "steps": [
        10240,
        20480,
        30720,
        40960,
        51200,
        61440,
        71680,
        81920,
        92160,
        102400,
        112640,
        122880,
        133120,
        143360,
        153600,
        163840,
        174080,
        184320,
        194560,
        204800,
        215040,
        225280,
        235520,
        245760,
        256000,
        266240,
        276480,
        286720,
        296960,
        307200,
        317440,
        327680,
        337920,
        348160,
        358400,
        368640,
        378880,
        389120,
        399360,
        409600,
        419840,
        430080,
        440320,
        450560,
        460800,
        471040,
        481280,
        491520,
        501760,
        512000,
        522240,
        532480,
        542720,
        552960,
        563200,
        573440,
        583680,
        593920,
        604160,
        614400,
        624640,
        634880,
        645120,
        655360,
        665600,
        675840,
        686080,
        696320,
        706560,
        716800,
        727040,
        737280,
        747520,
        757760,
        768000,
        778240,
        788480,
        798720,
        808960,
        819200,
        829440,
        839680,
        849920,
        860160,
        870400,
        880640,
        890880,
        901120,
        911360,
        921600,
        931840,
        942080,
        952320,
        962560,
        972800,
        983040,
        993280
    ],
    "avg_episodic_reward": [
        -211.5248533750118,
        -54.14976126571363,
        -133.57971205901478,
        -17.139559392499798,
        44.100484797858535,
        64.86377684450665,
        29.094691462881457,
        243.8068373256766,
        326.8969932936787,
        418.1104010091634,
        471.1055849878545,
        535.8381632353176,
        501.4797249415096,
        621.814829170149,
        657.3219844093726,
        671.9044657256263,
        878.2250561153735,
        797.7788099586189,
        910.9550198212627,
        962.8408949636291,
        989.1145293896724,
        949.5022148439151,
        956.2638128667734,
        873.7972947653736,
        1028.8007180567029,
        1121.3141819621037,
        985.9288849372591,
        388.5702574057076,
        1090.9239066705795,
        1107.6326679174272,
        1145.0372709705944,
        1273.8208705685033,
        1255.3508931174624,
        1356.6465325611457,
        457.8938828202226,
        1267.024999896833,
        1186.6358574921142,
        1298.0113746057623,
        1364.520661790611,
        1421.3167078726506,
        1493.776044949661,
        1472.0082761502338,
        1509.023980843759,
        1369.3804411943156,
        1573.7924922288682,
        1338.2131182227197,
        1632.4806636095564,
        1757.0607873283661,
        1670.3133021519548,
        1777.9138060811167,
        1720.9615844697282,
        1882.4700040894484,
        1380.4707194657508,
        1878.2269989483973,
        1933.7048234577069,
        1971.065893935396,
        2042.7085884080193,
        2027.7426779871935,
        1105.0498712459714,
        2209.1536183499643,
        1034.2217387756857,
        1138.4226681942646,
        2289.9974092489724,
        2245.685550593054,
        2239.044501524109,
        2252.217276345448,
        2363.5821449706054,
        2519.517451734473,
        1771.2198472392552,
        1120.3298511271853,
        2523.1912113465883,
        1050.3363036802934,
        2223.7002827043734,
        2543.5239829845978,
        2570.0154544190605,
        2660.776188720577,
        2618.397153312668,
        2582.7810220926963,
        2586.535491531852,
        2553.306886216319,
        1069.548467491225,
        2058.5814686712683,
        2618.783877326219,
        2653.2151392667274,
        2143.2911496673273,
        1533.9195831487564,
        2740.908355409976,
        2626.594547721409,
        1877.7621007207417,
        2071.5981488059624,
        1335.6648901199737,
        2142.6005561027287,
        2818.470124806883,
        2871.1749406945723,
        2648.3667711147723,
        2719.5400561415013,
        2716.4393021998376
    ],
    "avg_episode_length": [
        1000.0,
        1000.0,
        1000.0,
        1000.0,
        1000.0,
        1000.0,
        1000.0,
        1000.0,
        1000.0,
        1000.0,
        1000.0,
        1000.0,
        1000.0,
        1000.0,
        1000.0,
        1000.0,
        1000.0,
        1000.0,
        1000.0,
        1000.0,
        1000.0,
        1000.0,
        1000.0,
        1000.0,
        1000.0,
        1000.0,
        1000.0,
        1000.0,
        1000.0,
        1000.0,
        1000.0,
        1000.0,
        1000.0,
        1000.0,
        1000.0,
        1000.0,
        1000.0,
        1000.0,
        1000.0,
        1000.0,
        1000.0,
        1000.0,
        1000.0,
        1000.0,
        1000.0,
        1000.0,
        1000.0,
        1000.0,
        1000.0,
        1000.0,
        1000.0,
        1000.0,
        1000.0,
        1000.0,
        1000.0,
        1000.0,
        1000.0,
        1000.0,
        1000.0,
        1000.0,
        1000.0,
        1000.0,
        1000.0,
        1000.0,
        1000.0,
        1000.0,
        1000.0,
        1000.0,
        1000.0,
        1000.0,
        1000.0,
        1000.0,
        1000.0,
        1000.0,
        1000.0,
        1000.0,
        1000.0,
        1000.0,
        1000.0,
        1000.0,
        1000.0,
        1000.0,
        1000.0,
        1000.0,
        1000.0,
        1000.0,
        1000.0,
        1000.0,
        1000.0,
        1000.0,
        1000.0,
        1000.0,
        1000.0,
        1000.0,
        1000.0,
        1000.0,
        1000.0
    ]
}