{
    "steps": [
        10243,
        21861,
        33640,
        48655,
        60442,
        74197,
        89511,
        107721,
        128181,
        139983,
        153834,
        168950,
        184813,
        201098,
        220348,
        241203,
        264187,
        289342,
        321590,
        354780,
        391839,
        437906,
        489574,
        538490,
        595233,
        656210,
        717788,
        780470,
        843154,
        906246,
        969835,
        1026873
    ],
    "avg_episodic_reward": [
        38.068090893400154,
        84.07454274574528,
        101.22714871695406,
        136.25899667431065,
        168.4488319505778,
        194.68360034333267,
        214.04383985774194,
        231.38094251078212,
        267.71532107074086,
        286.194797551719,
        326.19842852650504,
        319.35846230993127,
        332.1797155769834,
        370.251326995046,
        407.92096397338696,
        439.099352485734,
        470.60164980359684,
        526.0991833505436,
        651.809025999647,
        589.7689157358316,
        703.4163572890805,
        823.955538981689,
        876.0117112084481,
        904.0935754746092,
        940.3944245165786,
        1037.5827416803654,
        1040.7814663493289,
        1022.4741211760722,
        1036.9311918657384,
        1034.636313432473,
        1061.1865466013548,
        1027.988231991589
    ],
    "avg_episode_length": [
        31.6875,
        54.25,
        60.34375,
        81.328125,
        96.0625,
        111.6875,
        121.3125,
        146.09375,
        167.328125,
        184.40625,
        216.421875,
        236.1875,
        247.859375,
        254.453125,
        300.78125,
        325.859375,
        359.125,
        393.046875,
        503.875,
        518.59375,
        579.046875,
        719.796875,
        807.3125,
        764.3125,
        886.609375,
        952.765625,
        962.15625,
        979.40625,
        979.4375,
        985.8125,
        993.578125,
        891.21875
    ]
}