{
    "steps": [
        10240,
        20480,
        30720,
        40960,
        51200,
        61440,
        71680,
        81920,
        92160,
        102400,
        112640,
        122880,
        133120,
        143360,
        153600,
        163840,
        174080,
        184320,
        194560,
        204800,
        215040,
        225280,
        235520,
        245760,
        256000,
        266240,
        276480,
        286720,
        296960,
        307200,
        317440,
        327680,
        337920,
        348160,
        358400,
        368640,
        378880,
        389120,
        399360,
        409600,
        419840,
        430080,
        440320,
        450560,
        460800,
        471040,
        481280,
        491520,
        501760,
        512000,
        522240,
        532480,
        542720,
        552960,
        563200,
        573440,
        583680,
        593920,
        604160,
        614400,
        624640,
        634880,
        645120,
        655360,
        665600,
        675840,
        686080,
        696320,
        706560,
        716800,
        727040,
        737280,
        747520,
        757760,
        768000,
        778240,
        788480,
        798720,
        808960,
        819200,
        829440,
        839680,
        849920,
        860160,
        870400,
        880640,
        890880,
        901120,
        911360,
        921600,
        931840,
        942080,
        952320,
        962560,
        972800,
        983040,
        993280
    ],
    "avg_episodic_reward": [
        -131.75191563358266,
        -135.87361441286947,
        66.70673505375237,
        -34.59896454163105,
        79.06718341275288,
        84.33639596506787,
        204.4216030105248,
        297.0009381876009,
        149.38787476743727,
        171.22282917452856,
        377.3390088613642,
        -70.88182870386956,
        657.8795043199884,
        372.9008583682881,
        600.0785876883613,
        363.8293268409059,
        384.95473330233733,
        355.0183334128053,
        943.3501089562155,
        435.03874568952426,
        749.3056639348507,
        809.2698191648102,
        507.3632991743283,
        757.6955177694138,
        980.6173108974526,
        904.9056378567741,
        1009.8275298862875,
        1051.7120069327207,
        772.5447515972326,
        998.8542378415073,
        1017.8128300804319,
        1040.4740162023677,
        1119.5477552555546,
        1048.915806693906,
        621.2282327635587,
        825.2727707753255,
        1209.006004896889,
        877.6479328438733,
        1264.3566723208128,
        592.2586109163954,
        1314.79540722381,
        1285.7259326277044,
        1259.0065170223615,
        1282.5262264344694,
        1265.867891249291,
        1275.177581207132,
        1452.241942539355,
        1260.2203421131524,
        1291.6277601003922,
        1464.1622929100756,
        1500.34773363045,
        1201.539161588175,
        1329.2795862194932,
        1373.5171865474156,
        1475.9298728164372,
        1352.815532309136,
        1573.6515446092167,
        1485.9953831954253,
        1423.157267480391,
        1483.4148178720343,
        1379.7873193725532,
        1516.3555660072961,
        1537.3697797631671,
        1430.37153953808,
        1537.6867890295043,
        1470.6314495928114,
        1553.0352867256156,
        1610.7622875798484,
        1588.8540470369562,
        1704.683724720545,
        1727.749304230523,
        1527.0082528078374,
        1719.4169257964236,
        1601.1729649227248,
        1813.1187428176615,
        1621.6131995116943,
        1697.5556707754695,
        1675.3700614212428,
        1799.9878906364884,
        1779.1291456223885,
        1792.8596068838192,
        1799.191269100319,
        1694.6781871084038,
        1891.1912947876401,
        1828.8825210490381,
        1936.3421562525114,
        2017.319469848645,
        1836.9766061261932,
        1836.6212384883358,
        1930.5631776849343,
        1927.9238789687715,
        1930.5337522920818,
        1682.2617806299713,
        1924.7489112128094,
        1881.5348137857413,
        1263.2379670440275,
        1846.1676260373038
    ],
    "avg_episode_length": [
        1000.0,
        1000.0,
        1000.0,
        1000.0,
        1000.0,
        1000.0,
        1000.0,
        1000.0,
        1000.0,
        1000.0,
        1000.0,
        1000.0,
        1000.0,
        1000.0,
        1000.0,
        1000.0,
        1000.0,
        1000.0,
        1000.0,
        1000.0,
        1000.0,
        1000.0,
        1000.0,
        1000.0,
        1000.0,
        1000.0,
        1000.0,
        1000.0,
        1000.0,
        1000.0,
        1000.0,
        1000.0,
        1000.0,
        1000.0,
        1000.0,
        1000.0,
        1000.0,
        1000.0,
        1000.0,
        1000.0,
        1000.0,
        1000.0,
        1000.0,
        1000.0,
        1000.0,
        1000.0,
        1000.0,
        1000.0,
        1000.0,
        1000.0,
        1000.0,
        1000.0,
        1000.0,
        1000.0,
        1000.0,
        1000.0,
        1000.0,
        1000.0,
        1000.0,
        1000.0,
        1000.0,
        1000.0,
        1000.0,
        1000.0,
        1000.0,
        1000.0,
        1000.0,
        1000.0,
        1000.0,
        1000.0,
        1000.0,
        1000.0,
        1000.0,
        1000.0,
        1000.0,
        1000.0,
        1000.0,
        1000.0,
        1000.0,
        1000.0,
        1000.0,
        1000.0,
        1000.0,
        1000.0,
        1000.0,
        1000.0,
        1000.0,
        1000.0,
        1000.0,
        1000.0,
        1000.0,
        1000.0,
        1000.0,
        1000.0,
        1000.0,
        1000.0,
        1000.0
    ]
}