{
    "steps": [
        10240,
        20480,
        30720,
        40960,
        51200,
        61440,
        71680,
        81920,
        92160,
        102400,
        112640,
        122880,
        133120,
        143360,
        153600,
        163840,
        174080,
        184320,
        194560,
        204800,
        215040,
        225280,
        235520,
        245760,
        256000,
        266240,
        276480,
        286720,
        296960,
        307200,
        317440,
        327680,
        337920,
        348160,
        358400,
        368640,
        378880,
        389120,
        399360,
        409600,
        419840,
        430080,
        440320,
        450560,
        460800,
        471040,
        481280,
        491520,
        501760,
        512000,
        522240,
        532480,
        542720,
        552960,
        563200,
        573440,
        583680,
        593920,
        604160,
        614400,
        624640,
        634880,
        645120,
        655360,
        665600,
        675840,
        686080,
        696320,
        706560,
        716800,
        727040,
        737280,
        747520,
        757760,
        768000,
        778240,
        788480,
        798720,
        808960,
        819200,
        829440,
        839680,
        849920,
        860160,
        870400,
        880640,
        890880,
        901120,
        911360,
        921600,
        931840,
        942080,
        952320,
        962560,
        972800,
        983040,
        993280
    ],
    "avg_episodic_reward": [
        -99.097596571761,
        -66.87612702060763,
        -101.41973511822667,
        130.88050046179302,
        17.516764015999627,
        192.6035892287896,
        242.22024721165292,
        329.3212621743868,
        297.69046405417004,
        236.58311903672674,
        470.41991461796965,
        413.41638093499716,
        558.9888682517276,
        738.0814017213363,
        693.7141487364864,
        708.1715399740691,
        737.0307574147164,
        512.0375308241775,
        751.5298862198621,
        569.3745629909245,
        947.3563424342783,
        976.1696633667767,
        1007.8471718013541,
        1000.0865759956012,
        1135.6805737015377,
        1066.888017232041,
        841.3055234790368,
        1156.783588137875,
        900.6004961767356,
        1096.106279929695,
        1167.5341340538898,
        1140.60728904021,
        1201.570809600103,
        1252.6914256806635,
        758.9401675177928,
        1261.6838811761554,
        1066.1317647140495,
        1381.2078821245727,
        1350.3231384353767,
        1405.7317205855893,
        1445.2665299887667,
        1353.819217410407,
        1586.2185438077381,
        1379.9908320468562,
        1457.0963210955456,
        1024.3648019420732,
        1462.225809467376,
        1483.99014822064,
        1623.9481911646744,
        1744.244053405174,
        1455.63061118913,
        1723.8415799226846,
        1462.226032968727,
        1556.9804458925003,
        1782.3606993636454,
        1705.5472034374866,
        1670.248525785545,
        1785.7536963804337,
        1078.1211023586661,
        1176.7143624933394,
        1851.7975473803544,
        1819.736495606294,
        1966.0187440067584,
        1995.8562091361437,
        1999.413246333261,
        1936.7851023108892,
        2058.0008272651735,
        2038.7997092859346,
        2111.380870278024,
        2134.8538199160957,
        2132.446917257872,
        2261.7821127635607,
        1421.535216783424,
        443.6865471715243,
        2293.024367725066,
        2275.1842344603388,
        2109.974508366633,
        2317.67238512949,
        2385.450781472193,
        2371.1029077778785,
        2306.500144600618,
        2377.937488734275,
        2170.656409341057,
        2447.9999132801368,
        2410.770093928886,
        2403.7274837994546,
        2452.807694709535,
        2548.755078710211,
        2502.1585618199815,
        2536.4552020290735,
        2601.0389228220383,
        2627.710672335389,
        1635.2137981268233,
        2425.2985889465244,
        1428.9527248687834,
        2076.818330436386,
        2744.1361120254337
    ],
    "avg_episode_length": [
        1000.0,
        1000.0,
        1000.0,
        1000.0,
        1000.0,
        1000.0,
        1000.0,
        1000.0,
        1000.0,
        1000.0,
        1000.0,
        1000.0,
        1000.0,
        1000.0,
        1000.0,
        1000.0,
        1000.0,
        1000.0,
        1000.0,
        1000.0,
        1000.0,
        1000.0,
        1000.0,
        1000.0,
        1000.0,
        1000.0,
        1000.0,
        1000.0,
        1000.0,
        1000.0,
        1000.0,
        1000.0,
        1000.0,
        1000.0,
        1000.0,
        1000.0,
        1000.0,
        1000.0,
        1000.0,
        1000.0,
        1000.0,
        1000.0,
        1000.0,
        1000.0,
        1000.0,
        1000.0,
        1000.0,
        1000.0,
        1000.0,
        1000.0,
        1000.0,
        1000.0,
        1000.0,
        1000.0,
        1000.0,
        1000.0,
        1000.0,
        1000.0,
        1000.0,
        1000.0,
        1000.0,
        1000.0,
        1000.0,
        1000.0,
        1000.0,
        1000.0,
        1000.0,
        1000.0,
        1000.0,
        1000.0,
        1000.0,
        1000.0,
        1000.0,
        1000.0,
        1000.0,
        1000.0,
        1000.0,
        1000.0,
        1000.0,
        1000.0,
        1000.0,
        1000.0,
        1000.0,
        1000.0,
        1000.0,
        1000.0,
        1000.0,
        1000.0,
        1000.0,
        1000.0,
        1000.0,
        1000.0,
        1000.0,
        1000.0,
        1000.0,
        1000.0,
        1000.0
    ]
}