{
    "steps": [
        10210,
        20222,
        30511,
        41038,
        51787,
        62824,
        72937,
        83308,
        94759,
        105118,
        115906,
        127070,
        138973,
        149093,
        159576,
        170205,
        181684,
        193436,
        205408,
        215748,
        227891,
        238864,
        249503,
        261338,
        274251,
        284413,
        297100,
        310785,
        325709,
        336768,
        346927,
        359587,
        371602,
        387323,
        402054,
        419288,
        436495,
        457557,
        470395,
        492790,
        505844,
        520447,
        537449,
        551931,
        569348,
        585513,
        600878,
        619958,
        639368,
        655854,
        673000,
        694642,
        717613,
        743840,
        775040,
        807007,
        841366,
        879375,
        921670,
        965774,
        1014632
    ],
    "avg_episodic_reward": [
        102.82391737874472,
        113.77589014038642,
        135.24090459291472,
        155.8128991415017,
        156.7173010506116,
        197.09222738729108,
        219.12932897941025,
        234.37978263342046,
        237.9653921437582,
        251.17017173155546,
        266.02229509055996,
        280.06366599287236,
        309.69549170573123,
        309.00565269243776,
        340.68173368267287,
        324.5127089112285,
        312.99317734650833,
        339.84756629204435,
        344.1786199781265,
        383.6831550566643,
        355.0031673320217,
        401.7386825403272,
        392.5262080156349,
        468.54785528736085,
        520.0412539399767,
        515.8391496764211,
        600.3571560074115,
        678.7773495440895,
        839.5220919189119,
        827.3847738991233,
        773.9437550582857,
        957.0677744437717,
        871.3468389707632,
        1174.5635754035825,
        1213.2358310576933,
        1407.5700600339992,
        1335.2147629213127,
        1725.552580632674,
        1869.0507960666844,
        1818.5915466557176,
        1900.838601141008,
        2126.6973620297413,
        2476.4410484100054,
        2109.143594033621,
        2537.1745844172156,
        2354.116177669995,
        2238.081534903351,
        2780.6952350731062,
        2828.40263361242,
        2402.275912908854,
        2498.663508110519,
        3154.5512986581684,
        3348.450430597777,
        3823.440173391202,
        4549.8062585069165,
        4661.431396359871,
        5010.953732997714,
        5543.80034503193,
        6169.509786427571,
        6433.58340015179,
        7127.622564453887
    ],
    "avg_episode_length": [
        11.15625,
        12.328125,
        14.640625,
        16.875,
        16.984375,
        21.359375,
        23.71875,
        25.359375,
        25.75,
        27.171875,
        28.78125,
        30.265625,
        33.4375,
        33.375,
        36.75,
        35.03125,
        33.78125,
        36.671875,
        37.125,
        41.375,
        38.265625,
        43.296875,
        42.28125,
        50.4375,
        55.96875,
        55.515625,
        64.578125,
        72.984375,
        90.21875,
        88.96875,
        83.203125,
        102.828125,
        93.640625,
        126.140625,
        130.28125,
        151.140625,
        143.359375,
        185.1875,
        200.59375,
        195.15625,
        203.96875,
        228.171875,
        265.65625,
        226.28125,
        272.140625,
        252.578125,
        240.078125,
        298.125,
        303.28125,
        257.59375,
        267.90625,
        338.15625,
        358.921875,
        409.796875,
        487.5,
        499.484375,
        536.859375,
        593.890625,
        660.859375,
        689.125,
        763.40625
    ]
}