{
    "steps": [
        16000,
        32000,
        48000,
        64000,
        80000,
        96000,
        112000,
        128000,
        144000,
        160000,
        176000,
        192000,
        208000,
        224000,
        240000,
        256000,
        272000,
        288000,
        304000,
        320000,
        336000,
        352000,
        368000,
        384000,
        400000,
        416000,
        432000,
        448000,
        464000,
        480000,
        496000,
        512000,
        528000,
        544000,
        560000,
        576000,
        592000,
        608000,
        624000,
        640000,
        656000,
        672000,
        688000,
        704000,
        720000,
        736000,
        752000,
        768000,
        784000,
        800000,
        816000,
        832000,
        848000,
        864000,
        880000,
        896000,
        912000,
        928000,
        944000,
        960000,
        976000,
        992000,
        1008000
    ],
    "avg_episodic_reward": [
        -3.5411808451213194,
        1.697982358521307,
        13.882773661605047,
        7.5874288358307975,
        19.87585267712593,
        27.986793968538024,
        30.892157638220624,
        35.53885983227242,
        36.4955623092317,
        42.02364182122941,
        42.898208955396456,
        41.76898090349511,
        42.606032516689574,
        52.09869344188399,
        44.311573125833576,
        55.63673649261466,
        50.035249548806206,
        52.54797904003496,
        53.17994252174546,
        55.18996027467824,
        57.54056642385876,
        69.2442011526156,
        58.820243314664566,
        64.1497339180535,
        61.77232815122113,
        58.86941714813976,
        64.97913334502458,
        63.97993520135704,
        69.36579427205947,
        67.64977886245379,
        60.08899877052947,
        71.89866404735955,
        64.52429333152222,
        64.243947438595,
        65.66732136403269,
        68.44239405953732,
        74.8687861372386,
        72.13240008762344,
        74.90141006288238,
        72.28332471921354,
        79.02356981914653,
        76.76482559636572,
        76.18966756138406,
        70.60109780563965,
        83.82891918838405,
        75.04063388418025,
        65.13566977279358,
        76.46056355289934,
        86.06516738405708,
        80.16992834662929,
        86.65890332920272,
        73.9126991111699,
        84.48078194632008,
        89.16929040798846,
        85.52663231783643,
        91.17421023495405,
        80.96639556613792,
        92.42824215642476,
        100.9580694777925,
        101.48431563005992,
        93.08498428792052,
        94.31054364704059,
        92.83453007785886
    ],
    "avg_episode_length": [
        1000.0,
        1000.0,
        1000.0,
        1000.0,
        1000.0,
        1000.0,
        1000.0,
        1000.0,
        1000.0,
        1000.0,
        1000.0,
        1000.0,
        1000.0,
        1000.0,
        1000.0,
        1000.0,
        1000.0,
        1000.0,
        1000.0,
        1000.0,
        1000.0,
        1000.0,
        1000.0,
        1000.0,
        1000.0,
        1000.0,
        1000.0,
        1000.0,
        1000.0,
        1000.0,
        1000.0,
        1000.0,
        1000.0,
        1000.0,
        1000.0,
        1000.0,
        1000.0,
        1000.0,
        1000.0,
        1000.0,
        1000.0,
        1000.0,
        1000.0,
        1000.0,
        1000.0,
        1000.0,
        1000.0,
        1000.0,
        1000.0,
        1000.0,
        1000.0,
        1000.0,
        1000.0,
        1000.0,
        1000.0,
        1000.0,
        1000.0,
        1000.0,
        1000.0,
        1000.0,
        1000.0,
        1000.0,
        1000.0
    ]
}