{
    "steps": [
        16000,
        32000,
        48000,
        64000,
        80000,
        96000,
        112000,
        128000,
        144000,
        160000,
        176000,
        192000,
        208000,
        224000,
        240000,
        256000,
        272000,
        288000,
        304000,
        320000,
        336000,
        352000,
        368000,
        384000,
        400000,
        416000,
        432000,
        448000,
        464000,
        480000,
        496000,
        512000,
        528000,
        544000,
        560000,
        576000,
        592000,
        608000,
        624000,
        640000,
        656000,
        672000,
        688000,
        704000,
        720000,
        736000,
        752000,
        768000,
        784000,
        800000,
        816000,
        832000,
        848000,
        864000,
        880000,
        896000,
        912000,
        928000,
        944000,
        960000,
        976000,
        992000,
        1008000
    ],
    "avg_episodic_reward": [
        -387.91760844214224,
        -339.1410914740619,
        -344.43554096685216,
        -362.8177970031693,
        -357.32098727430116,
        -359.3060050263319,
        -332.66838645600956,
        -363.74746869069,
        -352.9759929198474,
        -352.7718210331156,
        -356.0687999439946,
        -343.7387812599082,
        -380.3755296459674,
        -340.1682414243202,
        -332.290846081373,
        -348.08223084397935,
        -331.0670605338197,
        -330.48874673842874,
        -319.81552198382064,
        -316.0911750099178,
        -356.72264163906806,
        -317.50820243309073,
        -324.4084956936921,
        -319.5934651115673,
        -341.77157929863483,
        -332.55538002717446,
        -290.4677339357537,
        -288.60394643047573,
        -303.04248359440123,
        -308.79659401594876,
        -306.6371814732613,
        -315.04329750315947,
        -317.56521574660724,
        -327.4778112199622,
        -292.31350493298953,
        -325.86652398139006,
        -292.33050152029864,
        -340.13828961891807,
        -284.70142956447717,
        -309.00078927589584,
        -298.8277458975046,
        -297.207759116884,
        -315.30721403481436,
        -294.07390088715545,
        -321.7045999608771,
        -279.53950676585964,
        -304.2733669055359,
        -285.7670329539265,
        -346.1488166246702,
        -287.59435949828605,
        -277.5555452587183,
        -305.6726737143737,
        -274.30540628413,
        -299.9095944840674,
        -294.0509378903297,
        -242.3874577278763,
        -286.1437268676346,
        -228.2213974294837,
        -259.2452273186371,
        -266.5132940121581,
        -304.3902414009267,
        -314.9242212867606,
        -230.89509149285522
    ],
    "avg_episode_length": [
        1000.0,
        1000.0,
        1000.0,
        1000.0,
        1000.0,
        1000.0,
        1000.0,
        1000.0,
        1000.0,
        1000.0,
        1000.0,
        1000.0,
        1000.0,
        1000.0,
        1000.0,
        1000.0,
        1000.0,
        1000.0,
        1000.0,
        1000.0,
        1000.0,
        1000.0,
        1000.0,
        1000.0,
        1000.0,
        1000.0,
        1000.0,
        1000.0,
        1000.0,
        1000.0,
        1000.0,
        1000.0,
        1000.0,
        1000.0,
        1000.0,
        1000.0,
        1000.0,
        1000.0,
        1000.0,
        1000.0,
        1000.0,
        1000.0,
        1000.0,
        1000.0,
        1000.0,
        1000.0,
        1000.0,
        1000.0,
        1000.0,
        1000.0,
        1000.0,
        1000.0,
        1000.0,
        1000.0,
        1000.0,
        1000.0,
        1000.0,
        1000.0,
        1000.0,
        1000.0,
        1000.0,
        1000.0,
        1000.0
    ]
}