{
    "steps": [
        10240,
        20480,
        30720,
        40960,
        51200,
        61440,
        71680,
        81920,
        92160,
        102400,
        112640,
        122880,
        133120,
        143360,
        153600,
        163840,
        174080,
        184320,
        194560,
        204800,
        215040,
        225280,
        235520,
        245760,
        256000,
        266240,
        276480,
        286720,
        296960,
        307200,
        317440,
        327680,
        337920,
        348160,
        358400,
        368640,
        378880,
        389120,
        399360,
        409600,
        419840,
        430080,
        440320,
        450560,
        460800,
        471040,
        481280,
        491520,
        501760,
        512000,
        522240,
        532480,
        542720,
        552960,
        563200,
        573440,
        583680,
        593920,
        604160,
        614400,
        624640,
        634880,
        645120,
        655360,
        665600,
        675840,
        686080,
        696320,
        706560,
        716800,
        727040,
        737280,
        747520,
        757760,
        768000,
        778240,
        788480,
        798720,
        808960,
        819200,
        829440,
        839680,
        849920,
        860160,
        870400,
        880640,
        890880,
        901120,
        911360,
        921600,
        931840,
        942080,
        952320,
        962560,
        972800,
        983040,
        993280
    ],
    "avg_episodic_reward": [
        -299.2211236415885,
        -408.14545790688544,
        -337.493857037181,
        -260.07137402538893,
        -393.4804646158766,
        -336.2539353593021,
        -326.773488493521,
        -287.6762782562257,
        -299.6149242766755,
        -200.92065637509273,
        -196.80454051011276,
        -197.72894827105725,
        -263.366185864804,
        -268.14876188760417,
        -155.5518572044956,
        -164.3412219475008,
        -49.6729852646432,
        -130.10551432165255,
        34.72668341228703,
        138.16564886270646,
        190.02997713351897,
        333.2125633630208,
        289.9894039929584,
        336.7581710795006,
        487.9608560979186,
        347.326614275275,
        461.6940150011676,
        406.10485732038705,
        393.78796029510346,
        585.2166332224351,
        572.7461542751352,
        509.18028024956993,
        658.5161369761245,
        651.767494448276,
        693.4423559925508,
        718.3643251922316,
        705.6125404727354,
        710.5602962282883,
        739.3311076814537,
        749.3668815401837,
        757.8658395447596,
        769.5060479278641,
        808.173667221365,
        711.1524449204932,
        763.9247102593978,
        848.1756448376353,
        468.47217866668086,
        685.66303946319,
        862.5571323078448,
        851.5491723646255,
        893.9547906437974,
        775.0329234803725,
        362.58264292322656,
        897.9583525510415,
        928.5013993037386,
        786.3562394467624,
        855.0737024226532,
        916.7730926781496,
        842.5589075280006,
        964.8004552969226,
        873.0526009727732,
        1047.1990580053316,
        998.1770732695311,
        935.1344881094317,
        1047.3674217465045,
        1036.1556823487963,
        980.9963183843295,
        1039.0929950367902,
        1010.2959572440984,
        1084.3561641240233,
        1010.1554834797022,
        892.5844621792952,
        968.9751506709367,
        1067.4199973535196,
        1027.401436826657,
        1022.424880216219,
        985.6020749530944,
        1082.669410451049,
        1110.9541470175368,
        1140.541915316664,
        1014.0167709449888,
        428.57879773193133,
        1083.507932522437,
        1123.388109172398,
        1175.3318154151073,
        1102.9103335189932,
        1180.8774785015785,
        1160.7435257479997,
        1237.4664901994993,
        1192.5881572293747,
        1189.9169458673944,
        1218.2849637485028,
        415.7429034243224,
        1175.1119842490193,
        1195.5767419399942,
        1175.9084069668725,
        1146.9709835610756
    ],
    "avg_episode_length": [
        1000.0,
        1000.0,
        1000.0,
        1000.0,
        1000.0,
        1000.0,
        1000.0,
        1000.0,
        1000.0,
        1000.0,
        1000.0,
        1000.0,
        1000.0,
        1000.0,
        1000.0,
        1000.0,
        1000.0,
        1000.0,
        1000.0,
        1000.0,
        1000.0,
        1000.0,
        1000.0,
        1000.0,
        1000.0,
        1000.0,
        1000.0,
        1000.0,
        1000.0,
        1000.0,
        1000.0,
        1000.0,
        1000.0,
        1000.0,
        1000.0,
        1000.0,
        1000.0,
        1000.0,
        1000.0,
        1000.0,
        1000.0,
        1000.0,
        1000.0,
        1000.0,
        1000.0,
        1000.0,
        1000.0,
        1000.0,
        1000.0,
        1000.0,
        1000.0,
        1000.0,
        1000.0,
        1000.0,
        1000.0,
        1000.0,
        1000.0,
        1000.0,
        1000.0,
        1000.0,
        1000.0,
        1000.0,
        1000.0,
        1000.0,
        1000.0,
        1000.0,
        1000.0,
        1000.0,
        1000.0,
        1000.0,
        1000.0,
        1000.0,
        1000.0,
        1000.0,
        1000.0,
        1000.0,
        1000.0,
        1000.0,
        1000.0,
        1000.0,
        1000.0,
        1000.0,
        1000.0,
        1000.0,
        1000.0,
        1000.0,
        1000.0,
        1000.0,
        1000.0,
        1000.0,
        1000.0,
        1000.0,
        1000.0,
        1000.0,
        1000.0,
        1000.0,
        1000.0
    ]
}