{
    "steps": [
        10240,
        20480,
        30720,
        40960,
        51200,
        61440,
        71680
    ],
    "avg_episodic_reward": [
        174.71756765559337,
        222.14456732198073,
        266.734209729603,
        311.97618870010666,
        358.28077686087283,
        432.6040797467114,
        462.38271207500657
    ],
    "avg_episode_length": [
        90.9090909090909,
        103.95,
        119.44444444444444,
        134.2,
        155.07692307692307,
        182.63636363636363,
        213.0
    ]
}