{
    "steps": [
        10240,
        20480,
        30720,
        40960,
        51200,
        61440,
        71680,
        81920,
        92160,
        102400,
        112640,
        122880,
        133120,
        143360,
        153600,
        163840,
        174080,
        184320,
        194560,
        204800,
        215040,
        225280,
        235520,
        245760,
        256000,
        266240,
        276480,
        286720,
        296960,
        307200,
        317440,
        327680,
        337920,
        348160,
        358400,
        368640,
        378880,
        389120,
        399360,
        409600,
        419840,
        430080,
        440320,
        450560,
        460800,
        471040,
        481280,
        491520,
        501760,
        512000,
        522240,
        532480,
        542720,
        552960,
        563200,
        573440,
        583680,
        593920,
        604160,
        614400,
        624640,
        634880,
        645120,
        655360,
        665600,
        675840,
        686080,
        696320,
        706560,
        716800,
        727040,
        737280,
        747520,
        757760,
        768000,
        778240,
        788480,
        798720,
        808960,
        819200,
        829440,
        839680,
        849920,
        860160,
        870400,
        880640,
        890880,
        901120,
        911360,
        921600,
        931840,
        942080,
        952320,
        962560,
        972800,
        983040,
        993280
    ],
    "avg_episodic_reward": [
        -155.36161816494763,
        -40.920119960654695,
        -146.91934832413253,
        19.513004490646807,
        140.31180106001167,
        9.87759693881467,
        32.35895943223118,
        -11.480051012479926,
        27.568201309631355,
        -57.54494399354249,
        139.52900302631298,
        -27.947297862545685,
        54.41352992620236,
        35.33615819514618,
        167.79355845714025,
        211.21012145733977,
        191.76529084573505,
        503.68344696314,
        4.7614985516892485,
        197.85949994380192,
        198.75934228046208,
        381.62473726638035,
        294.7197981176741,
        438.6093358573856,
        728.5941158876614,
        146.7395869055439,
        749.1554969834785,
        989.251069370107,
        829.0521846522129,
        747.8341638783961,
        827.9048105045935,
        1335.1280098873976,
        1235.1885928042311,
        1364.1322132026762,
        1472.1502572139702,
        867.4409188326258,
        1389.3760602672378,
        798.1487238234517,
        1723.3796317903852,
        1571.8593627913258,
        1557.8494576301007,
        1383.335510205468,
        1182.8365824888213,
        1971.0557209834194,
        1156.5268269125222,
        2044.6840792656803,
        2323.1627482358435,
        2129.2313095515838,
        1402.3464164604552,
        1772.219005077258,
        2473.594189851714,
        2271.10104143543,
        2542.6427941160664,
        2427.953439970246,
        2401.528363622514,
        2656.3080418266036,
        2684.5180788871735,
        2793.998850960618,
        1726.7869350102267,
        2747.9142688991824,
        2550.0920381640144,
        2799.7209582609976,
        2814.112821754021,
        2894.262982535074,
        2830.8878802366116,
        2983.9303883372177,
        2833.341967565231,
        2833.9761186551896,
        2803.0153195804814,
        2863.067460248249,
        2289.258713074441,
        2868.677714093671,
        3057.9678832349173,
        2971.651000042122,
        2150.444191328143,
        1890.2061024034317,
        3060.193336858453,
        1554.9839287287243,
        3029.629681644539,
        3083.42065902219,
        3111.985721044065,
        2233.592376788516,
        3103.334387743548,
        3159.9281589280768,
        3194.7580273169174,
        3169.113476344639,
        3190.8806235660086,
        1922.9978713158591,
        3238.2958204075785,
        3168.1472760729002,
        2166.4674586527644,
        2684.113530417319,
        3261.23633370448,
        3127.0592568573816,
        3267.2155985488034,
        3242.8662008452834,
        3309.636520828605
    ],
    "avg_episode_length": [
        1000.0,
        1000.0,
        1000.0,
        1000.0,
        1000.0,
        1000.0,
        1000.0,
        1000.0,
        1000.0,
        1000.0,
        1000.0,
        1000.0,
        1000.0,
        1000.0,
        1000.0,
        1000.0,
        1000.0,
        1000.0,
        1000.0,
        1000.0,
        1000.0,
        1000.0,
        1000.0,
        1000.0,
        1000.0,
        1000.0,
        1000.0,
        1000.0,
        1000.0,
        1000.0,
        1000.0,
        1000.0,
        1000.0,
        1000.0,
        1000.0,
        1000.0,
        1000.0,
        1000.0,
        1000.0,
        1000.0,
        1000.0,
        1000.0,
        1000.0,
        1000.0,
        1000.0,
        1000.0,
        1000.0,
        1000.0,
        1000.0,
        1000.0,
        1000.0,
        1000.0,
        1000.0,
        1000.0,
        1000.0,
        1000.0,
        1000.0,
        1000.0,
        1000.0,
        1000.0,
        1000.0,
        1000.0,
        1000.0,
        1000.0,
        1000.0,
        1000.0,
        1000.0,
        1000.0,
        1000.0,
        1000.0,
        1000.0,
        1000.0,
        1000.0,
        1000.0,
        1000.0,
        1000.0,
        1000.0,
        1000.0,
        1000.0,
        1000.0,
        1000.0,
        1000.0,
        1000.0,
        1000.0,
        1000.0,
        1000.0,
        1000.0,
        1000.0,
        1000.0,
        1000.0,
        1000.0,
        1000.0,
        1000.0,
        1000.0,
        1000.0,
        1000.0,
        1000.0
    ]
}