{
    "steps": [
        16000,
        32000,
        48000,
        64000,
        80000,
        96000,
        112000,
        128000,
        144000,
        160000,
        176000,
        192000,
        208000,
        224000,
        240000,
        256000,
        272000,
        288000,
        304000,
        320000,
        336000,
        352000,
        368000,
        384000,
        400000,
        416000,
        432000,
        448000,
        464000,
        480000,
        496000,
        512000,
        528000,
        544000,
        560000,
        576000,
        592000,
        608000,
        624000,
        640000,
        656000,
        672000,
        688000,
        704000,
        720000,
        736000,
        752000,
        768000,
        784000,
        800000,
        816000,
        832000,
        848000,
        864000,
        880000,
        896000,
        912000,
        928000,
        944000,
        960000,
        976000,
        992000,
        1008000
    ],
    "avg_episodic_reward": [
        -239.25988651917544,
        -249.86422655774544,
        -262.39977601931736,
        -235.62039389224137,
        -234.93226695719153,
        -226.24190415223427,
        -202.2361775256964,
        -179.85853235050064,
        -166.83830092764202,
        -193.2362635784835,
        -162.90025999606377,
        -161.60086794985534,
        -123.343995819575,
        -148.77099318004923,
        -128.91855582253936,
        -122.85584452736785,
        -108.84657175477666,
        -88.65431446583426,
        -101.97901591094822,
        -93.11388583539366,
        -83.34043341498341,
        -74.27377022984231,
        -74.21567662442433,
        -29.702645354784107,
        -52.25749956747583,
        -43.83566580065687,
        -34.375457756978854,
        -47.05828760578467,
        -59.654028142846734,
        -29.12111780933305,
        -37.49003530760924,
        -25.931435002175967,
        -39.83532593819738,
        -35.472969718152235,
        -26.06369124272512,
        -31.943555397528726,
        -22.296466709042146,
        -2.9645050555748,
        -25.565839708211833,
        -18.125669498531355,
        11.682142537616219,
        7.2272399923430495,
        14.899745503100872,
        3.524413157446129,
        7.904891228124007,
        16.3283717383747,
        22.89026532772317,
        13.100775317993785,
        23.919764990196505,
        27.89308613996301,
        19.55431838622164,
        39.994769075465264,
        48.751866428336996,
        60.64847768186337,
        50.03018856836755,
        73.87457739806419,
        86.24304557021414,
        66.74403206393742,
        90.80176858834497,
        86.65959910647553,
        109.80520869637466,
        53.35417968131581,
        106.68203115410327
    ],
    "avg_episode_length": [
        1000.0,
        1000.0,
        1000.0,
        1000.0,
        1000.0,
        1000.0,
        1000.0,
        1000.0,
        1000.0,
        1000.0,
        1000.0,
        1000.0,
        1000.0,
        1000.0,
        1000.0,
        1000.0,
        1000.0,
        1000.0,
        1000.0,
        1000.0,
        1000.0,
        1000.0,
        1000.0,
        1000.0,
        1000.0,
        1000.0,
        1000.0,
        1000.0,
        1000.0,
        1000.0,
        1000.0,
        1000.0,
        1000.0,
        1000.0,
        1000.0,
        1000.0,
        1000.0,
        1000.0,
        1000.0,
        1000.0,
        1000.0,
        1000.0,
        1000.0,
        1000.0,
        1000.0,
        1000.0,
        1000.0,
        1000.0,
        1000.0,
        1000.0,
        1000.0,
        1000.0,
        1000.0,
        1000.0,
        1000.0,
        1000.0,
        1000.0,
        1000.0,
        1000.0,
        1000.0,
        1000.0,
        1000.0,
        1000.0
    ]
}