{
    "steps": [
        10240,
        20480,
        30720,
        40960,
        51200,
        61440,
        71680,
        81920,
        92160,
        102400,
        112640,
        122880,
        133120,
        143360,
        153600,
        163840,
        174080,
        184320,
        194560,
        204800,
        215040,
        225280,
        235520,
        245760,
        256000,
        266240,
        276480,
        286720,
        296960,
        307200,
        317440,
        327680,
        337920,
        348160,
        358400,
        368640,
        378880,
        389120,
        399360,
        409600,
        419840,
        430080,
        440320,
        450560,
        460800,
        471040,
        481280,
        491520,
        501760,
        512000,
        522240,
        532480,
        542720,
        552960,
        563200,
        573440,
        583680,
        593920,
        604160,
        614400,
        624640,
        634880,
        645120,
        655360,
        665600,
        675840,
        686080,
        696320,
        706560,
        716800,
        727040,
        737280,
        747520,
        757760,
        768000,
        778240,
        788480,
        798720,
        808960,
        819200,
        829440,
        839680,
        849920,
        860160,
        870400,
        880640,
        890880,
        901120,
        911360,
        921600,
        931840,
        942080,
        952320,
        962560,
        972800,
        983040,
        993280
    ],
    "avg_episodic_reward": [
        -204.22392839350317,
        -183.84999430087169,
        -72.68516104305853,
        -89.74980560337687,
        -69.13760109903782,
        -90.37695540304162,
        -67.64181655166799,
        -15.776877313150546,
        -54.07319967201239,
        -99.2218664272801,
        -60.75737568374752,
        70.17344827142753,
        102.44744217708046,
        137.05942760156296,
        156.93363110835514,
        223.8497052422949,
        270.5529622671905,
        293.90390392645867,
        251.9686981262089,
        219.17959588556363,
        357.5268268965768,
        408.4820562727437,
        455.3871849502633,
        365.9739038370151,
        465.4466135760558,
        502.03024381059964,
        456.73557025986486,
        529.0132094775089,
        413.3794877663356,
        504.62588161287533,
        505.8584386572941,
        372.8956121542153,
        515.2256231567094,
        533.0176045342171,
        574.2601654121373,
        557.8517244355556,
        588.1313569934563,
        651.8703139594293,
        516.3462128555591,
        622.8148178614704,
        627.1302447229082,
        625.7624374009363,
        634.4741269990832,
        604.75103116748,
        640.7923625044286,
        618.2258076004016,
        570.843772068454,
        649.2777898399984,
        514.3628014363849,
        624.5390727240826,
        425.7663418012849,
        709.8714436138082,
        692.4869670624248,
        659.0849735110123,
        644.2705503303935,
        682.2994063003619,
        678.2486610978851,
        650.1815878677635,
        754.5956213725788,
        706.8779161047554,
        728.275528958382,
        777.4496942228843,
        720.1759531340056,
        729.8885488728081,
        696.4624246332041,
        784.4066618450952,
        772.8367214129564,
        762.5992939507289,
        695.4802344886427,
        808.0086361936391,
        768.6694376720975,
        777.5547700088365,
        732.136520857989,
        760.1935678881605,
        762.1710459720334,
        843.2601209752777,
        720.6428163429428,
        800.5030340906035,
        843.2792707389572,
        808.383275478062,
        785.3672053416467,
        791.7283792037259,
        813.6159177338959,
        785.0507763854093,
        762.8580770951801,
        740.6519711429286,
        815.1993076880601,
        821.0865950149619,
        825.1310966584564,
        842.6052937019815,
        819.7137401945081,
        846.0822960188666,
        820.1532832844669,
        849.240752527933,
        873.829489636106,
        874.6946218302792,
        809.3828883010755
    ],
    "avg_episode_length": [
        1000.0,
        1000.0,
        1000.0,
        1000.0,
        1000.0,
        1000.0,
        1000.0,
        1000.0,
        1000.0,
        1000.0,
        1000.0,
        1000.0,
        1000.0,
        1000.0,
        1000.0,
        1000.0,
        1000.0,
        1000.0,
        1000.0,
        1000.0,
        1000.0,
        1000.0,
        1000.0,
        1000.0,
        1000.0,
        1000.0,
        1000.0,
        1000.0,
        1000.0,
        1000.0,
        1000.0,
        1000.0,
        1000.0,
        1000.0,
        1000.0,
        1000.0,
        1000.0,
        1000.0,
        1000.0,
        1000.0,
        1000.0,
        1000.0,
        1000.0,
        1000.0,
        1000.0,
        1000.0,
        1000.0,
        1000.0,
        1000.0,
        1000.0,
        1000.0,
        1000.0,
        1000.0,
        1000.0,
        1000.0,
        1000.0,
        1000.0,
        1000.0,
        1000.0,
        1000.0,
        1000.0,
        1000.0,
        1000.0,
        1000.0,
        1000.0,
        1000.0,
        1000.0,
        1000.0,
        1000.0,
        1000.0,
        1000.0,
        1000.0,
        1000.0,
        1000.0,
        1000.0,
        1000.0,
        1000.0,
        1000.0,
        1000.0,
        1000.0,
        1000.0,
        1000.0,
        1000.0,
        1000.0,
        1000.0,
        1000.0,
        1000.0,
        1000.0,
        1000.0,
        1000.0,
        1000.0,
        1000.0,
        1000.0,
        1000.0,
        1000.0,
        1000.0,
        1000.0
    ]
}