{
    "steps": [
        16000,
        32000,
        48000,
        64000,
        80000,
        96000,
        112000,
        128000,
        144000,
        160000,
        176000,
        192000,
        208000,
        224000,
        240000,
        256000,
        272000,
        288000,
        304000,
        320000,
        336000,
        352000,
        368000,
        384000,
        400000,
        416000,
        432000,
        448000,
        464000,
        480000,
        496000
    ],
    "avg_episodic_reward": [
        -4.478383708560729,
        -1.014531622977009,
        -1.783971748544634,
        -4.489896893607931,
        -5.655217828539049,
        7.556496736747378,
        2.9607054361420944,
        7.156735704468216,
        13.136254875277446,
        15.484396974892938,
        26.598405835719753,
        22.28291039616775,
        34.64857025642469,
        28.70609114760903,
        37.67622435994346,
        40.79979761237687,
        44.96859839847481,
        59.92694546693846,
        56.41920164674033,
        56.55337143614986,
        61.26452757380234,
        58.02819474635379,
        60.19223837811728,
        62.40865361384056,
        64.78438224335352,
        65.78645130139869,
        66.22151811265582,
        64.75955629857766,
        75.3885540082263,
        79.60083270190536,
        76.53826269629803
    ],
    "avg_episode_length": [
        1000.0,
        1000.0,
        1000.0,
        1000.0,
        1000.0,
        1000.0,
        1000.0,
        1000.0,
        1000.0,
        1000.0,
        1000.0,
        1000.0,
        1000.0,
        1000.0,
        1000.0,
        1000.0,
        1000.0,
        1000.0,
        1000.0,
        1000.0,
        1000.0,
        1000.0,
        1000.0,
        1000.0,
        1000.0,
        1000.0,
        1000.0,
        1000.0,
        1000.0,
        1000.0,
        1000.0
    ]
}