{
    "steps": [
        16000,
        32000,
        48000,
        64000,
        80000,
        96000,
        112000,
        128000,
        144000,
        160000,
        176000,
        192000,
        208000,
        224000,
        240000,
        256000,
        272000,
        288000,
        304000,
        320000,
        336000,
        352000,
        368000,
        384000,
        400000,
        416000,
        432000,
        448000,
        464000,
        480000,
        496000,
        512000,
        528000,
        544000,
        560000,
        576000,
        592000,
        608000,
        624000,
        640000,
        656000,
        672000,
        688000,
        704000,
        720000,
        736000,
        752000,
        768000,
        784000,
        800000,
        816000,
        832000,
        848000,
        864000,
        880000,
        896000,
        912000,
        928000,
        944000,
        960000,
        976000,
        992000,
        1008000
    ],
    "avg_episodic_reward": [
        -4.478383708560729,
        -1.014531622977009,
        -1.783971748544634,
        -4.489896893607931,
        -5.655217828539049,
        7.556496736747378,
        2.9607054361420944,
        7.156735704468216,
        13.136254875277446,
        15.484396974892938,
        26.598405835719753,
        22.28291039616775,
        34.64857025642469,
        28.70609114760903,
        37.67622435994346,
        40.79979761237687,
        44.96859839847481,
        59.92694546693846,
        56.41920164674033,
        56.55337143614986,
        61.26452757380234,
        58.02819474635379,
        60.19223837811728,
        62.40865361384056,
        64.78438224335352,
        65.78645130139869,
        66.22151811265582,
        64.75955629857766,
        75.3885540082263,
        79.60083270190536,
        76.53826269629803,
        81.52865254300161,
        81.97481810123371,
        79.22436562013101,
        87.16083702567065,
        79.64346962209959,
        84.2931267304138,
        80.96302782888282,
        85.7028533985186,
        82.15024408533199,
        83.80007540570773,
        89.08078554990959,
        87.95085017901198,
        90.06175697749919,
        92.56018528723425,
        89.89880399180129,
        92.13942631246704,
        94.33661184741699,
        94.3113742404768,
        92.92311519117969,
        97.75927140509015,
        96.22744837653923,
        100.63397305145543,
        98.60258792709504,
        99.99209388505392,
        97.08577493497413,
        103.64268369626848,
        104.55539989224452,
        102.116138458363,
        102.99255322869334,
        100.84530452006685,
        102.84802913347261,
        100.82846747308521
    ],
    "avg_episode_length": [
        1000.0,
        1000.0,
        1000.0,
        1000.0,
        1000.0,
        1000.0,
        1000.0,
        1000.0,
        1000.0,
        1000.0,
        1000.0,
        1000.0,
        1000.0,
        1000.0,
        1000.0,
        1000.0,
        1000.0,
        1000.0,
        1000.0,
        1000.0,
        1000.0,
        1000.0,
        1000.0,
        1000.0,
        1000.0,
        1000.0,
        1000.0,
        1000.0,
        1000.0,
        1000.0,
        1000.0,
        1000.0,
        1000.0,
        1000.0,
        1000.0,
        1000.0,
        1000.0,
        1000.0,
        1000.0,
        1000.0,
        1000.0,
        1000.0,
        1000.0,
        1000.0,
        1000.0,
        1000.0,
        1000.0,
        1000.0,
        1000.0,
        1000.0,
        1000.0,
        1000.0,
        1000.0,
        1000.0,
        1000.0,
        1000.0,
        1000.0,
        1000.0,
        1000.0,
        1000.0,
        1000.0,
        1000.0,
        1000.0
    ]
}