{
    "steps": [
        16000,
        32000,
        48000,
        64000,
        80000,
        96000,
        112000,
        128000,
        144000,
        160000,
        176000,
        192000,
        208000,
        224000,
        240000,
        256000,
        272000,
        288000,
        304000,
        320000,
        336000,
        352000,
        368000,
        384000,
        400000,
        416000,
        432000,
        448000,
        464000,
        480000,
        496000,
        512000,
        528000,
        544000,
        560000,
        576000,
        592000,
        608000,
        624000,
        640000,
        656000,
        672000,
        688000,
        704000,
        720000,
        736000,
        752000,
        768000,
        784000,
        800000,
        816000,
        832000,
        848000,
        864000,
        880000,
        896000,
        912000,
        928000,
        944000,
        960000,
        976000,
        992000,
        1008000
    ],
    "avg_episodic_reward": [
        -252.5599063568098,
        -223.9434963737479,
        -246.23568638158454,
        -225.00275213752724,
        -263.29262152617366,
        -221.19203044294306,
        -208.7168916800121,
        -232.10636291594835,
        -215.23983658290285,
        -196.2518357969373,
        -193.74776762663134,
        -213.53866694634715,
        -187.54097970669986,
        -178.92161884869756,
        -184.7572167080444,
        -226.15456151764553,
        -188.7360860810257,
        -203.87538537585303,
        -187.83209974244608,
        -197.32223592079828,
        -167.72324590831886,
        -164.0608486820151,
        -179.9549451443644,
        -121.76171626170401,
        -125.4906549474201,
        -107.33863722514202,
        -102.9546868272256,
        -131.68750897156653,
        -115.44035279610077,
        -82.4819549238361,
        -59.03775866484873,
        -102.09633291985917,
        -98.0381328838906,
        -107.50856073135517,
        -84.02252131222869,
        -87.88515774489318,
        -66.51231993479331,
        -74.17931576719056,
        -66.63351857286625,
        -60.3409174753629,
        -55.13207245350276,
        -51.70097518005561,
        -59.1176666579133,
        -53.270106830908915,
        -51.686808696560234,
        -86.62244808410553,
        -67.09838545809347,
        -45.164683356932265,
        -25.54275540522324,
        -32.16096102628006,
        -26.880994325755978,
        -36.757931921460155,
        -13.322710755924271,
        -37.11617420801052,
        -5.643342494989651,
        -43.09221592916132,
        -1.9604894496191498,
        -39.72400910642874,
        -33.961178181883895,
        -17.281002381663306,
        -15.14570209885073,
        -27.908348280915696,
        -25.121186738099517
    ],
    "avg_episode_length": [
        1000.0,
        1000.0,
        1000.0,
        1000.0,
        1000.0,
        1000.0,
        1000.0,
        1000.0,
        1000.0,
        1000.0,
        1000.0,
        1000.0,
        1000.0,
        1000.0,
        1000.0,
        1000.0,
        1000.0,
        1000.0,
        1000.0,
        1000.0,
        1000.0,
        1000.0,
        1000.0,
        1000.0,
        1000.0,
        1000.0,
        1000.0,
        1000.0,
        1000.0,
        1000.0,
        1000.0,
        1000.0,
        1000.0,
        1000.0,
        1000.0,
        1000.0,
        1000.0,
        1000.0,
        1000.0,
        1000.0,
        1000.0,
        1000.0,
        1000.0,
        1000.0,
        1000.0,
        1000.0,
        1000.0,
        1000.0,
        1000.0,
        1000.0,
        1000.0,
        1000.0,
        1000.0,
        1000.0,
        1000.0,
        1000.0,
        1000.0,
        1000.0,
        1000.0,
        1000.0,
        1000.0,
        1000.0,
        1000.0
    ]
}