{
    "steps": [
        10240,
        20480,
        30720,
        40960,
        51200,
        61440,
        71680,
        81920,
        92160,
        102400,
        112640,
        122880,
        133120,
        143360,
        153600,
        163840,
        174080,
        184320,
        194560,
        204800,
        215040,
        225280,
        235520,
        245760,
        256000,
        266240,
        276480,
        286720,
        296960,
        307200,
        317440,
        327680,
        337920,
        348160,
        358400,
        368640,
        378880,
        389120,
        399360,
        409600,
        419840,
        430080,
        440320,
        450560,
        460800,
        471040,
        481280,
        491520,
        501760,
        512000,
        522240,
        532480,
        542720,
        552960,
        563200,
        573440,
        583680,
        593920,
        604160,
        614400,
        624640,
        634880,
        645120,
        655360,
        665600,
        675840,
        686080,
        696320,
        706560,
        716800,
        727040,
        737280,
        747520,
        757760,
        768000,
        778240,
        788480,
        798720,
        808960,
        819200,
        829440,
        839680,
        849920,
        860160,
        870400,
        880640,
        890880,
        901120,
        911360,
        921600,
        931840,
        942080,
        952320,
        962560,
        972800,
        983040,
        993280
    ],
    "avg_episodic_reward": [
        -408.40800820150605,
        -414.6771865761021,
        -331.7624832588798,
        -273.3725390056204,
        -389.2275145725729,
        -304.80749894278597,
        -246.7576447845634,
        -239.62828959673854,
        -275.77938688449115,
        -178.16843918677304,
        -191.75427328414293,
        -233.44198585099912,
        -177.26702222990707,
        -160.5885005434179,
        -177.96238018327153,
        -82.32572091344844,
        -6.735488377177173,
        132.2189957671332,
        289.03273901604325,
        350.63014590874474,
        300.3370710548846,
        485.10066347535445,
        490.800300060627,
        460.1429909760925,
        282.2700517338984,
        537.7015388754012,
        507.9116089673854,
        627.2732305068607,
        670.9256158404223,
        662.1513432678432,
        702.6300164979848,
        759.7007299925799,
        622.5012240041447,
        678.343731857732,
        720.3002648309548,
        705.5851615950005,
        777.9407919161574,
        813.7887313720271,
        764.9203397219248,
        812.0671153653523,
        813.2945540949036,
        861.8767873359435,
        759.5903440936426,
        744.0624305519434,
        693.365351862605,
        549.6876589011608,
        900.1908977150482,
        905.4560002342838,
        886.1794885003951,
        978.5725394618961,
        963.6226355475256,
        908.7108807699589,
        947.2961198061723,
        970.7231481188483,
        936.6288405788541,
        932.1560608662837,
        996.3509106103577,
        991.4914485194156,
        1019.465119865012,
        1062.1699527974738,
        1026.3872288234347,
        977.8453186987673,
        1054.7496186764597,
        1058.8560483710403,
        864.7575795544772,
        466.44744768684234,
        1047.9336358977798,
        1072.4055735430916,
        1023.0434753340963,
        1033.971000394169,
        1070.956626441677,
        1064.145120332295,
        1102.8121069662761,
        972.9328297468375,
        1086.2457389901865,
        1142.2469990022503,
        1023.3203948831339,
        523.1113934563866,
        1125.9061779109447,
        1179.4002990384697,
        1065.2861062809955,
        1116.604402971533,
        1158.787367632985,
        1201.7050696053177,
        1167.5384409447452,
        1212.3313833643292,
        1204.824130655172,
        1190.1075542722017,
        1226.7577750169703,
        1206.5534053742263,
        1245.0408024067096,
        1268.7449820060635,
        1252.5572832198138,
        1214.626751010324,
        1256.328219155906,
        1285.6680410948702,
        1278.3833425738353
    ],
    "avg_episode_length": [
        1000.0,
        1000.0,
        1000.0,
        1000.0,
        1000.0,
        1000.0,
        1000.0,
        1000.0,
        1000.0,
        1000.0,
        1000.0,
        1000.0,
        1000.0,
        1000.0,
        1000.0,
        1000.0,
        1000.0,
        1000.0,
        1000.0,
        1000.0,
        1000.0,
        1000.0,
        1000.0,
        1000.0,
        1000.0,
        1000.0,
        1000.0,
        1000.0,
        1000.0,
        1000.0,
        1000.0,
        1000.0,
        1000.0,
        1000.0,
        1000.0,
        1000.0,
        1000.0,
        1000.0,
        1000.0,
        1000.0,
        1000.0,
        1000.0,
        1000.0,
        1000.0,
        1000.0,
        1000.0,
        1000.0,
        1000.0,
        1000.0,
        1000.0,
        1000.0,
        1000.0,
        1000.0,
        1000.0,
        1000.0,
        1000.0,
        1000.0,
        1000.0,
        1000.0,
        1000.0,
        1000.0,
        1000.0,
        1000.0,
        1000.0,
        1000.0,
        1000.0,
        1000.0,
        1000.0,
        1000.0,
        1000.0,
        1000.0,
        1000.0,
        1000.0,
        1000.0,
        1000.0,
        1000.0,
        1000.0,
        1000.0,
        1000.0,
        1000.0,
        1000.0,
        1000.0,
        1000.0,
        1000.0,
        1000.0,
        1000.0,
        1000.0,
        1000.0,
        1000.0,
        1000.0,
        1000.0,
        1000.0,
        1000.0,
        1000.0,
        1000.0,
        1000.0,
        1000.0
    ]
}