{
    "steps": [
        10240,
        20480,
        30720,
        40960,
        51200,
        61440,
        71680,
        81920,
        92160,
        102400,
        112640,
        122880,
        133120,
        143360,
        153600,
        163840,
        174080,
        184320,
        194560,
        204800,
        215040,
        225280,
        235520,
        245760,
        256000,
        266240,
        276480,
        286720,
        296960,
        307200,
        317440,
        327680,
        337920,
        348160,
        358400,
        368640,
        378880,
        389120,
        399360,
        409600,
        419840,
        430080,
        440320,
        450560,
        460800,
        471040,
        481280,
        491520,
        501760,
        512000,
        522240,
        532480,
        542720,
        552960,
        563200,
        573440,
        583680,
        593920,
        604160,
        614400,
        624640,
        634880,
        645120,
        655360,
        665600,
        675840,
        686080,
        696320,
        706560,
        716800,
        727040,
        737280,
        747520,
        757760,
        768000,
        778240,
        788480,
        798720,
        808960,
        819200,
        829440,
        839680,
        849920,
        860160,
        870400,
        880640,
        890880,
        901120,
        911360,
        921600,
        931840,
        942080,
        952320,
        962560,
        972800,
        983040,
        993280
    ],
    "avg_episodic_reward": [
        129.4463124123792,
        157.0605467869638,
        241.39513618917152,
        310.6313130740717,
        417.8258788552119,
        379.0530539990599,
        1216.108288934655,
        1610.522819803892,
        1804.0039462594548,
        1429.9609310901737,
        5120.02092920463,
        3729.0169133095424,
        null,
        null,
        9334.463686471368,
        9095.005486650754,
        null,
        2777.7378698102784,
        null,
        4157.600094643648,
        null,
        9336.45872409552,
        8222.521176747652,
        null,
        9324.801009689083,
        null,
        2618.8097623081508,
        3309.376673110428,
        null,
        1102.1839474432047,
        1687.2065995245378,
        1493.4196853546134,
        3810.306920590125,
        null,
        496.418789474233,
        4585.029502422294,
        3605.9536665316987,
        3486.588058995748,
        4808.049963083245,
        4664.175447932558,
        null,
        2122.0898045100785,
        9323.197509502652,
        null,
        2205.9769095969605,
        9322.61977092476,
        9328.402389642504,
        9324.748113357731,
        2595.149407982605,
        2879.0259797747676,
        null,
        9332.200594495083,
        null,
        null,
        null,
        null,
        9342.553033342683,
        9342.652051642795,
        null,
        5179.00669624464,
        1027.1607941334669,
        null,
        9340.554946761742,
        9343.400541817122,
        9339.000044066262,
        9335.511306486798,
        null,
        2950.4981653070845,
        null,
        null,
        4687.105382530927,
        null,
        null,
        2030.3123063334076,
        null,
        4864.497851970687,
        4464.634128913529,
        9345.534801612406,
        9345.409815789573,
        9344.5794504228,
        9341.59596450738,
        9345.989386507776,
        null,
        9346.453040598619,
        9347.022698272453,
        null,
        9344.746871498242,
        9344.054680845002,
        5229.676787017373,
        null,
        5652.091431240373,
        9344.790632081316,
        9342.850234064952,
        null,
        9345.104662644751,
        986.6076941621968,
        4930.674252094825
    ],
    "avg_episode_length": [
        14.027777777777779,
        17.032258064516128,
        26.1,
        33.53333333333333,
        45.0,
        40.81818181818182,
        130.75,
        173.0,
        193.66666666666666,
        153.5,
        549.0,
        400.0,
        null,
        null,
        1000.0,
        975.0,
        null,
        298.0,
        null,
        445.5,
        null,
        1000.0,
        881.0,
        null,
        1000.0,
        null,
        281.0,
        355.0,
        null,
        118.33333333333333,
        181.0,
        160.33333333333334,
        408.5,
        null,
        53.5,
        492.0,
        387.0,
        374.0,
        516.0,
        501.0,
        null,
        228.0,
        1000.0,
        null,
        237.0,
        1000.0,
        1000.0,
        1000.0,
        278.5,
        309.0,
        null,
        1000.0,
        null,
        null,
        null,
        null,
        1000.0,
        1000.0,
        null,
        554.5,
        110.25,
        null,
        1000.0,
        1000.0,
        1000.0,
        1000.0,
        null,
        316.0,
        null,
        null,
        502.0,
        null,
        null,
        217.5,
        null,
        521.0,
        478.0,
        1000.0,
        1000.0,
        1000.0,
        1000.0,
        1000.0,
        null,
        1000.0,
        1000.0,
        null,
        1000.0,
        1000.0,
        560.0,
        null,
        605.0,
        1000.0,
        1000.0,
        null,
        1000.0,
        105.75,
        528.0
    ]
}