{
    "steps": [
        10068,
        20093,
        30143,
        40169,
        50189,
        60229,
        70237,
        80283,
        90324,
        100328,
        110346,
        120394,
        130447,
        140500,
        150509,
        160528,
        170532,
        180584,
        190612,
        200643,
        210682,
        220728,
        230736,
        240776,
        250815,
        260862,
        270899,
        280935,
        290983,
        300983,
        311030,
        321035,
        331087,
        341132,
        351139,
        361179,
        371202,
        381243,
        391246,
        401265,
        411305,
        421315,
        431336,
        441340,
        451391,
        461409,
        471448,
        481496,
        491508,
        501544,
        511591,
        521606,
        531618,
        541666,
        551681,
        561681,
        571737,
        581737,
        591747,
        601801,
        611806,
        621862,
        631905,
        641932,
        651997,
        662025,
        672058,
        682072,
        692091,
        702098,
        712138,
        722148,
        732188,
        742206,
        752216,
        762223,
        772232,
        782273,
        792312,
        802338,
        812339,
        822373,
        832373,
        842397,
        852431,
        862461,
        872502,
        882526,
        892584,
        902639,
        912687,
        922688,
        932736,
        942768,
        952789,
        962832,
        972856,
        982905,
        992931
    ],
    "avg_episodic_reward": [
        177.77201068942938,
        166.68460026766508,
        164.25105692056937,
        127.19091750339952,
        106.04310989202963,
        124.27143460545406,
        129.51719730220816,
        147.92489603319643,
        136.50740543953896,
        143.4542921363853,
        131.6177199096831,
        141.1958264081385,
        180.09871920117214,
        133.5419947051703,
        136.14763626898588,
        134.13183013833276,
        138.32371993804617,
        122.36983141570036,
        119.77791456991102,
        94.46428762039814,
        136.4967926508174,
        127.00999451562134,
        108.39526309966878,
        117.76960156020537,
        106.2300764180513,
        117.75474091038285,
        159.35484980647826,
        129.28961193593844,
        129.34339673172926,
        117.79289603274799,
        126.96317573969704,
        129.04221125535918,
        166.64519322992547,
        110.6865806043052,
        112.85818205682975,
        143.03948812472186,
        103.63367976700489,
        138.39822806578553,
        124.32157629337739,
        131.66775204090047,
        154.93814207332122,
        122.49040725997058,
        122.44759698404619,
        120.1711211357486,
        150.30653284522006,
        108.37968574719679,
        129.2998953298561,
        129.42488497450577,
        138.38516146114168,
        147.77830579291162,
        117.89443363803687,
        168.6045788827392,
        143.00132327409014,
        152.87449131557798,
        138.5660759040166,
        150.381307393316,
        175.76189694141488,
        152.76933006511877,
        124.78810152489827,
        138.84110443478704,
        157.2964909868676,
        141.0768265068695,
        108.36288078322991,
        145.63773097716233,
        157.47303140559126,
        105.95011665437652,
        117.90258694704377,
        148.10355692961068,
        110.76798706442945,
        150.38330783553866,
        126.98221823056055,
        138.72514403578165,
        131.7690370705153,
        124.7452044461697,
        129.4375200919057,
        154.2209540335942,
        159.08770798673814,
        166.38952274976418,
        129.47201404621285,
        115.49799898323766,
        131.6977815453731,
        145.8044681530804,
        163.92838037855896,
        136.18169760922228,
        168.4092719137618,
        187.01431189819675,
        115.32621021958893,
        159.2854086784645,
        138.65058890546905,
        141.1842937517249,
        115.54486274243109,
        108.37830973937679,
        136.36733168135504,
        117.9531223781931,
        126.94615160249393,
        157.34090083698064,
        124.42645427407678,
        120.13201144358845,
        138.78036421463094
    ],
    "avg_episode_length": [
        19.25,
        18.0,
        17.75,
        13.75,
        11.5,
        13.5,
        14.0,
        16.0,
        14.75,
        15.5,
        14.25,
        15.25,
        19.5,
        14.5,
        14.75,
        14.5,
        15.0,
        13.25,
        13.0,
        10.25,
        14.75,
        13.75,
        11.75,
        12.75,
        11.5,
        12.75,
        17.25,
        14.0,
        14.0,
        12.75,
        13.75,
        14.0,
        18.0,
        12.0,
        12.25,
        15.5,
        11.25,
        15.0,
        13.5,
        14.25,
        16.75,
        13.25,
        13.25,
        13.0,
        16.25,
        11.75,
        14.0,
        14.0,
        15.0,
        16.0,
        12.75,
        18.25,
        15.5,
        16.5,
        15.0,
        16.25,
        19.0,
        16.5,
        13.5,
        15.0,
        17.0,
        15.25,
        11.75,
        15.75,
        17.0,
        11.5,
        12.75,
        16.0,
        12.0,
        16.25,
        13.75,
        15.0,
        14.25,
        13.5,
        14.0,
        16.75,
        17.25,
        18.0,
        14.0,
        12.5,
        14.25,
        15.75,
        17.75,
        14.75,
        18.25,
        20.25,
        12.5,
        17.25,
        15.0,
        15.25,
        12.5,
        11.75,
        14.75,
        12.75,
        13.75,
        17.0,
        13.5,
        13.0,
        15.0
    ]
}