{
    "steps": [
        10240,
        20480,
        30720,
        40960,
        51200,
        61440,
        71680,
        81920,
        92160,
        102400,
        112640,
        122880,
        133120,
        143360,
        153600,
        163840,
        174080,
        184320,
        194560,
        204800,
        215040,
        225280,
        235520,
        245760,
        256000,
        266240,
        276480,
        286720,
        296960,
        307200,
        317440,
        327680,
        337920,
        348160,
        358400,
        368640,
        378880,
        389120,
        399360,
        409600,
        419840,
        430080,
        440320,
        450560,
        460800,
        471040,
        481280,
        491520,
        501760,
        512000,
        522240,
        532480,
        542720,
        552960,
        563200,
        573440,
        583680,
        593920,
        604160,
        614400,
        624640,
        634880,
        645120,
        655360,
        665600,
        675840,
        686080,
        696320,
        706560,
        716800,
        727040,
        737280,
        747520,
        757760,
        768000,
        778240,
        788480,
        798720,
        808960,
        819200,
        829440,
        839680,
        849920,
        860160,
        870400,
        880640,
        890880,
        901120,
        911360,
        921600,
        931840,
        942080,
        952320,
        962560,
        972800,
        983040,
        993280
    ],
    "avg_episodic_reward": [
        -247.33518786460934,
        -310.95999583458854,
        -267.69162870411606,
        -261.69512544203303,
        -355.3168676262329,
        -298.9210260807806,
        -326.0694421215969,
        -184.37164924514485,
        -215.18492401568133,
        -139.40632598564363,
        -242.4569786696079,
        -189.72016930820644,
        -163.68003658116479,
        -99.57210414870582,
        -114.87479212138766,
        -114.34424594839398,
        23.924193451177384,
        50.25416378589793,
        43.76619404467217,
        94.75251919076057,
        23.00328994955487,
        76.21583589221636,
        178.365728090813,
        226.91163923668103,
        211.10976476131498,
        157.89270438001742,
        92.34458538258386,
        310.68121167443485,
        271.2803854215341,
        139.25408025950955,
        81.42191205502712,
        333.2806843480969,
        87.96147082351966,
        318.5580702554922,
        409.8219636463219,
        516.5174858148513,
        466.36564949282604,
        503.78893468965407,
        475.04702098173857,
        458.6309168001764,
        504.5146259208103,
        514.4917284520911,
        533.8934739332421,
        617.5255464799983,
        583.2816224830175,
        646.4384447794309,
        711.9192453275426,
        605.604200202363,
        796.2873294630394,
        739.2410785873195,
        773.3794883072106,
        813.7175338180184,
        982.8592186871497,
        948.4314573352235,
        883.2726044749622,
        884.6182559681927,
        990.4565041831848,
        1162.8072570407485,
        980.6894553262534,
        985.3852787719295,
        1147.2180815873949,
        1233.7836384827,
        1132.13856422014,
        1261.9398552692555,
        1332.887039798763,
        1271.9628795758165,
        1311.1252033591218,
        1164.179318121956,
        1318.049156230382,
        1422.714906398323,
        1367.6048817826638,
        1481.9819708227355,
        1322.3502626145732,
        1371.2382919230267,
        1458.5195529348337,
        1496.3806612964663,
        1584.4515612565287,
        1668.355211490066,
        1450.9876695223147,
        1544.0744611972525,
        1538.4592226044083,
        1634.0352402863573,
        1571.6126307305653,
        1711.5852630081906,
        1481.6694290598193,
        1682.7089855728434,
        1671.5506315407197,
        1711.814111270582,
        1782.4633569587572,
        1719.6748712543415,
        1573.3837907493496,
        1606.7802687543776,
        1610.4830023691702,
        1717.536428023449,
        1859.8230166709923,
        1739.2087230196187,
        1965.2949618596076
    ],
    "avg_episode_length": [
        1000.0,
        1000.0,
        1000.0,
        1000.0,
        1000.0,
        1000.0,
        1000.0,
        1000.0,
        1000.0,
        1000.0,
        1000.0,
        1000.0,
        1000.0,
        1000.0,
        1000.0,
        1000.0,
        1000.0,
        1000.0,
        1000.0,
        1000.0,
        1000.0,
        1000.0,
        1000.0,
        1000.0,
        1000.0,
        1000.0,
        1000.0,
        1000.0,
        1000.0,
        1000.0,
        1000.0,
        1000.0,
        1000.0,
        1000.0,
        1000.0,
        1000.0,
        1000.0,
        1000.0,
        1000.0,
        1000.0,
        1000.0,
        1000.0,
        1000.0,
        1000.0,
        1000.0,
        1000.0,
        1000.0,
        1000.0,
        1000.0,
        1000.0,
        1000.0,
        1000.0,
        1000.0,
        1000.0,
        1000.0,
        1000.0,
        1000.0,
        1000.0,
        1000.0,
        1000.0,
        1000.0,
        1000.0,
        1000.0,
        1000.0,
        1000.0,
        1000.0,
        1000.0,
        1000.0,
        1000.0,
        1000.0,
        1000.0,
        1000.0,
        1000.0,
        1000.0,
        1000.0,
        1000.0,
        1000.0,
        1000.0,
        1000.0,
        1000.0,
        1000.0,
        1000.0,
        1000.0,
        1000.0,
        1000.0,
        1000.0,
        1000.0,
        1000.0,
        1000.0,
        1000.0,
        1000.0,
        1000.0,
        1000.0,
        1000.0,
        1000.0,
        1000.0,
        1000.0
    ]
}