{
    "steps": [
        16000,
        32000,
        48000,
        64000,
        80000,
        96000,
        112000,
        128000,
        144000,
        160000,
        176000,
        192000,
        208000,
        224000,
        240000,
        256000,
        272000,
        288000,
        304000,
        320000,
        336000,
        352000,
        368000,
        384000,
        400000,
        416000,
        432000,
        448000,
        464000,
        480000,
        496000,
        512000,
        528000,
        544000,
        560000,
        576000,
        592000,
        608000,
        624000,
        640000,
        656000,
        672000,
        688000,
        704000,
        720000,
        736000,
        752000,
        768000,
        784000,
        800000,
        816000,
        832000,
        848000,
        864000,
        880000,
        896000,
        912000,
        928000,
        944000,
        960000,
        976000,
        992000,
        1008000
    ],
    "avg_episodic_reward": [
        -252.5599063568098,
        -219.24342913975448,
        -209.26185931615322,
        -229.30706974067337,
        -235.5340936779768,
        -185.6243659690536,
        -212.2137203270807,
        -203.65317825314148,
        -217.14169892797327,
        -188.39374292277293,
        -166.80903408015024,
        -203.5687589128986,
        -152.5157706899586,
        -192.4979697793321,
        -174.45288321503688,
        -169.06458966358997,
        -190.2189684414654,
        -152.35601587206645,
        -156.2234611193863,
        -128.03022249737157,
        -148.2674524210456,
        -105.02569192971536,
        -112.34551517460413,
        -99.98591753734422,
        -82.07563213981791,
        -87.84288741648508,
        -41.05378017433277,
        -56.76781153097844,
        -96.08285383114993,
        -57.65594351669559,
        -64.32966461488301,
        -69.05018481274121,
        -67.55589275744718,
        -13.432637741207536,
        -37.93037271435109,
        -44.96726799368581,
        -14.936276961550757,
        -14.130648422112477,
        -28.107587262974217,
        -9.645288063984637,
        -19.028193037803263,
        -24.611739777534556,
        6.911028181221381,
        -11.085489406392446,
        11.49508476612815,
        -3.1674852120659835,
        4.4237486519415645,
        -8.131038499884587,
        -3.3669200156252694,
        18.943377283403898,
        -0.50433674298539,
        12.619879584349343,
        16.36175848015163,
        35.74492365478187,
        18.59784582541677,
        -3.140235053327296,
        -0.7283614854536884,
        29.844918979135784,
        46.77278087872757,
        37.49888136381273,
        11.94801520310898,
        47.878227327007544,
        44.10435474690452
    ],
    "avg_episode_length": [
        1000.0,
        1000.0,
        1000.0,
        1000.0,
        1000.0,
        1000.0,
        1000.0,
        1000.0,
        1000.0,
        1000.0,
        1000.0,
        1000.0,
        1000.0,
        1000.0,
        1000.0,
        1000.0,
        1000.0,
        1000.0,
        1000.0,
        1000.0,
        1000.0,
        1000.0,
        1000.0,
        1000.0,
        1000.0,
        1000.0,
        1000.0,
        1000.0,
        1000.0,
        1000.0,
        1000.0,
        1000.0,
        1000.0,
        1000.0,
        1000.0,
        1000.0,
        1000.0,
        1000.0,
        1000.0,
        1000.0,
        1000.0,
        1000.0,
        1000.0,
        1000.0,
        1000.0,
        1000.0,
        1000.0,
        1000.0,
        1000.0,
        1000.0,
        1000.0,
        1000.0,
        1000.0,
        1000.0,
        1000.0,
        1000.0,
        1000.0,
        1000.0,
        1000.0,
        1000.0,
        1000.0,
        1000.0,
        1000.0
    ]
}