{
    "steps": [
        10162,
        20189,
        30557,
        40758,
        51016,
        61373,
        71373,
        81534,
        92030,
        102387,
        112686,
        123134,
        133480,
        143866,
        154152,
        164527,
        174879,
        185137,
        195801,
        206299,
        216796,
        227535,
        237561,
        248090,
        258460,
        268672,
        279335,
        289732,
        300048,
        310283,
        320366,
        330429,
        340759,
        351376,
        361994,
        372219,
        382386,
        393240,
        404991,
        416283,
        427193,
        437422,
        448386,
        458544,
        468566,
        479614,
        490030,
        500644,
        511619,
        521978,
        533010,
        544416,
        554721,
        565119,
        575135,
        587677,
        598504,
        609737,
        621110,
        632067,
        643333,
        655915,
        666163,
        677848,
        690060,
        702704,
        714881,
        725618,
        736248,
        748998,
        762495,
        773384,
        784229,
        797681,
        808280,
        819675,
        832731,
        842936,
        853197,
        866182,
        876324,
        888764,
        902156,
        916047,
        926243,
        938488,
        951027,
        961367,
        971826,
        982124,
        993651
    ],
    "avg_episodic_reward": [
        73.79891237762573,
        54.50553796051562,
        122.02576273495617,
        137.47672723802594,
        108.4352364475347,
        161.82169429976125,
        143.02546933102036,
        151.23049222388178,
        219.67074019614773,
        217.62784334011758,
        176.5894891559969,
        211.27830056550914,
        176.80949474839827,
        240.8987658429181,
        218.70422453717453,
        303.47048494097044,
        262.7766246560824,
        206.564968237808,
        273.8623522584449,
        228.2927928321576,
        262.3651487904541,
        297.13955550362147,
        250.13417558906838,
        223.59953584631523,
        241.2503636176732,
        271.66390889683805,
        301.9308743134638,
        374.6557205279928,
        305.3502092502763,
        214.11018405284554,
        350.2001026102205,
        430.1558866380002,
        349.1339040022566,
        312.65031389090234,
        258.879914293763,
        447.7355371861312,
        459.4665021552984,
        366.6645248802201,
        521.6317585209935,
        433.0440473181244,
        320.4695414201515,
        610.4047333645865,
        522.7536379537064,
        447.17953619282775,
        496.47699995974983,
        446.516413173424,
        591.4981518594908,
        496.5426977895247,
        537.183294184448,
        363.9085852916626,
        495.19987505380783,
        479.4275447285284,
        739.3312607561569,
        434.5467673551399,
        542.1531785324779,
        860.8562668563088,
        869.5309965979214,
        662.9899727236269,
        737.2002106108652,
        902.3574141739473,
        552.6140719722222,
        774.0240810796263,
        652.7480599288517,
        922.3683523409177,
        869.3472840438164,
        1001.2988324831438,
        780.5020988656818,
        772.9301950311647,
        634.362698221193,
        887.5495613290843,
        1062.5989607258136,
        679.2091829837019,
        606.7331397168681,
        947.7185411419955,
        997.6972174369288,
        793.6325722767563,
        969.915723543812,
        731.7339660994562,
        983.857292191896,
        779.798991110109,
        900.6707017302434,
        830.564300666276,
        943.0361993346232,
        1041.9244323546832,
        968.7083496689175,
        718.3840240151537,
        1056.0564279797663,
        835.1996259486152,
        1039.7447334745486,
        1005.116621022009,
        1044.6636579372957
    ],
    "avg_episode_length": [
        70.5,
        46.75,
        100.75,
        94.0,
        73.0,
        99.0,
        81.25,
        87.75,
        145.25,
        127.0,
        108.5,
        121.5,
        111.75,
        144.5,
        145.75,
        204.5,
        161.25,
        123.5,
        177.25,
        148.25,
        167.25,
        200.75,
        147.25,
        162.25,
        177.75,
        201.25,
        216.0,
        269.0,
        245.25,
        170.0,
        281.25,
        357.75,
        313.75,
        242.75,
        203.0,
        335.25,
        369.25,
        272.75,
        438.5,
        330.75,
        276.0,
        520.75,
        442.75,
        384.0,
        398.75,
        392.25,
        488.25,
        411.75,
        487.5,
        315.5,
        371.25,
        421.0,
        662.0,
        384.5,
        425.75,
        742.0,
        766.25,
        575.25,
        698.75,
        848.0,
        484.75,
        695.0,
        643.0,
        857.25,
        798.0,
        887.75,
        676.75,
        707.0,
        546.0,
        851.0,
        960.25,
        626.0,
        609.5,
        908.75,
        930.0,
        716.0,
        872.5,
        627.25,
        912.0,
        780.5,
        877.0,
        734.0,
        905.0,
        1000.0,
        877.5,
        619.75,
        940.75,
        789.5,
        1000.0,
        1000.0,
        1000.0
    ]
}