{
    "steps": [
        10031,
        20086,
        30660,
        42582,
        55177,
        66077,
        77576,
        89845,
        102165,
        113218,
        124956,
        136678,
        148468,
        159634,
        170690,
        181063,
        192395,
        202723,
        213827,
        224716,
        237143,
        249379,
        261607,
        274043,
        285226,
        296443,
        306954,
        318795,
        331426,
        343976,
        356298,
        370318,
        382978,
        393397,
        406519,
        417802,
        427824,
        441398,
        453120,
        464609,
        477097,
        487606,
        502321,
        516174,
        532216,
        547145,
        557674,
        572140,
        587382,
        602039,
        614393,
        628620,
        639929,
        650951,
        662992,
        675824,
        691249,
        704753,
        717216,
        730430,
        744979,
        765666,
        783539,
        800463,
        819124,
        834412,
        846570,
        857142,
        868270,
        889419,
        899547,
        909570,
        920778,
        933762,
        946481,
        957546,
        970930,
        985061,
        998098,
        1010309
    ],
    "avg_episodic_reward": [
        15.434759964309176,
        87.94514991076304,
        89.23556522486967,
        150.02142931793773,
        189.72827738490406,
        177.2033035343332,
        211.5349667369429,
        194.26112148709797,
        238.35531265029869,
        243.4824253593497,
        296.11534302978873,
        246.31851199516186,
        314.5615444436623,
        304.3803308520727,
        276.3034850886442,
        266.88302436788683,
        269.930387890569,
        263.7592239282698,
        280.0418583782595,
        272.0007011156124,
        281.91935159518573,
        310.2908985404438,
        319.88362058033204,
        303.9765617814419,
        303.2921343459089,
        263.8352542651721,
        265.33803462099945,
        294.20502999428334,
        327.9234297406191,
        329.043298401254,
        303.198942040308,
        405.096921525476,
        342.889995137612,
        333.78122615582294,
        335.07615647116353,
        341.65868798853086,
        360.115719587934,
        345.3759361995209,
        349.6436350811863,
        320.3226870323541,
        362.06823559382826,
        347.37165139153456,
        349.8002989996032,
        347.58144585680793,
        415.7052478521245,
        361.8948440952716,
        435.1786113756234,
        342.67235759580007,
        538.9264659077226,
        482.3198939665317,
        368.8575245478125,
        508.99162694499444,
        399.68576279308274,
        474.9000163043745,
        433.52726582088263,
        352.49435891311134,
        447.9509210095709,
        371.9662809405342,
        416.57871224789636,
        439.82319855934827,
        413.26435918309403,
        689.59407632632,
        497.48428189860044,
        441.7556532309786,
        615.1740256313655,
        465.4765265913811,
        731.2288528244283,
        617.8220255342997,
        629.1680884328721,
        752.7064702772032,
        612.770792134367,
        580.3725614978623,
        657.1914564904505,
        760.1276786500814,
        750.618043883307,
        609.345952130092,
        793.4267502410391,
        878.4956513078024,
        795.4441731194319,
        715.6054598545152
    ],
    "avg_episode_length": [
        42.0625,
        91.5625,
        108.3125,
        149.3125,
        163.4375,
        170.125,
        173.0,
        180.625,
        167.6875,
        158.4375,
        186.5,
        168.5625,
        191.75,
        189.6875,
        154.1875,
        146.625,
        172.6875,
        156.3125,
        175.0,
        151.75,
        171.125,
        199.0625,
        209.9375,
        225.4375,
        176.1875,
        158.5625,
        147.6875,
        172.3125,
        218.9375,
        205.0,
        193.8125,
        286.3125,
        219.5625,
        224.0625,
        258.1875,
        245.1875,
        305.4375,
        265.5625,
        279.0625,
        211.5625,
        335.625,
        314.75,
        316.5625,
        268.0,
        381.3125,
        321.3125,
        344.8125,
        280.0625,
        553.375,
        467.0,
        299.125,
        472.25,
        359.625,
        425.625,
        333.4375,
        375.0,
        387.5625,
        349.0,
        400.5,
        431.6875,
        420.0625,
        693.25,
        535.25,
        479.0,
        612.8125,
        410.9375,
        759.875,
        660.75,
        695.5,
        774.3125,
        633.0,
        626.4375,
        700.5,
        811.5,
        794.9375,
        691.5625,
        836.5,
        883.1875,
        814.8125,
        763.1875
    ]
}