{
    "steps": [
        10087,
        21094,
        32057,
        43074,
        53122,
        63471,
        74574,
        85846,
        96711,
        107541,
        118859,
        130270,
        141750,
        153212,
        164103,
        175483,
        186736,
        198396,
        209443,
        220606,
        231870,
        243019,
        254440,
        265846,
        277267,
        289039,
        299881,
        311080,
        322198,
        333780,
        344787,
        355932,
        367392,
        378579,
        390018,
        401083,
        412459,
        423598,
        434658,
        445724,
        457123,
        468117,
        479046,
        489866,
        500937,
        512144,
        523214,
        534055,
        545113,
        556332,
        567447,
        578846,
        589721,
        600565,
        611857,
        623261,
        634338,
        645722,
        657006,
        667920,
        679641,
        690301,
        701577,
        712595,
        723840,
        735024,
        746269,
        757050,
        768064,
        778851,
        789601,
        800820,
        811856,
        822869,
        833434,
        844702,
        855581,
        866489,
        877200,
        888837,
        899770,
        910826,
        922043,
        933058,
        944295,
        955427,
        966373,
        977334,
        988593,
        999886
    ],
    "avg_episodic_reward": [
        139.35693353238787,
        184.32808925440148,
        254.48918793798597,
        278.17991687518986,
        292.14370593304227,
        295.14097101556166,
        318.09415281326466,
        324.8946675773657,
        297.43732079126926,
        318.16766786508714,
        316.64195379013324,
        307.4925016813512,
        330.1197978104361,
        343.65542981812825,
        318.1566727051935,
        336.9573685297322,
        325.9453499650233,
        357.76294682464993,
        322.28247233796736,
        301.13030305823395,
        305.7960286966172,
        311.6210488994707,
        323.7508531210437,
        333.36054704631147,
        330.9193097189594,
        348.4385410286825,
        334.47311683272585,
        356.8431772946292,
        334.14736675862855,
        360.91252178043646,
        318.7682934900828,
        303.0319880049168,
        313.1602564433073,
        322.2937592201607,
        284.109444389397,
        329.9064681056521,
        353.07282191108806,
        343.0073154094844,
        331.03144518832516,
        304.4647969266425,
        329.5626994920459,
        315.8629667509516,
        280.92580187665135,
        308.895868746363,
        329.1264006639532,
        290.8734919839376,
        304.9189598872655,
        311.78251878617687,
        333.006981117576,
        318.73255410952083,
        336.2212162385706,
        349.1242175606147,
        330.9389908601398,
        318.7954678758316,
        314.29089584159556,
        305.2754314077262,
        311.9253976606658,
        321.7746293072487,
        334.20961239580265,
        321.69351406512953,
        316.89119973705067,
        294.18446087547227,
        335.85688421334754,
        323.0226255798626,
        325.9841166762908,
        342.5317324221953,
        323.17062938948504,
        327.9832663956476,
        319.312905540132,
        309.7553465164268,
        330.8077041375437,
        319.4434380625081,
        307.731525544041,
        330.6653520493021,
        309.0627337751026,
        326.88481408047824,
        318.61430203820487,
        324.5061634453564,
        315.9001607059615,
        316.47557258110726,
        322.27859221496567,
        354.8395259815605,
        339.89702384634194,
        315.31057420129775,
        332.8599832366488,
        336.01138616250586,
        321.2793383703626,
        322.82243102754387,
        321.0722457635798,
        329.4029404818442
    ],
    "avg_episode_length": [
        15.0625,
        19.9375,
        27.53125,
        30.0625,
        31.5625,
        31.875,
        34.328125,
        35.0625,
        32.140625,
        34.359375,
        34.15625,
        33.21875,
        35.625,
        37.09375,
        34.34375,
        36.34375,
        35.171875,
        38.59375,
        34.78125,
        32.515625,
        33.03125,
        33.640625,
        34.9375,
        35.96875,
        35.703125,
        37.609375,
        36.09375,
        38.5,
        36.0625,
        38.921875,
        34.421875,
        32.71875,
        33.8125,
        34.796875,
        30.6875,
        35.59375,
        38.09375,
        37.0,
        35.71875,
        32.875,
        35.5625,
        34.078125,
        30.34375,
        33.34375,
        35.5,
        31.40625,
        32.9375,
        33.671875,
        35.9375,
        34.40625,
        36.28125,
        37.65625,
        35.703125,
        34.40625,
        33.9375,
        32.984375,
        33.6875,
        34.734375,
        36.0625,
        34.71875,
        34.21875,
        31.78125,
        36.234375,
        34.859375,
        35.171875,
        36.9375,
        34.859375,
        35.375,
        34.453125,
        33.421875,
        35.6875,
        34.46875,
        33.203125,
        35.671875,
        33.375,
        35.28125,
        34.390625,
        35.015625,
        34.09375,
        34.15625,
        34.78125,
        38.265625,
        36.65625,
        34.03125,
        35.921875,
        36.25,
        34.671875,
        34.8125,
        34.65625,
        35.546875
    ]
}