{
    "steps": [
        16000,
        32000,
        48000,
        64000,
        80000,
        96000,
        112000,
        128000,
        144000,
        160000,
        176000,
        192000,
        208000,
        224000,
        240000,
        256000,
        272000,
        288000,
        304000,
        320000,
        336000,
        352000,
        368000,
        384000,
        400000,
        416000,
        432000,
        448000,
        464000,
        480000,
        496000,
        512000,
        528000,
        544000,
        560000,
        576000,
        592000,
        608000,
        624000,
        640000,
        656000,
        672000,
        688000,
        704000,
        720000,
        736000,
        752000,
        768000,
        784000,
        800000,
        816000,
        832000,
        848000,
        864000,
        880000,
        896000,
        912000,
        928000,
        944000,
        960000,
        976000,
        992000,
        1008000
    ],
    "avg_episodic_reward": [
        -358.09625636222995,
        -332.6807976609505,
        -325.54975005843806,
        -354.1768161168693,
        -332.77973331483224,
        -397.68901023855074,
        -370.5226331431592,
        -337.40956681850435,
        -335.9668609775191,
        -393.074239238087,
        -336.0266242212567,
        -337.384879693941,
        -340.62256214329676,
        -340.58439237913694,
        -355.8790389892092,
        -334.6119386991493,
        -320.7749500109769,
        -338.6057252307205,
        -288.42789638025124,
        -331.5757750496157,
        -302.57774273724885,
        -319.18957895056235,
        -329.7089811360744,
        -344.8459015074495,
        -396.9903513121873,
        -283.80433026446417,
        -293.9481417998438,
        -307.5245169199113,
        -289.401465524636,
        -311.87124876471626,
        -284.3808340958824,
        -327.41983083929057,
        -281.39302727187874,
        -282.39841805901824,
        -266.89117189668696,
        -329.6207780764105,
        -274.6848509596373,
        -307.49239148516324,
        -255.38994317801553,
        -278.698868067081,
        -285.75390916634154,
        -283.1818177409716,
        -293.8884901193936,
        -269.51933732836625,
        -300.9760149535289,
        -264.4109016235166,
        -272.3779792593098,
        -310.56399227838386,
        -245.29240576312674,
        -269.7890796935607,
        -251.35775997724625,
        -272.28209070622404,
        -259.4561624022669,
        -284.8596242834434,
        -241.7404201959034,
        -285.35603672099467,
        -244.53177927594402,
        -300.80802320440716,
        -229.85697020998887,
        -238.53069407424067,
        -275.0911290221208,
        -272.6879302813269,
        -250.50124849995373
    ],
    "avg_episode_length": [
        1000.0,
        1000.0,
        1000.0,
        1000.0,
        1000.0,
        1000.0,
        1000.0,
        1000.0,
        1000.0,
        1000.0,
        1000.0,
        1000.0,
        1000.0,
        1000.0,
        1000.0,
        1000.0,
        1000.0,
        1000.0,
        1000.0,
        1000.0,
        1000.0,
        1000.0,
        1000.0,
        1000.0,
        1000.0,
        1000.0,
        1000.0,
        1000.0,
        1000.0,
        1000.0,
        1000.0,
        1000.0,
        1000.0,
        1000.0,
        1000.0,
        1000.0,
        1000.0,
        1000.0,
        1000.0,
        1000.0,
        1000.0,
        1000.0,
        1000.0,
        1000.0,
        1000.0,
        1000.0,
        1000.0,
        1000.0,
        1000.0,
        1000.0,
        1000.0,
        1000.0,
        1000.0,
        1000.0,
        1000.0,
        1000.0,
        1000.0,
        1000.0,
        1000.0,
        1000.0,
        1000.0,
        1000.0,
        1000.0
    ]
}