{
    "steps": [
        10137,
        20275,
        30891,
        41285,
        51403,
        61609,
        72058,
        82438,
        92674,
        103583,
        113626,
        124570,
        135430,
        146364,
        156970,
        167218,
        177575,
        187983,
        199506,
        209620,
        219933,
        230071,
        241006,
        251140,
        261141,
        271327,
        281936,
        291967,
        303058,
        313174,
        323999,
        335108,
        345613,
        355684,
        366693,
        378189,
        389631,
        400649,
        410875,
        421946,
        432131,
        442565,
        455290,
        467070,
        480778,
        493746,
        503772,
        515769,
        527641,
        537934,
        550257,
        561453,
        574221,
        585399,
        598953,
        609781,
        621355,
        635120,
        647782,
        660439,
        671629,
        685439,
        695757,
        707757,
        718968,
        729964,
        741086,
        752259,
        764259,
        775459,
        785498,
        797048,
        808801,
        819586,
        831498,
        843498,
        854685,
        867267,
        877871,
        889823,
        901036,
        912091,
        924091,
        936091,
        948078,
        959276,
        970612,
        982325,
        994345
    ],
    "avg_episodic_reward": [
        24.668908033682996,
        34.270935619195726,
        215.16668102632218,
        194.2578080740464,
        214.49730702473326,
        312.8385944384702,
        248.49731140845435,
        234.48773877990664,
        307.8803747683106,
        505.26286412617304,
        269.5251823939343,
        283.402938511103,
        342.2017009535317,
        290.78569327874425,
        294.147972718239,
        208.9223433494337,
        320.59097824472235,
        218.68659915651628,
        408.54197042499425,
        305.9358112879002,
        481.49125502935436,
        401.2415557843236,
        429.10873516681323,
        577.7020056020251,
        254.1868468872134,
        308.499226328203,
        300.0479512536825,
        337.51442103862746,
        575.1604114878348,
        433.03490005880724,
        381.68343497410604,
        741.159018976202,
        402.6458103355393,
        442.8969969659232,
        621.1786453866252,
        601.3778424253815,
        408.1231985848323,
        337.9420439561169,
        471.961351796063,
        284.78764947603656,
        294.3401967158377,
        695.2221099034467,
        793.5457833653152,
        669.39291321583,
        955.8930910104024,
        908.7211807451537,
        943.0931487413561,
        821.1443716281334,
        757.3479333958378,
        957.9480563998719,
        792.8562981369685,
        799.6151561808604,
        959.9618751982061,
        653.2725373263775,
        961.3759957950083,
        954.1706237572988,
        526.9302661612478,
        975.0626703451742,
        985.4454320783816,
        963.0470161661528,
        958.8153631409234,
        1003.4989165704096,
        948.7982275271239,
        947.7879121687727,
        828.4700535658853,
        935.1844122411806,
        967.286603816233,
        1008.8465896219826,
        1004.1375395449672,
        988.2047665943144,
        731.1653674364384,
        894.565473295877,
        999.3715275086827,
        897.2120614661995,
        1010.3747396121012,
        979.149122939722,
        996.2405834293472,
        1023.7653819347167,
        821.5120981098326,
        979.5107306759807,
        840.926515369139,
        1016.3463117134116,
        1022.1702644342638,
        1022.1531403532764,
        794.9915796580382,
        998.512255962678,
        889.3275937242579,
        1013.5107099858471,
        679.4149239677748
    ],
    "avg_episode_length": [
        52.0,
        80.0,
        156.0,
        180.5,
        192.75,
        260.0,
        166.0,
        302.5,
        249.5,
        419.75,
        305.75,
        268.25,
        249.25,
        290.25,
        173.5,
        158.5,
        207.25,
        172.25,
        402.75,
        180.75,
        434.5,
        315.25,
        347.5,
        507.75,
        144.5,
        187.5,
        180.5,
        257.5,
        515.25,
        324.0,
        371.75,
        700.0,
        318.0,
        392.0,
        635.75,
        572.5,
        395.0,
        319.5,
        478.75,
        312.5,
        260.25,
        710.0,
        798.0,
        679.25,
        997.25,
        962.5,
        1000.0,
        796.0,
        786.25,
        1000.0,
        789.25,
        795.0,
        1000.0,
        600.5,
        1000.0,
        1000.0,
        446.0,
        1000.0,
        1000.0,
        1000.0,
        1000.0,
        1000.0,
        1000.0,
        1000.0,
        802.75,
        969.5,
        1000.0,
        1000.0,
        1000.0,
        1000.0,
        792.5,
        887.5,
        1000.0,
        913.5,
        1000.0,
        1000.0,
        1000.0,
        1000.0,
        791.0,
        1000.0,
        803.25,
        1000.0,
        1000.0,
        1000.0,
        806.75,
        1000.0,
        834.0,
        1000.0,
        624.5
    ]
}