{
    "steps": [
        10240,
        20480,
        30720,
        40960,
        51200,
        61440,
        71680,
        81920,
        92160,
        102400,
        112640,
        122880,
        133120,
        143360,
        153600,
        163840,
        174080,
        184320,
        194560,
        204800,
        215040,
        225280,
        235520,
        245760,
        256000,
        266240,
        276480,
        286720,
        296960,
        307200,
        317440,
        327680,
        337920,
        348160,
        358400,
        368640,
        378880,
        389120,
        399360,
        409600,
        419840,
        430080,
        440320,
        450560,
        460800,
        471040,
        481280,
        491520,
        501760,
        512000,
        522240,
        532480,
        542720,
        552960,
        563200,
        573440,
        583680,
        593920,
        604160,
        614400,
        624640,
        634880,
        645120,
        655360,
        665600,
        675840,
        686080,
        696320,
        706560,
        716800,
        727040,
        737280,
        747520,
        757760,
        768000,
        778240,
        788480,
        798720,
        808960,
        819200,
        829440,
        839680,
        849920,
        860160,
        870400,
        880640,
        890880,
        901120,
        911360,
        921600,
        931840,
        942080,
        952320,
        962560,
        972800,
        983040,
        993280
    ],
    "avg_episodic_reward": [
        -321.79311622738476,
        -373.9450792246159,
        -302.3513959257418,
        -383.2836962482112,
        -334.43923690931285,
        -245.83120904826478,
        -324.1764809712986,
        -250.51431728048195,
        -208.64297609259023,
        -177.5436192281283,
        -122.91865497201226,
        -184.50996676644766,
        -40.58023189651662,
        43.3008817232785,
        107.62285589197194,
        148.60940630542393,
        393.4206414724654,
        336.9186826278672,
        80.4752670430006,
        230.43417954692848,
        596.0679570905035,
        136.76934992974572,
        669.5653410866823,
        412.49610725688956,
        692.4774387264666,
        440.49426023677836,
        676.9559498625988,
        770.6634282647354,
        668.0704005306545,
        743.0001407438826,
        449.4997342029735,
        740.5255647317658,
        894.028631082555,
        1014.1125509883136,
        694.601237670709,
        1025.049555477808,
        1007.2153933194916,
        950.7025675452467,
        971.2366009506602,
        1002.1219376001112,
        758.5588311674153,
        1036.1111928826608,
        814.9141247144217,
        1057.5168925478165,
        1052.821308644835,
        1020.1377405823923,
        1097.256132789165,
        1116.1975870030499,
        1088.0298715076603,
        1076.073483587299,
        399.32822163786864,
        986.270655020749,
        991.7493212220552,
        969.319272485809,
        1131.3714585509665,
        1091.4319799207615,
        1007.3174856446684,
        1067.8161630216714,
        1152.7569305755205,
        1039.7839198985346,
        1027.2245714567655,
        1140.1160018954736,
        1070.4242552884607,
        1241.2595630551532,
        1088.070731182786,
        1177.2453735537838,
        1169.8066434595025,
        1191.5894100799906,
        1170.2299225120953,
        1185.8436605687557,
        1066.365614400347,
        1150.0171242550555,
        1255.8624490559446,
        1127.8362821852593,
        1143.538638677245,
        1225.0585254768844,
        1090.7159580275957,
        1089.2997042772743,
        1062.975744672134,
        966.1488286257479,
        1264.1932460287417,
        719.0025343676399,
        1231.7834694973335,
        1186.563087927474,
        1073.4976878714685,
        1192.155562278554,
        1276.3664553600267,
        1263.347084228918,
        1339.132819491037,
        1329.1823142510316,
        1075.280577530331,
        1340.4911994979032,
        1263.8801063880962,
        1204.1879308746447,
        1284.0407315012358,
        1351.8145999961407,
        1320.4226554602458
    ],
    "avg_episode_length": [
        1000.0,
        1000.0,
        1000.0,
        1000.0,
        1000.0,
        1000.0,
        1000.0,
        1000.0,
        1000.0,
        1000.0,
        1000.0,
        1000.0,
        1000.0,
        1000.0,
        1000.0,
        1000.0,
        1000.0,
        1000.0,
        1000.0,
        1000.0,
        1000.0,
        1000.0,
        1000.0,
        1000.0,
        1000.0,
        1000.0,
        1000.0,
        1000.0,
        1000.0,
        1000.0,
        1000.0,
        1000.0,
        1000.0,
        1000.0,
        1000.0,
        1000.0,
        1000.0,
        1000.0,
        1000.0,
        1000.0,
        1000.0,
        1000.0,
        1000.0,
        1000.0,
        1000.0,
        1000.0,
        1000.0,
        1000.0,
        1000.0,
        1000.0,
        1000.0,
        1000.0,
        1000.0,
        1000.0,
        1000.0,
        1000.0,
        1000.0,
        1000.0,
        1000.0,
        1000.0,
        1000.0,
        1000.0,
        1000.0,
        1000.0,
        1000.0,
        1000.0,
        1000.0,
        1000.0,
        1000.0,
        1000.0,
        1000.0,
        1000.0,
        1000.0,
        1000.0,
        1000.0,
        1000.0,
        1000.0,
        1000.0,
        1000.0,
        1000.0,
        1000.0,
        1000.0,
        1000.0,
        1000.0,
        1000.0,
        1000.0,
        1000.0,
        1000.0,
        1000.0,
        1000.0,
        1000.0,
        1000.0,
        1000.0,
        1000.0,
        1000.0,
        1000.0,
        1000.0
    ]
}