{
    "steps": [
        10240,
        20480,
        30720,
        40960,
        51200,
        61440,
        71680,
        81920,
        92160,
        102400,
        112640,
        122880,
        133120,
        143360,
        153600,
        163840,
        174080,
        184320,
        194560,
        204800,
        215040,
        225280,
        235520,
        245760,
        256000,
        266240,
        276480,
        286720,
        296960,
        307200,
        317440,
        327680,
        337920,
        348160,
        358400,
        368640,
        378880,
        389120,
        399360,
        409600,
        419840,
        430080,
        440320,
        450560,
        460800,
        471040,
        481280,
        491520,
        501760,
        512000,
        522240,
        532480,
        542720,
        510464,
        520704,
        530944,
        541184,
        551424,
        561664,
        571904,
        582144,
        592384,
        602624,
        612864,
        623104,
        633344,
        643584,
        653824,
        664064,
        674304,
        684544,
        694784,
        705024,
        715264,
        725504,
        735744,
        745984,
        756224,
        766464,
        776704,
        786944,
        797184,
        807424,
        817664,
        827904,
        838144,
        848384,
        858624,
        868864,
        879104,
        889344,
        899584,
        909824,
        920064,
        930304,
        940544,
        950784,
        961024,
        971264,
        981504,
        991744
    ],
    "avg_episodic_reward": [
        175.8732083387836,
        251.7041911839399,
        283.81963833616896,
        315.831138563755,
        288.90957449954414,
        341.2900161705878,
        420.6043641493652,
        401.37852158680363,
        788.9260862911575,
        301.1467679675644,
        690.3722058245331,
        124.35608792119797,
        143.9907385285653,
        156.32327312082654,
        260.7825036709748,
        292.9839844537202,
        443.35286784452546,
        675.6075215264809,
        623.8613980810496,
        855.7968786638925,
        981.6161612832827,
        3057.607807787306,
        147.5986440194102,
        2541.938024810734,
        1669.9104269005313,
        318.0114754293384,
        223.92422481442802,
        256.720200137064,
        306.0408828136584,
        489.5426229628149,
        478.94665590285575,
        574.5208732713983,
        142.61925483397826,
        9353.145440723873,
        9351.219799368831,
        194.5034441292688,
        511.1439493015141,
        423.2230332364019,
        871.5382071912826,
        3955.8172017025126,
        2676.936518648007,
        220.90961197455982,
        1093.8112588901545,
        9347.595142055485,
        null,
        null,
        1149.8031603198249,
        4758.185374605636,
        1211.0665603342156,
        757.8597988582524,
        9346.146335261865,
        5938.425710746108,
        null,
        null,
        4584.60214386171,
        1246.6856805907078,
        1481.7609778727938,
        9352.270677565943,
        null,
        1813.8017227064508,
        9345.941199352383,
        null,
        2079.1024737447005,
        9351.27324469924,
        null,
        9356.368039890733,
        9356.522081774197,
        null,
        null,
        null,
        4468.6283510575295,
        2018.9297761441005,
        null,
        null,
        899.7937185727232,
        9345.016194621634,
        null,
        null,
        9355.530394640085,
        428.9248394436025,
        379.07289120675676,
        null,
        null,
        1544.132599165787,
        null,
        9347.501066469258,
        null,
        2738.166768409236,
        1494.6546242662869,
        9351.510838450506,
        5566.653158595055,
        2159.66061392955,
        null,
        2077.0787325987944,
        null,
        null,
        null,
        null,
        9357.65283986182,
        4793.257991479968,
        3383.716498241907
    ],
    "avg_episode_length": [
        19.03846153846154,
        27.166666666666668,
        30.6875,
        34.06666666666667,
        31.235294117647058,
        36.84615384615385,
        45.36363636363637,
        43.27272727272727,
        84.83333333333333,
        32.5625,
        74.375,
        13.545454545454545,
        15.727272727272727,
        17.033333333333335,
        28.263157894736842,
        31.625,
        47.63636363636363,
        72.42857142857143,
        67.0,
        91.83333333333333,
        105.4,
        327.5,
        16.03125,
        272.0,
        179.0,
        34.266666666666666,
        24.38095238095238,
        27.77777777777778,
        33.0,
        52.55555555555556,
        51.4,
        61.625,
        15.515151515151516,
        1000.0,
        1000.0,
        21.08,
        54.888888888888886,
        45.54545454545455,
        93.66666666666667,
        424.0,
        287.0,
        23.952380952380953,
        117.25,
        1000.0,
        null,
        null,
        123.6,
        509.5,
        129.83333333333334,
        81.42857142857143,
        1000.0,
        636.0,
        null,
        null,
        491.0,
        133.75,
        159.0,
        1000.0,
        null,
        194.5,
        1000.0,
        null,
        222.75,
        1000.0,
        null,
        1000.0,
        1000.0,
        null,
        null,
        null,
        478.0,
        216.0,
        null,
        null,
        96.5,
        1000.0,
        null,
        null,
        1000.0,
        46.1,
        40.75,
        null,
        null,
        165.25,
        null,
        1000.0,
        null,
        293.0,
        160.0,
        1000.0,
        596.0,
        231.0,
        null,
        222.33333333333334,
        null,
        null,
        null,
        null,
        1000.0,
        512.5,
        362.0
    ]
}