{
    "steps": [
        10186,
        20461,
        30740,
        40788,
        50864,
        61427,
        71683,
        81753,
        92427,
        102813,
        113332,
        123398,
        133740,
        143970,
        154266,
        164273,
        174595,
        184601,
        194774,
        204930,
        214940,
        225726,
        235763,
        245900,
        256275,
        266523,
        277674,
        288545,
        299276,
        309880,
        320406,
        330669,
        340735,
        350986,
        361349,
        372184,
        382913,
        393106,
        403519,
        414410,
        424841,
        435035,
        445188,
        455523,
        466026,
        476337,
        486990,
        497192,
        507337,
        517364,
        528162,
        538430,
        548534,
        558765,
        569264,
        579416,
        589811,
        600318,
        610578,
        620804,
        630975,
        641156,
        651431,
        661800,
        672038,
        682324,
        692821,
        703060,
        713563,
        723594,
        733730,
        743818,
        754291,
        764307,
        774790,
        785116,
        795171,
        805503,
        815698,
        825877,
        836041,
        846614,
        856996,
        867043,
        877150,
        887737,
        898013,
        908222,
        918537,
        928681,
        938906,
        949185,
        959806,
        970264,
        980486,
        990904
    ],
    "avg_episodic_reward": [
        33.06439601621804,
        123.48928298844856,
        128.65769522983493,
        207.74553863969112,
        190.57917545741503,
        197.92448136307772,
        259.7142339579551,
        205.1976526506418,
        269.4178454431518,
        241.96355418108564,
        240.11913410861285,
        251.48766822775497,
        240.3197827402486,
        156.09365104866447,
        345.09192961944166,
        248.74444574371745,
        295.2686491218009,
        257.0205381775929,
        297.4676755049394,
        288.2019601768413,
        234.63611504713268,
        357.1087174562978,
        308.51439717904464,
        305.10860693444886,
        238.529619620328,
        248.2238221679885,
        464.34694382231316,
        370.84436351836155,
        310.22322437324624,
        282.8207114191666,
        277.102342764641,
        247.74733288606865,
        276.2036815008066,
        260.51476958152347,
        258.09843929323745,
        439.58951417688365,
        335.0792348799747,
        224.92425047101813,
        232.7814841202551,
        286.92306438860044,
        222.83307974313442,
        252.2195957203568,
        304.4631137100932,
        265.0890876296228,
        252.71763529932446,
        259.4206471527256,
        231.33288543631446,
        296.38782760862205,
        259.93877205684385,
        263.20395808873735,
        418.86006339036464,
        279.29969006814525,
        291.09309273209874,
        254.74242224376053,
        292.83257284493345,
        289.40849173573497,
        267.8675963984904,
        201.3241518553005,
        265.65436923884124,
        255.10777406453795,
        429.0527567247053,
        269.66814466881436,
        256.660152034404,
        261.0092871318151,
        250.986528087258,
        452.9617314014556,
        258.65964651260737,
        257.1331768135703,
        292.09537392383265,
        262.7186419569135,
        255.6020261577225,
        293.6456841079991,
        279.560676704939,
        264.7178201865784,
        264.92272961230725,
        255.82263616349212,
        272.05939716168507,
        250.05283288323113,
        259.22424934577526,
        255.2603027339341,
        347.18452240635406,
        281.7102758348932,
        255.4671364334137,
        279.84886137605173,
        272.3355779920122,
        269.66832590299697,
        277.8163766832844,
        264.8617370436125,
        252.10872950112775,
        304.6395176955491,
        274.0813385434473,
        257.28921069087505,
        308.9437689406871,
        262.7862269933024,
        289.780706862598,
        269.7707803280661
    ],
    "avg_episode_length": [
        71.0,
        102.25,
        95.0,
        126.75,
        146.5,
        148.5,
        146.0,
        151.25,
        198.75,
        135.75,
        196.75,
        145.5,
        184.25,
        136.75,
        260.25,
        138.5,
        174.25,
        144.75,
        173.25,
        172.75,
        179.5,
        238.75,
        188.25,
        178.0,
        182.0,
        134.5,
        374.5,
        317.0,
        194.0,
        162.0,
        157.25,
        133.25,
        158.75,
        142.25,
        141.25,
        380.25,
        216.0,
        168.0,
        179.0,
        225.0,
        164.25,
        137.5,
        182.75,
        153.5,
        136.0,
        203.75,
        176.25,
        178.75,
        143.5,
        151.5,
        339.75,
        158.75,
        173.5,
        139.75,
        167.5,
        167.0,
        148.75,
        149.5,
        146.5,
        137.25,
        373.0,
        153.25,
        139.5,
        143.25,
        136.75,
        356.5,
        141.75,
        139.5,
        169.25,
        146.75,
        138.5,
        176.75,
        161.75,
        146.75,
        147.0,
        137.0,
        154.0,
        135.25,
        141.25,
        138.75,
        225.0,
        161.0,
        143.0,
        157.25,
        150.75,
        150.25,
        159.0,
        149.75,
        136.0,
        181.5,
        156.25,
        139.75,
        188.0,
        143.5,
        169.25,
        149.75
    ]
}