{
    "steps": [
        10240,
        20480,
        30720,
        40960,
        51200,
        61440,
        71680,
        81920,
        10240,
        20480,
        30720,
        40960,
        51200,
        61440,
        71680,
        81920,
        92160,
        102400,
        112640,
        122880,
        133120,
        143360,
        153600,
        163840,
        174080,
        184320,
        194560,
        204800,
        215040,
        225280,
        235520,
        245760,
        256000,
        266240,
        276480,
        286720,
        296960,
        307200,
        317440,
        327680,
        337920,
        348160,
        358400,
        368640,
        378880,
        389120,
        399360,
        409600,
        419840,
        430080,
        440320,
        450560,
        460800,
        471040,
        481280,
        491520,
        501760,
        512000,
        522240,
        532480,
        542720,
        552960,
        563200,
        573440,
        583680,
        593920,
        604160,
        614400,
        624640,
        634880,
        645120,
        655360,
        665600,
        675840,
        686080,
        696320,
        706560,
        716800,
        727040,
        737280,
        747520,
        757760,
        768000,
        778240,
        788480,
        798720,
        808960,
        819200,
        829440,
        839680,
        849920,
        860160,
        870400,
        880640,
        890880,
        901120,
        911360,
        921600,
        931840,
        942080,
        952320,
        962560,
        972800,
        983040,
        993280
    ],
    "avg_episodic_reward": [
        205.07969653431397,
        214.7625468254746,
        201.59377985324568,
        222.7152810583812,
        216.33815755430146,
        236.32771991821363,
        292.22470246435296,
        348.74818106194243,
        205.07969653431397,
        214.7625468254746,
        201.59377985324568,
        222.7152810583812,
        216.33815755430146,
        236.32771991821363,
        292.22470246435296,
        348.74818106194243,
        329.71738344103557,
        332.26354295020593,
        349.16221570427837,
        399.9494053039062,
        413.9273686075958,
        396.02182203710487,
        713.2782194233766,
        433.3416089970478,
        811.9664120603481,
        366.9486710126612,
        470.7966325650877,
        715.5325145738288,
        396.98103769682393,
        450.64352781935884,
        727.9444436759884,
        1149.5020660899454,
        814.2285878005085,
        469.4775291386318,
        527.1753908877754,
        511.4736385413415,
        508.63477588363065,
        707.0947129650294,
        552.6202143563621,
        809.4607622669604,
        1176.740139762903,
        800.710805316202,
        722.6827727436812,
        929.0048931409697,
        1033.7786433475924,
        996.3240553684279,
        685.9599061891989,
        2123.688460288308,
        1048.2670853841496,
        1673.9575534540884,
        540.985280925885,
        1855.0958919988966,
        697.9717852000188,
        null,
        467.0675083101769,
        880.4775782693289,
        null,
        211.41531747929537,
        null,
        413.00600703213183,
        581.5905551310726,
        768.1078061031897,
        861.4651454935818,
        388.4931967590938,
        652.835452780573,
        768.9528224380103,
        556.8543400910766,
        571.0071647374165,
        667.9221133115557,
        545.5754212694729,
        1244.265707904303,
        577.089270984884,
        837.8878758634019,
        582.2144427513614,
        562.7053338156975,
        974.2491040456365,
        547.5956190634547,
        454.3740234736769,
        867.4842464509857,
        811.282117245412,
        775.7483845028421,
        802.8012698999087,
        717.621565984161,
        904.4895847710819,
        607.4125577010052,
        819.4349031529431,
        595.1744192485592,
        1660.7920533564527,
        643.6770432097056,
        803.4896590343168,
        666.2062377826065,
        803.7383069889241,
        600.9900844412582,
        655.3407387057993,
        816.8671089993086,
        859.1790925483197,
        1227.5464990883063,
        734.8296835056377,
        558.653510893638,
        1582.83653731915,
        594.8383144993422,
        745.3418461985166,
        684.3153447468366,
        1091.6719837493395,
        637.0312275619708
    ],
    "avg_episode_length": [
        106.0,
        96.6,
        92.33333333333333,
        97.6,
        103.8,
        117.0,
        153.66666666666666,
        174.0,
        106.0,
        96.6,
        92.33333333333333,
        97.6,
        103.8,
        117.0,
        153.66666666666666,
        174.0,
        150.66666666666666,
        158.33333333333334,
        164.33333333333334,
        176.33333333333334,
        176.0,
        151.33333333333334,
        332.5,
        153.33333333333334,
        273.0,
        178.66666666666666,
        167.0,
        374.0,
        144.0,
        217.0,
        321.0,
        592.0,
        332.0,
        160.66666666666666,
        179.0,
        175.66666666666666,
        170.25,
        233.0,
        188.5,
        252.0,
        429.0,
        259.5,
        241.0,
        290.5,
        333.0,
        321.0,
        219.5,
        740.0,
        348.0,
        522.0,
        193.0,
        645.0,
        223.0,
        null,
        162.33333333333334,
        260.0,
        null,
        113.0,
        null,
        156.5,
        190.66666666666666,
        248.0,
        273.0,
        136.5,
        220.0,
        229.0,
        173.66666666666666,
        188.0,
        254.5,
        185.33333333333334,
        421.0,
        186.66666666666666,
        255.0,
        184.0,
        174.66666666666666,
        322.0,
        192.0,
        157.0,
        277.0,
        260.0,
        251.0,
        254.0,
        249.33333333333334,
        317.5,
        220.5,
        256.3333333333333,
        190.5,
        505.0,
        204.33333333333334,
        263.0,
        211.33333333333334,
        243.33333333333334,
        192.5,
        202.5,
        259.0,
        329.5,
        378.0,
        253.0,
        204.0,
        524.0,
        195.5,
        230.0,
        223.5,
        422.0,
        210.0
    ]
}