{
    "steps": [
        10240,
        20480,
        30720,
        40960,
        51200,
        61440,
        71680,
        81920,
        92160,
        102400,
        112640,
        122880,
        133120,
        143360,
        153600,
        163840,
        174080,
        184320,
        194560,
        204800,
        215040,
        225280,
        235520,
        245760,
        256000,
        266240,
        276480,
        286720,
        296960,
        307200,
        317440,
        327680,
        337920,
        348160,
        358400,
        368640,
        378880,
        389120,
        399360,
        409600,
        419840,
        430080,
        440320,
        450560,
        460800,
        471040,
        481280,
        491520,
        501760,
        512000,
        522240,
        532480,
        542720,
        552960,
        563200,
        573440,
        583680,
        593920,
        604160,
        614400,
        624640,
        634880,
        645120,
        655360,
        665600,
        675840,
        686080,
        696320,
        706560,
        716800,
        727040,
        737280,
        747520,
        757760,
        768000,
        778240,
        788480,
        798720,
        808960,
        819200,
        829440,
        839680,
        849920,
        860160,
        870400,
        880640,
        890880,
        901120,
        911360,
        921600,
        931840,
        942080,
        952320,
        962560,
        972800,
        983040,
        993280
    ],
    "avg_episodic_reward": [
        26.960341444823232,
        21.737627774693593,
        34.273482971016804,
        37.258577574333536,
        37.57460531650796,
        39.73916749126289,
        36.538528629386356,
        40.13151887857538,
        42.731675102253675,
        40.58960971000485,
        42.75359614132462,
        44.09616921107286,
        49.16604883989653,
        60.578436202532934,
        58.137751655345255,
        66.56323812169185,
        71.25574571696046,
        70.33992250136677,
        70.00493655401324,
        72.15386923805741,
        79.89138508855545,
        80.42167924575669,
        79.53938128120511,
        81.30925738481608,
        84.08755080096603,
        80.421573636701,
        86.49220369054508,
        90.00007454627051,
        81.49369158913035,
        85.32880877060532,
        81.04535259670007,
        82.51963032104007,
        80.35350793997827,
        85.46879147396466,
        86.37720280444658,
        91.71604687179473,
        83.08358906076637,
        83.77819244809689,
        86.0538084571806,
        89.65531153291636,
        91.474795425666,
        89.54389137592338,
        94.69567745152219,
        88.75851035018457,
        92.90118932093509,
        94.25663646025959,
        98.21718674814753,
        101.33404064566528,
        98.45764624273056,
        88.66367798360947,
        97.59499604969241,
        104.15820594076555,
        104.2759137397114,
        98.11477873266092,
        104.93541264547335,
        107.25495189553558,
        101.21657811708792,
        99.98921727483122,
        94.14045916758249,
        89.6687026763631,
        91.7687059748319,
        87.90749395906423,
        100.42741885959522,
        104.60732280273187,
        108.61549682953029,
        106.35252258927781,
        96.3642949994703,
        106.17292417171777,
        104.93924256552565,
        115.28124030363742,
        114.99157365502138,
        117.41785286935865,
        114.29134250691925,
        115.75780829615604,
        111.95443614490792,
        114.12867368093795,
        105.3966827260125,
        111.80953037942925,
        113.5056882616011,
        116.98333938894207,
        110.80094752710006,
        112.55511211977651,
        109.76564775511,
        103.46899725142448,
        103.05063295431685,
        104.9089145653131,
        103.89206641346921,
        99.06844791852015,
        60.675638823022666,
        91.00176560131948,
        101.59136654035348,
        105.14216756254902,
        105.07434787663976,
        102.45061443869255,
        101.08722419534261,
        101.78656457535355,
        99.99090560498449
    ],
    "avg_episode_length": [
        1000.0,
        1000.0,
        1000.0,
        1000.0,
        1000.0,
        1000.0,
        1000.0,
        1000.0,
        1000.0,
        1000.0,
        1000.0,
        1000.0,
        1000.0,
        1000.0,
        1000.0,
        1000.0,
        1000.0,
        1000.0,
        1000.0,
        1000.0,
        1000.0,
        1000.0,
        1000.0,
        1000.0,
        1000.0,
        1000.0,
        1000.0,
        1000.0,
        1000.0,
        1000.0,
        1000.0,
        1000.0,
        1000.0,
        1000.0,
        1000.0,
        1000.0,
        1000.0,
        1000.0,
        1000.0,
        1000.0,
        1000.0,
        1000.0,
        1000.0,
        1000.0,
        1000.0,
        1000.0,
        1000.0,
        1000.0,
        1000.0,
        1000.0,
        1000.0,
        1000.0,
        1000.0,
        1000.0,
        1000.0,
        1000.0,
        1000.0,
        1000.0,
        1000.0,
        1000.0,
        1000.0,
        1000.0,
        1000.0,
        1000.0,
        1000.0,
        1000.0,
        1000.0,
        1000.0,
        1000.0,
        1000.0,
        1000.0,
        1000.0,
        1000.0,
        1000.0,
        1000.0,
        1000.0,
        1000.0,
        1000.0,
        1000.0,
        1000.0,
        1000.0,
        1000.0,
        1000.0,
        1000.0,
        1000.0,
        1000.0,
        1000.0,
        1000.0,
        1000.0,
        1000.0,
        1000.0,
        1000.0,
        1000.0,
        1000.0,
        1000.0,
        1000.0,
        1000.0
    ]
}