{
    "steps": [
        12000,
        24000,
        36000,
        48000,
        60000,
        72000,
        84000,
        96000,
        108000,
        120000,
        132000,
        144000,
        156000,
        168000,
        180000,
        192000,
        204000,
        216000,
        228000,
        240000,
        252000,
        264000,
        276000,
        288000,
        300000,
        312000,
        324000,
        336000,
        348000,
        360000,
        372000,
        384000,
        396000,
        408000,
        420000,
        432000,
        444000,
        456000,
        468000,
        480000,
        492000,
        504000,
        516000,
        528000,
        540000,
        552000,
        564000,
        576000,
        588000,
        600000,
        612000,
        624000,
        636000,
        648000,
        660000,
        672000,
        684000,
        696000,
        708000,
        720000,
        732000,
        744000,
        756000,
        768000,
        780000,
        792000,
        804000
    ],
    "avg_episodic_reward": [
        12.98086297963455,
        27.444259293804183,
        41.57114163633503,
        62.320524215619756,
        58.93717321366418,
        77.84578045856517,
        70.86549318895462,
        86.11015988710075,
        75.65537049024364,
        80.78350761494579,
        74.81796253622589,
        92.93177046701128,
        84.9043022725635,
        92.5344575250391,
        81.20926501898612,
        84.50255029750019,
        102.05637196065396,
        94.02010358320149,
        99.99223467181042,
        89.34142038249172,
        102.23786242137317,
        113.27025756898895,
        104.27232291935807,
        101.99022333672809,
        112.01209619046509,
        109.50118870588071,
        129.49001051663407,
        140.10327095304842,
        142.95415036471084,
        141.19504820218813,
        151.94399602670234,
        164.70317387470152,
        154.67679228510013,
        173.57001315798655,
        171.69859849396192,
        171.14957207836827,
        170.76420910851525,
        173.3904113376885,
        180.1098346199481,
        186.2632507769195,
        172.79109815900512,
        182.93628235386385,
        176.18777797236766,
        190.76520829546453,
        203.77821753054064,
        200.9541460009624,
        199.76037198341425,
        206.3682842327621,
        203.96548924895197,
        213.21968815772246,
        207.84582700169858,
        209.00366692797297,
        207.5208363222111,
        208.45125734682466,
        210.88020463963707,
        206.43625107976277,
        202.94302193209455,
        215.6152224510189,
        216.28667498762394,
        214.04880000210795,
        221.16664547666284,
        211.27040764166003,
        224.19146460059522,
        225.21822322617234,
        226.66870156609704,
        226.59036827269796,
        230.94375362990567
    ],
    "avg_episode_length": [
        1000.0,
        1000.0,
        1000.0,
        1000.0,
        1000.0,
        1000.0,
        1000.0,
        1000.0,
        1000.0,
        1000.0,
        1000.0,
        1000.0,
        1000.0,
        1000.0,
        1000.0,
        1000.0,
        1000.0,
        1000.0,
        1000.0,
        1000.0,
        1000.0,
        1000.0,
        1000.0,
        1000.0,
        1000.0,
        1000.0,
        1000.0,
        1000.0,
        1000.0,
        1000.0,
        1000.0,
        1000.0,
        1000.0,
        1000.0,
        1000.0,
        1000.0,
        1000.0,
        1000.0,
        1000.0,
        1000.0,
        1000.0,
        1000.0,
        1000.0,
        1000.0,
        1000.0,
        1000.0,
        1000.0,
        1000.0,
        1000.0,
        1000.0,
        1000.0,
        1000.0,
        1000.0,
        1000.0,
        1000.0,
        1000.0,
        1000.0,
        1000.0,
        1000.0,
        1000.0,
        1000.0,
        1000.0,
        1000.0,
        1000.0,
        1000.0,
        1000.0,
        1000.0
    ]
}