{
    "steps": [
        16000,
        32000,
        48000,
        64000,
        80000,
        96000,
        112000,
        128000,
        144000,
        160000,
        176000,
        192000,
        208000,
        224000,
        240000,
        256000,
        272000,
        288000,
        304000,
        320000,
        336000,
        352000,
        368000,
        384000,
        400000,
        416000,
        432000,
        448000,
        464000,
        480000,
        496000,
        512000,
        528000,
        544000,
        560000,
        576000,
        592000,
        608000,
        624000,
        640000,
        656000,
        672000,
        688000,
        704000,
        720000,
        736000,
        752000,
        768000,
        784000,
        800000,
        816000,
        832000,
        848000,
        864000,
        880000,
        896000,
        912000,
        928000,
        944000,
        960000,
        976000,
        992000,
        1008000
    ],
    "avg_episodic_reward": [
        -377.3365343414206,
        -359.3997758089123,
        -351.31547496711005,
        -406.7536080494261,
        -338.67601113054354,
        -357.91780631170155,
        -354.8248470963763,
        -352.0318861205967,
        -370.22378814863254,
        -354.6046414100258,
        -340.25274732119203,
        -335.0686067535621,
        -317.5103775496478,
        -339.23555717911165,
        -354.4309829669053,
        -348.77957188248854,
        -344.4809011355967,
        -345.4564294620634,
        -335.1819220850115,
        -327.20680237492445,
        -382.7161056794845,
        -352.0670276974595,
        -349.4501574174425,
        -372.0645271065827,
        -345.1722362472033,
        -305.3872189291021,
        -322.17213428743526,
        -329.82730521800704,
        -316.2450953757818,
        -321.7198572115793,
        -285.4280306399108,
        -311.52280261393287,
        -277.45197234506617,
        -348.8770677387912,
        -289.64530965709343,
        -289.81742966781565,
        -283.9385016917796,
        -297.82084156340466,
        -305.8086263227872,
        -286.3483455969178,
        -301.486025558932,
        -275.2197912363256,
        -258.4729883896392,
        -311.8447179991467,
        -263.8931047625297,
        -262.667188033831,
        -280.3223858512898,
        -260.5747940489917,
        -272.76437594765525,
        -296.6437360940672,
        -263.4852599531934,
        -282.66715573327537,
        -246.79661003827184,
        -288.0377812045856,
        -308.67291702237844,
        -254.38450922323375,
        -276.1308686006773,
        -285.95463063358864,
        -265.4718673070513,
        -229.44905849918467,
        -218.43293559146665,
        -215.7497389961198,
        -171.06613688248405
    ],
    "avg_episode_length": [
        1000.0,
        1000.0,
        1000.0,
        1000.0,
        1000.0,
        1000.0,
        1000.0,
        1000.0,
        1000.0,
        1000.0,
        1000.0,
        1000.0,
        1000.0,
        1000.0,
        1000.0,
        1000.0,
        1000.0,
        1000.0,
        1000.0,
        1000.0,
        1000.0,
        1000.0,
        1000.0,
        1000.0,
        1000.0,
        1000.0,
        1000.0,
        1000.0,
        1000.0,
        1000.0,
        1000.0,
        1000.0,
        1000.0,
        1000.0,
        1000.0,
        1000.0,
        1000.0,
        1000.0,
        1000.0,
        1000.0,
        1000.0,
        1000.0,
        1000.0,
        1000.0,
        1000.0,
        1000.0,
        1000.0,
        1000.0,
        1000.0,
        1000.0,
        1000.0,
        1000.0,
        1000.0,
        1000.0,
        1000.0,
        1000.0,
        1000.0,
        1000.0,
        1000.0,
        1000.0,
        1000.0,
        1000.0,
        1000.0
    ]
}